code,region,grupos_de_usuarios_e_importe,periodo,total
00,Total Nacional,Volumen total de agua registrada y distribuida por tipo de usuario,2022,3.151.196
00,Total Nacional,Volumen total de agua registrada y distribuida por tipo de usuario,2020,3.177.815
00,Total Nacional,Volumen total de agua registrada y distribuida por tipo de usuario,2018,3.188.055
00,Total Nacional,Volumen total de agua registrada y distribuida por tipo de usuario,2016,3.199.910
00,Total Nacional,Volumen total de agua registrada y distribuida por tipo de usuario,2014,3.214.034
00,Total Nacional,Volumen total de agua registrada y distribuida por tipo de usuario,2013,3.210.843
00,Total Nacional,Volumen total de agua registrada y distribuida por tipo de usuario,2012,3.338.028
00,Total Nacional,Volumen total de agua registrada y distribuida por tipo de usuario,2011,3.381.318
00,Total Nacional,Volumen total de agua registrada y distribuida por tipo de usuario,2010,3.393.271
00,Total Nacional,Volumen total de agua registrada y distribuida por tipo de usuario,2009,3.500.578
00,Total Nacional,Volumen total de agua registrada y distribuida por tipo de usuario,2008,3.731.399
00,Total Nacional,Volumen total de agua registrada y distribuida por tipo de usuario,2007,3.778.036
00,Total Nacional,Volumen total de agua registrada y distribuida por tipo de usuario,2006,3.913.059
00,Total Nacional,Volumen total de agua registrada y distribuida por tipo de usuario,2005,4.002.180
00,Total Nacional,Volumen total de agua registrada y distribuida por tipo de usuario,2004,4.042.399
00,Total Nacional,Volumen total de agua registrada y distribuida por tipo de usuario,2003,4.019.615
00,Total Nacional,Volumen total de agua registrada y distribuida por tipo de usuario,2002,3.855.697
00,Total Nacional,Volumen total de agua registrada y distribuida por tipo de usuario,2001,3.870.650
00,Total Nacional,Volumen total de agua registrada y distribuida por tipo de usuario,2000,3.781.680
00,Total Nacional,- Sectores económicos,2022,650.451
00,Total Nacional,- Sectores económicos,2020,616.365
00,Total Nacional,- Sectores económicos,2018,629.256
00,Total Nacional,- Sectores económicos,2016,632.504
00,Total Nacional,- Sectores económicos,2014,684.841
00,Total Nacional,- Sectores económicos,2013,694.659
00,Total Nacional,- Sectores económicos,2012,711.170
00,Total Nacional,- Sectores económicos,2011,693.420
00,Total Nacional,- Sectores económicos,2010,675.454
00,Total Nacional,- Sectores económicos,2009,701.655
00,Total Nacional,- Sectores económicos,2008,832.701
00,Total Nacional,- Sectores económicos,2007,852.276
00,Total Nacional,- Sectores económicos,2006,911.264
00,Total Nacional,- Sectores económicos,2005,947.955
00,Total Nacional,- Sectores económicos,2004,969.340
00,Total Nacional,- Sectores económicos,2003,933.309
00,Total Nacional,- Sectores económicos,2002,891.039
00,Total Nacional,- Sectores económicos,2001,920.127
00,Total Nacional,- Sectores económicos,2000,840.165
00,Total Nacional,- Hogares,2022,2.211.620
00,Total Nacional,- Hogares,2020,2.290.800
00,Total Nacional,- Hogares,2018,2.271.205
00,Total Nacional,- Hogares,2016,2.297.352
00,Total Nacional,- Hogares,2014,2.237.746
00,Total Nacional,- Hogares,2013,2.217.686
00,Total Nacional,- Hogares,2012,2.308.872
00,Total Nacional,- Hogares,2011,2.384.386
00,Total Nacional,- Hogares,2010,2.412.708
00,Total Nacional,- Hogares,2009,2.493.842
00,Total Nacional,- Hogares,2008,2.539.891
00,Total Nacional,- Hogares,2007,2.543.714
00,Total Nacional,- Hogares,2006,2.615.751
00,Total Nacional,- Hogares,2005,2.673.564
00,Total Nacional,- Hogares,2004,2.700.928
00,Total Nacional,- Hogares,2003,2.602.904
00,Total Nacional,- Hogares,2002,2.511.810
00,Total Nacional,- Hogares,2001,2.459.548
00,Total Nacional,- Hogares,2000,2.482.085
00,Total Nacional,- Consumos municipales,2022,289.125
00,Total Nacional,- Consumos municipales,2020,270.650
00,Total Nacional,- Consumos municipales,2018,287.594
00,Total Nacional,- Consumos municipales,2016,270.054
00,Total Nacional,- Consumos municipales,2014,291.447
00,Total Nacional,- Consumos municipales,2013,298.498
00,Total Nacional,- Consumos municipales,2012,317.986
00,Total Nacional,- Consumos municipales,2011,303.512
00,Total Nacional,- Consumos municipales,2010,305.109
00,Total Nacional,- Consumos municipales,2009,305.081
00,Total Nacional,- Consumos municipales,2008,358.807
00,Total Nacional,- Consumos municipales,2007,382.046
00,Total Nacional,- Consumos municipales,2006,386.044
00,Total Nacional,- Consumos municipales,2005,380.661
00,Total Nacional,- Consumos municipales,2004,372.131
00,Total Nacional,- Consumos municipales,2003,483.402
00,Total Nacional,- Consumos municipales,2002,452.848
00,Total Nacional,- Consumos municipales,2001,490.975
00,Total Nacional,- Consumos municipales,2000,459.430
00,Total Nacional,Importe facturado por el agua suministrada,2022,3.660.894
00,Total Nacional,Importe facturado por el agua suministrada,2020,3.618.646
00,Total Nacional,Importe facturado por el agua suministrada,2018,3.612.200
00,Total Nacional,Importe facturado por el agua suministrada,2016,3.740.419
00,Total Nacional,Importe facturado por el agua suministrada,2014,3.537.941
00,Total Nacional,Importe facturado por el agua suministrada,2013,3.495.177
00,Total Nacional,Importe facturado por el agua suministrada,2012,3.445.198
00,Total Nacional,Importe facturado por el agua suministrada,2011,3.216.849
00,Total Nacional,Importe facturado por el agua suministrada,2010,3.121.165
00,Total Nacional,Importe facturado por el agua suministrada,2009,3.090.535
00,Total Nacional,Importe facturado por el agua suministrada,2008,3.027.220
00,Total Nacional,Importe facturado por el agua suministrada,2007,2.837.747
00,Total Nacional,Importe facturado por el agua suministrada,2006,2.775.147
00,Total Nacional,Importe facturado por el agua suministrada,2005,2.678.425
00,Total Nacional,Importe facturado por el agua suministrada,2004,2.647.852
00,Total Nacional,Importe facturado por el agua suministrada,2003,2.579.287
00,Total Nacional,Importe facturado por el agua suministrada,2002,2.352.117
00,Total Nacional,Importe facturado por el agua suministrada,2001,2.219.838
00,Total Nacional,Importe facturado por el agua suministrada,2000,2.121.471
00,Total Nacional,Importe total de la inversión en los servicios de suministro,2022,218.429
00,Total Nacional,Importe total de la inversión en los servicios de suministro,2020,242.825
00,Total Nacional,Importe total de la inversión en los servicios de suministro,2018,212.460
00,Total Nacional,Importe total de la inversión en los servicios de suministro,2016,228.873
00,Total Nacional,Importe total de la inversión en los servicios de suministro,2014,250.756
00,Total Nacional,Importe total de la inversión en los servicios de suministro,2013,268.842
00,Total Nacional,Importe total de la inversión en los servicios de suministro,2012,276.530
00,Total Nacional,Importe total de la inversión en los servicios de suministro,2011,363.377
00,Total Nacional,Importe total de la inversión en los servicios de suministro,2010,313.558
00,Total Nacional,Importe total de la inversión en los servicios de suministro,2009,343.623
00,Total Nacional,Importe total de la inversión en los servicios de suministro,2008,467.184
00,Total Nacional,Importe total de la inversión en los servicios de suministro,2007,459.410
00,Total Nacional,Importe total de la inversión en los servicios de suministro,2006,311.233
00,Total Nacional,Importe total de la inversión en los servicios de suministro,2005,289.671
00,Total Nacional,Importe total de la inversión en los servicios de suministro,2004,393.655
00,Total Nacional,Importe total de la inversión en los servicios de suministro,2003,317.921
00,Total Nacional,Importe total de la inversión en los servicios de suministro,2002,283.997
00,Total Nacional,Importe total de la inversión en los servicios de suministro,2001,329.458
00,Total Nacional,Importe total de la inversión en los servicios de suministro,2000,453.499
00,Total Nacional,Longitud de la red de suministro (km),2022,273.399
00,Total Nacional,Longitud de la red de suministro (km),2020,266.221
00,Total Nacional,Longitud de la red de suministro (km),2018,264.309
00,Total Nacional,Longitud de la red de suministro (km),2016,256.984
00,Total Nacional,Longitud de la red de suministro (km),2014,260.193
00,Total Nacional,Longitud de la red de suministro (km),2013,272.051
00,Total Nacional,Longitud de la red de suministro (km),2012,..
00,Total Nacional,Longitud de la red de suministro (km),2011,..
00,Total Nacional,Longitud de la red de suministro (km),2010,..
00,Total Nacional,Longitud de la red de suministro (km),2009,..
00,Total Nacional,Longitud de la red de suministro (km),2008,..
00,Total Nacional,Longitud de la red de suministro (km),2007,..
00,Total Nacional,Longitud de la red de suministro (km),2006,..
00,Total Nacional,Longitud de la red de suministro (km),2005,..
00,Total Nacional,Longitud de la red de suministro (km),2004,..
00,Total Nacional,Longitud de la red de suministro (km),2003,..
00,Total Nacional,Longitud de la red de suministro (km),2002,..
00,Total Nacional,Longitud de la red de suministro (km),2001,..
00,Total Nacional,Longitud de la red de suministro (km),2000,..
01,Andalucía,Volumen total de agua registrada y distribuida por tipo de usuario,2022,600.727
01,Andalucía,Volumen total de agua registrada y distribuida por tipo de usuario,2020,571.979
01,Andalucía,Volumen total de agua registrada y distribuida por tipo de usuario,2018,544.382
01,Andalucía,Volumen total de agua registrada y distribuida por tipo de usuario,2016,540.794
01,Andalucía,Volumen total de agua registrada y distribuida por tipo de usuario,2014,557.113
01,Andalucía,Volumen total de agua registrada y distribuida por tipo de usuario,2013,547.493
01,Andalucía,Volumen total de agua registrada y distribuida por tipo de usuario,2012,576.176
01,Andalucía,Volumen total de agua registrada y distribuida por tipo de usuario,2011,577.958
01,Andalucía,Volumen total de agua registrada y distribuida por tipo de usuario,2010,586.083
01,Andalucía,Volumen total de agua registrada y distribuida por tipo de usuario,2009,634.697
01,Andalucía,Volumen total de agua registrada y distribuida por tipo de usuario,2008,664.876
01,Andalucía,Volumen total de agua registrada y distribuida por tipo de usuario,2007,674.428
01,Andalucía,Volumen total de agua registrada y distribuida por tipo de usuario,2006,765.376
01,Andalucía,Volumen total de agua registrada y distribuida por tipo de usuario,2005,839.417
01,Andalucía,Volumen total de agua registrada y distribuida por tipo de usuario,2004,784.226
01,Andalucía,Volumen total de agua registrada y distribuida por tipo de usuario,2003,737.567
01,Andalucía,Volumen total de agua registrada y distribuida por tipo de usuario,2002,702.959
01,Andalucía,Volumen total de agua registrada y distribuida por tipo de usuario,2001,694.716
01,Andalucía,Volumen total de agua registrada y distribuida por tipo de usuario,2000,667.280
01,Andalucía,- Sectores económicos,2022,113.093
01,Andalucía,- Sectores económicos,2020,103.655
01,Andalucía,- Sectores económicos,2018,109.319
01,Andalucía,- Sectores económicos,2016,98.120
01,Andalucía,- Sectores económicos,2014,115.286
01,Andalucía,- Sectores económicos,2013,125.289
01,Andalucía,- Sectores económicos,2012,126.719
01,Andalucía,- Sectores económicos,2011,95.269
01,Andalucía,- Sectores económicos,2010,97.639
01,Andalucía,- Sectores económicos,2009,102.538
01,Andalucía,- Sectores económicos,2008,139.007
01,Andalucía,- Sectores económicos,2007,148.664
01,Andalucía,- Sectores económicos,2006,175.802
01,Andalucía,- Sectores económicos,2005,189.991
01,Andalucía,- Sectores económicos,2004,172.755
01,Andalucía,- Sectores económicos,2003,149.797
01,Andalucía,- Sectores económicos,2002,120.917
01,Andalucía,- Sectores económicos,2001,119.347
01,Andalucía,- Sectores económicos,2000,105.543
01,Andalucía,- Hogares,2022,435.906
01,Andalucía,- Hogares,2020,427.534
01,Andalucía,- Hogares,2018,392.141
01,Andalucía,- Hogares,2016,395.574
01,Andalucía,- Hogares,2014,386.102
01,Andalucía,- Hogares,2013,366.154
01,Andalucía,- Hogares,2012,389.257
01,Andalucía,- Hogares,2011,423.304
01,Andalucía,- Hogares,2010,429.266
01,Andalucía,- Hogares,2009,464.854
01,Andalucía,- Hogares,2008,460.019
01,Andalucía,- Hogares,2007,457.745
01,Andalucía,- Hogares,2006,513.383
01,Andalucía,- Hogares,2005,558.838
01,Andalucía,- Hogares,2004,530.514
01,Andalucía,- Hogares,2003,509.637
01,Andalucía,- Hogares,2002,501.159
01,Andalucía,- Hogares,2001,486.530
01,Andalucía,- Hogares,2000,490.278
01,Andalucía,- Consumos municipales,2022,51.728
01,Andalucía,- Consumos municipales,2020,40.790
01,Andalucía,- Consumos municipales,2018,42.922
01,Andalucía,- Consumos municipales,2016,47.100
01,Andalucía,- Consumos municipales,2014,55.725
01,Andalucía,- Consumos municipales,2013,56.050
01,Andalucía,- Consumos municipales,2012,60.200
01,Andalucía,- Consumos municipales,2011,59.385
01,Andalucía,- Consumos municipales,2010,59.178
01,Andalucía,- Consumos municipales,2009,67.305
01,Andalucía,- Consumos municipales,2008,65.850
01,Andalucía,- Consumos municipales,2007,68.019
01,Andalucía,- Consumos municipales,2006,76.191
01,Andalucía,- Consumos municipales,2005,90.588
01,Andalucía,- Consumos municipales,2004,80.957
01,Andalucía,- Consumos municipales,2003,78.133
01,Andalucía,- Consumos municipales,2002,80.883
01,Andalucía,- Consumos municipales,2001,88.839
01,Andalucía,- Consumos municipales,2000,71.459
01,Andalucía,Importe facturado por el agua suministrada,2022,648.326
01,Andalucía,Importe facturado por el agua suministrada,2020,606.998
01,Andalucía,Importe facturado por el agua suministrada,2018,569.826
01,Andalucía,Importe facturado por el agua suministrada,2016,585.314
01,Andalucía,Importe facturado por el agua suministrada,2014,588.722
01,Andalucía,Importe facturado por el agua suministrada,2013,568.896
01,Andalucía,Importe facturado por el agua suministrada,2012,556.842
01,Andalucía,Importe facturado por el agua suministrada,2011,516.303
01,Andalucía,Importe facturado por el agua suministrada,2010,497.474
01,Andalucía,Importe facturado por el agua suministrada,2009,507.945
01,Andalucía,Importe facturado por el agua suministrada,2008,479.831
01,Andalucía,Importe facturado por el agua suministrada,2007,466.132
01,Andalucía,Importe facturado por el agua suministrada,2006,487.014
01,Andalucía,Importe facturado por el agua suministrada,2005,496.013
01,Andalucía,Importe facturado por el agua suministrada,2004,490.925
01,Andalucía,Importe facturado por el agua suministrada,2003,415.142
01,Andalucía,Importe facturado por el agua suministrada,2002,335.606
01,Andalucía,Importe facturado por el agua suministrada,2001,307.133
01,Andalucía,Importe facturado por el agua suministrada,2000,257.275
01,Andalucía,Importe total de la inversión en los servicios de suministro,2022,26.032
01,Andalucía,Importe total de la inversión en los servicios de suministro,2020,43.361
01,Andalucía,Importe total de la inversión en los servicios de suministro,2018,24.532
01,Andalucía,Importe total de la inversión en los servicios de suministro,2016,24.707
01,Andalucía,Importe total de la inversión en los servicios de suministro,2014,40.299
01,Andalucía,Importe total de la inversión en los servicios de suministro,2013,31.357
01,Andalucía,Importe total de la inversión en los servicios de suministro,2012,42.366
01,Andalucía,Importe total de la inversión en los servicios de suministro,2011,152.315
01,Andalucía,Importe total de la inversión en los servicios de suministro,2010,49.250
01,Andalucía,Importe total de la inversión en los servicios de suministro,2009,47.526
01,Andalucía,Importe total de la inversión en los servicios de suministro,2008,68.091
01,Andalucía,Importe total de la inversión en los servicios de suministro,2007,53.503
01,Andalucía,Importe total de la inversión en los servicios de suministro,2006,64.770
01,Andalucía,Importe total de la inversión en los servicios de suministro,2005,73.472
01,Andalucía,Importe total de la inversión en los servicios de suministro,2004,62.850
01,Andalucía,Importe total de la inversión en los servicios de suministro,2003,50.801
01,Andalucía,Importe total de la inversión en los servicios de suministro,2002,57.882
01,Andalucía,Importe total de la inversión en los servicios de suministro,2001,95.113
01,Andalucía,Importe total de la inversión en los servicios de suministro,2000,116.440
01,Andalucía,Longitud de la red de suministro (km),2022,44.847
01,Andalucía,Longitud de la red de suministro (km),2020,45.752
01,Andalucía,Longitud de la red de suministro (km),2018,45.269
01,Andalucía,Longitud de la red de suministro (km),2016,44.325
01,Andalucía,Longitud de la red de suministro (km),2014,46.210
01,Andalucía,Longitud de la red de suministro (km),2013,44.280
01,Andalucía,Longitud de la red de suministro (km),2012,..
01,Andalucía,Longitud de la red de suministro (km),2011,..
01,Andalucía,Longitud de la red de suministro (km),2010,..
01,Andalucía,Longitud de la red de suministro (km),2009,..
01,Andalucía,Longitud de la red de suministro (km),2008,..
01,Andalucía,Longitud de la red de suministro (km),2007,..
01,Andalucía,Longitud de la red de suministro (km),2006,..
01,Andalucía,Longitud de la red de suministro (km),2005,..
01,Andalucía,Longitud de la red de suministro (km),2004,..
01,Andalucía,Longitud de la red de suministro (km),2003,..
01,Andalucía,Longitud de la red de suministro (km),2002,..
01,Andalucía,Longitud de la red de suministro (km),2001,..
01,Andalucía,Longitud de la red de suministro (km),2000,..
02,Aragón,Volumen total de agua registrada y distribuida por tipo de usuario,2022,92.628
02,Aragón,Volumen total de agua registrada y distribuida por tipo de usuario,2020,97.701
02,Aragón,Volumen total de agua registrada y distribuida por tipo de usuario,2018,101.723
02,Aragón,Volumen total de agua registrada y distribuida por tipo de usuario,2016,102.785
02,Aragón,Volumen total de agua registrada y distribuida por tipo de usuario,2014,97.052
02,Aragón,Volumen total de agua registrada y distribuida por tipo de usuario,2013,95.406
02,Aragón,Volumen total de agua registrada y distribuida por tipo de usuario,2012,106.036
02,Aragón,Volumen total de agua registrada y distribuida por tipo de usuario,2011,97.449
02,Aragón,Volumen total de agua registrada y distribuida por tipo de usuario,2010,104.256
02,Aragón,Volumen total de agua registrada y distribuida por tipo de usuario,2009,108.516
02,Aragón,Volumen total de agua registrada y distribuida por tipo de usuario,2008,113.256
02,Aragón,Volumen total de agua registrada y distribuida por tipo de usuario,2007,101.814
02,Aragón,Volumen total de agua registrada y distribuida por tipo de usuario,2006,111.741
02,Aragón,Volumen total de agua registrada y distribuida por tipo de usuario,2005,115.627
02,Aragón,Volumen total de agua registrada y distribuida por tipo de usuario,2004,113.896
02,Aragón,Volumen total de agua registrada y distribuida por tipo de usuario,2003,125.300
02,Aragón,Volumen total de agua registrada y distribuida por tipo de usuario,2002,116.030
02,Aragón,Volumen total de agua registrada y distribuida por tipo de usuario,2001,108.990
02,Aragón,Volumen total de agua registrada y distribuida por tipo de usuario,2000,110.567
02,Aragón,- Sectores económicos,2022,25.551
02,Aragón,- Sectores económicos,2020,25.931
02,Aragón,- Sectores económicos,2018,28.412
02,Aragón,- Sectores económicos,2016,27.866
02,Aragón,- Sectores económicos,2014,25.278
02,Aragón,- Sectores económicos,2013,24.577
02,Aragón,- Sectores económicos,2012,28.777
02,Aragón,- Sectores económicos,2011,28.601
02,Aragón,- Sectores económicos,2010,28.991
02,Aragón,- Sectores económicos,2009,30.560
02,Aragón,- Sectores económicos,2008,31.962
02,Aragón,- Sectores económicos,2007,26.194
02,Aragón,- Sectores económicos,2006,28.030
02,Aragón,- Sectores económicos,2005,31.797
02,Aragón,- Sectores económicos,2004,26.126
02,Aragón,- Sectores económicos,2003,30.293
02,Aragón,- Sectores económicos,2002,35.791
02,Aragón,- Sectores económicos,2001,23.569
02,Aragón,- Sectores económicos,2000,26.110
02,Aragón,- Hogares,2022,53.185
02,Aragón,- Hogares,2020,64.975
02,Aragón,- Hogares,2018,62.011
02,Aragón,- Hogares,2016,65.776
02,Aragón,- Hogares,2014,62.877
02,Aragón,- Hogares,2013,62.913
02,Aragón,- Hogares,2012,66.288
02,Aragón,- Hogares,2011,63.386
02,Aragón,- Hogares,2010,69.125
02,Aragón,- Hogares,2009,71.151
02,Aragón,- Hogares,2008,71.233
02,Aragón,- Hogares,2007,66.408
02,Aragón,- Hogares,2006,69.844
02,Aragón,- Hogares,2005,70.879
02,Aragón,- Hogares,2004,73.914
02,Aragón,- Hogares,2003,75.715
02,Aragón,- Hogares,2002,75.452
02,Aragón,- Hogares,2001,76.337
02,Aragón,- Hogares,2000,76.235
02,Aragón,- Consumos municipales,2022,13.892
02,Aragón,- Consumos municipales,2020,6.795
02,Aragón,- Consumos municipales,2018,11.300
02,Aragón,- Consumos municipales,2016,9.143
02,Aragón,- Consumos municipales,2014,8.897
02,Aragón,- Consumos municipales,2013,7.916
02,Aragón,- Consumos municipales,2012,10.971
02,Aragón,- Consumos municipales,2011,5.462
02,Aragón,- Consumos municipales,2010,6.140
02,Aragón,- Consumos municipales,2009,6.805
02,Aragón,- Consumos municipales,2008,10.061
02,Aragón,- Consumos municipales,2007,9.212
02,Aragón,- Consumos municipales,2006,13.867
02,Aragón,- Consumos municipales,2005,12.951
02,Aragón,- Consumos municipales,2004,13.856
02,Aragón,- Consumos municipales,2003,19.292
02,Aragón,- Consumos municipales,2002,4.787
02,Aragón,- Consumos municipales,2001,9.084
02,Aragón,- Consumos municipales,2000,8.222
02,Aragón,Importe facturado por el agua suministrada,2022,60.542
02,Aragón,Importe facturado por el agua suministrada,2020,69.278
02,Aragón,Importe facturado por el agua suministrada,2018,69.808
02,Aragón,Importe facturado por el agua suministrada,2016,76.067
02,Aragón,Importe facturado por el agua suministrada,2014,66.984
02,Aragón,Importe facturado por el agua suministrada,2013,66.876
02,Aragón,Importe facturado por el agua suministrada,2012,70.291
02,Aragón,Importe facturado por el agua suministrada,2011,57.088
02,Aragón,Importe facturado por el agua suministrada,2010,64.153
02,Aragón,Importe facturado por el agua suministrada,2009,65.310
02,Aragón,Importe facturado por el agua suministrada,2008,63.538
02,Aragón,Importe facturado por el agua suministrada,2007,56.920
02,Aragón,Importe facturado por el agua suministrada,2006,52.012
02,Aragón,Importe facturado por el agua suministrada,2005,46.601
02,Aragón,Importe facturado por el agua suministrada,2004,46.238
02,Aragón,Importe facturado por el agua suministrada,2003,52.415
02,Aragón,Importe facturado por el agua suministrada,2002,43.647
02,Aragón,Importe facturado por el agua suministrada,2001,40.817
02,Aragón,Importe facturado por el agua suministrada,2000,40.472
02,Aragón,Importe total de la inversión en los servicios de suministro,2022,2.789
02,Aragón,Importe total de la inversión en los servicios de suministro,2020,691
02,Aragón,Importe total de la inversión en los servicios de suministro,2018,660
02,Aragón,Importe total de la inversión en los servicios de suministro,2016,885
02,Aragón,Importe total de la inversión en los servicios de suministro,2014,4.960
02,Aragón,Importe total de la inversión en los servicios de suministro,2013,3.543
02,Aragón,Importe total de la inversión en los servicios de suministro,2012,4.708
02,Aragón,Importe total de la inversión en los servicios de suministro,2011,4.259
02,Aragón,Importe total de la inversión en los servicios de suministro,2010,12.902
02,Aragón,Importe total de la inversión en los servicios de suministro,2009,15.186
02,Aragón,Importe total de la inversión en los servicios de suministro,2008,18.014
02,Aragón,Importe total de la inversión en los servicios de suministro,2007,4.569
02,Aragón,Importe total de la inversión en los servicios de suministro,2006,3.312
02,Aragón,Importe total de la inversión en los servicios de suministro,2005,2.311
02,Aragón,Importe total de la inversión en los servicios de suministro,2004,4.081
02,Aragón,Importe total de la inversión en los servicios de suministro,2003,6.735
02,Aragón,Importe total de la inversión en los servicios de suministro,2002,5.897
02,Aragón,Importe total de la inversión en los servicios de suministro,2001,2.648
02,Aragón,Importe total de la inversión en los servicios de suministro,2000,5.770
02,Aragón,Longitud de la red de suministro (km),2022,5.518
02,Aragón,Longitud de la red de suministro (km),2020,5.451
02,Aragón,Longitud de la red de suministro (km),2018,5.143
02,Aragón,Longitud de la red de suministro (km),2016,5.360
02,Aragón,Longitud de la red de suministro (km),2014,5.239
02,Aragón,Longitud de la red de suministro (km),2013,4.971
02,Aragón,Longitud de la red de suministro (km),2012,..
02,Aragón,Longitud de la red de suministro (km),2011,..
02,Aragón,Longitud de la red de suministro (km),2010,..
02,Aragón,Longitud de la red de suministro (km),2009,..
02,Aragón,Longitud de la red de suministro (km),2008,..
02,Aragón,Longitud de la red de suministro (km),2007,..
02,Aragón,Longitud de la red de suministro (km),2006,..
02,Aragón,Longitud de la red de suministro (km),2005,..
02,Aragón,Longitud de la red de suministro (km),2004,..
02,Aragón,Longitud de la red de suministro (km),2003,..
02,Aragón,Longitud de la red de suministro (km),2002,..
02,Aragón,Longitud de la red de suministro (km),2001,..
02,Aragón,Longitud de la red de suministro (km),2000,..
03,"Asturias, Principado de",Volumen total de agua registrada y distribuida por tipo de usuario,2022,70.320
03,"Asturias, Principado de",Volumen total de agua registrada y distribuida por tipo de usuario,2020,70.895
03,"Asturias, Principado de",Volumen total de agua registrada y distribuida por tipo de usuario,2018,76.093
03,"Asturias, Principado de",Volumen total de agua registrada y distribuida por tipo de usuario,2016,83.733
03,"Asturias, Principado de",Volumen total de agua registrada y distribuida por tipo de usuario,2014,78.790
03,"Asturias, Principado de",Volumen total de agua registrada y distribuida por tipo de usuario,2013,74.885
03,"Asturias, Principado de",Volumen total de agua registrada y distribuida por tipo de usuario,2012,77.558
03,"Asturias, Principado de",Volumen total de agua registrada y distribuida por tipo de usuario,2011,82.647
03,"Asturias, Principado de",Volumen total de agua registrada y distribuida por tipo de usuario,2010,86.698
03,"Asturias, Principado de",Volumen total de agua registrada y distribuida por tipo de usuario,2009,86.457
03,"Asturias, Principado de",Volumen total de agua registrada y distribuida por tipo de usuario,2008,98.830
03,"Asturias, Principado de",Volumen total de agua registrada y distribuida por tipo de usuario,2007,103.151
03,"Asturias, Principado de",Volumen total de agua registrada y distribuida por tipo de usuario,2006,109.556
03,"Asturias, Principado de",Volumen total de agua registrada y distribuida por tipo de usuario,2005,106.063
03,"Asturias, Principado de",Volumen total de agua registrada y distribuida por tipo de usuario,2004,103.528
03,"Asturias, Principado de",Volumen total de agua registrada y distribuida por tipo de usuario,2003,95.943
03,"Asturias, Principado de",Volumen total de agua registrada y distribuida por tipo de usuario,2002,92.108
03,"Asturias, Principado de",Volumen total de agua registrada y distribuida por tipo de usuario,2001,93.788
03,"Asturias, Principado de",Volumen total de agua registrada y distribuida por tipo de usuario,2000,83.173
03,"Asturias, Principado de",- Sectores económicos,2022,15.051
03,"Asturias, Principado de",- Sectores económicos,2020,15.157
03,"Asturias, Principado de",- Sectores económicos,2018,18.334
03,"Asturias, Principado de",- Sectores económicos,2016,20.631
03,"Asturias, Principado de",- Sectores económicos,2014,19.466
03,"Asturias, Principado de",- Sectores económicos,2013,19.013
03,"Asturias, Principado de",- Sectores económicos,2012,19.708
03,"Asturias, Principado de",- Sectores económicos,2011,18.415
03,"Asturias, Principado de",- Sectores económicos,2010,17.879
03,"Asturias, Principado de",- Sectores económicos,2009,16.592
03,"Asturias, Principado de",- Sectores económicos,2008,24.423
03,"Asturias, Principado de",- Sectores económicos,2007,25.962
03,"Asturias, Principado de",- Sectores económicos,2006,30.032
03,"Asturias, Principado de",- Sectores económicos,2005,27.453
03,"Asturias, Principado de",- Sectores económicos,2004,28.287
03,"Asturias, Principado de",- Sectores económicos,2003,28.029
03,"Asturias, Principado de",- Sectores económicos,2002,25.648
03,"Asturias, Principado de",- Sectores económicos,2001,30.666
03,"Asturias, Principado de",- Sectores económicos,2000,20.908
03,"Asturias, Principado de",- Hogares,2022,52.311
03,"Asturias, Principado de",- Hogares,2020,50.363
03,"Asturias, Principado de",- Hogares,2018,52.402
03,"Asturias, Principado de",- Hogares,2016,56.898
03,"Asturias, Principado de",- Hogares,2014,51.503
03,"Asturias, Principado de",- Hogares,2013,47.317
03,"Asturias, Principado de",- Hogares,2012,49.974
03,"Asturias, Principado de",- Hogares,2011,58.760
03,"Asturias, Principado de",- Hogares,2010,61.337
03,"Asturias, Principado de",- Hogares,2009,63.915
03,"Asturias, Principado de",- Hogares,2008,68.449
03,"Asturias, Principado de",- Hogares,2007,71.313
03,"Asturias, Principado de",- Hogares,2006,72.450
03,"Asturias, Principado de",- Hogares,2005,70.926
03,"Asturias, Principado de",- Hogares,2004,67.435
03,"Asturias, Principado de",- Hogares,2003,63.320
03,"Asturias, Principado de",- Hogares,2002,62.094
03,"Asturias, Principado de",- Hogares,2001,60.018
03,"Asturias, Principado de",- Hogares,2000,59.276
03,"Asturias, Principado de",- Consumos municipales,2022,2.957
03,"Asturias, Principado de",- Consumos municipales,2020,5.375
03,"Asturias, Principado de",- Consumos municipales,2018,5.357
03,"Asturias, Principado de",- Consumos municipales,2016,6.204
03,"Asturias, Principado de",- Consumos municipales,2014,7.821
03,"Asturias, Principado de",- Consumos municipales,2013,8.555
03,"Asturias, Principado de",- Consumos municipales,2012,7.876
03,"Asturias, Principado de",- Consumos municipales,2011,5.472
03,"Asturias, Principado de",- Consumos municipales,2010,7.482
03,"Asturias, Principado de",- Consumos municipales,2009,5.950
03,"Asturias, Principado de",- Consumos municipales,2008,5.958
03,"Asturias, Principado de",- Consumos municipales,2007,5.876
03,"Asturias, Principado de",- Consumos municipales,2006,7.074
03,"Asturias, Principado de",- Consumos municipales,2005,7.684
03,"Asturias, Principado de",- Consumos municipales,2004,7.806
03,"Asturias, Principado de",- Consumos municipales,2003,4.594
03,"Asturias, Principado de",- Consumos municipales,2002,4.366
03,"Asturias, Principado de",- Consumos municipales,2001,3.104
03,"Asturias, Principado de",- Consumos municipales,2000,2.989
03,"Asturias, Principado de",Importe facturado por el agua suministrada,2022,55.102
03,"Asturias, Principado de",Importe facturado por el agua suministrada,2020,47.120
03,"Asturias, Principado de",Importe facturado por el agua suministrada,2018,48.811
03,"Asturias, Principado de",Importe facturado por el agua suministrada,2016,56.977
03,"Asturias, Principado de",Importe facturado por el agua suministrada,2014,47.094
03,"Asturias, Principado de",Importe facturado por el agua suministrada,2013,51.294
03,"Asturias, Principado de",Importe facturado por el agua suministrada,2012,52.124
03,"Asturias, Principado de",Importe facturado por el agua suministrada,2011,50.834
03,"Asturias, Principado de",Importe facturado por el agua suministrada,2010,48.817
03,"Asturias, Principado de",Importe facturado por el agua suministrada,2009,50.008
03,"Asturias, Principado de",Importe facturado por el agua suministrada,2008,52.248
03,"Asturias, Principado de",Importe facturado por el agua suministrada,2007,52.864
03,"Asturias, Principado de",Importe facturado por el agua suministrada,2006,50.798
03,"Asturias, Principado de",Importe facturado por el agua suministrada,2005,49.559
03,"Asturias, Principado de",Importe facturado por el agua suministrada,2004,49.416
03,"Asturias, Principado de",Importe facturado por el agua suministrada,2003,39.337
03,"Asturias, Principado de",Importe facturado por el agua suministrada,2002,35.825
03,"Asturias, Principado de",Importe facturado por el agua suministrada,2001,33.366
03,"Asturias, Principado de",Importe facturado por el agua suministrada,2000,27.514
03,"Asturias, Principado de",Importe total de la inversión en los servicios de suministro,2022,2.639
03,"Asturias, Principado de",Importe total de la inversión en los servicios de suministro,2020,757
03,"Asturias, Principado de",Importe total de la inversión en los servicios de suministro,2018,7.788
03,"Asturias, Principado de",Importe total de la inversión en los servicios de suministro,2016,6.172
03,"Asturias, Principado de",Importe total de la inversión en los servicios de suministro,2014,3.490
03,"Asturias, Principado de",Importe total de la inversión en los servicios de suministro,2013,3.794
03,"Asturias, Principado de",Importe total de la inversión en los servicios de suministro,2012,3.271
03,"Asturias, Principado de",Importe total de la inversión en los servicios de suministro,2011,3.373
03,"Asturias, Principado de",Importe total de la inversión en los servicios de suministro,2010,2.972
03,"Asturias, Principado de",Importe total de la inversión en los servicios de suministro,2009,6.102
03,"Asturias, Principado de",Importe total de la inversión en los servicios de suministro,2008,5.892
03,"Asturias, Principado de",Importe total de la inversión en los servicios de suministro,2007,9.323
03,"Asturias, Principado de",Importe total de la inversión en los servicios de suministro,2006,10.645
03,"Asturias, Principado de",Importe total de la inversión en los servicios de suministro,2005,6.596
03,"Asturias, Principado de",Importe total de la inversión en los servicios de suministro,2004,11.905
03,"Asturias, Principado de",Importe total de la inversión en los servicios de suministro,2003,5.967
03,"Asturias, Principado de",Importe total de la inversión en los servicios de suministro,2002,6.627
03,"Asturias, Principado de",Importe total de la inversión en los servicios de suministro,2001,12.310
03,"Asturias, Principado de",Importe total de la inversión en los servicios de suministro,2000,6.082
03,"Asturias, Principado de",Longitud de la red de suministro (km),2022,8.736
03,"Asturias, Principado de",Longitud de la red de suministro (km),2020,8.726
03,"Asturias, Principado de",Longitud de la red de suministro (km),2018,8.348
03,"Asturias, Principado de",Longitud de la red de suministro (km),2016,8.904
03,"Asturias, Principado de",Longitud de la red de suministro (km),2014,8.581
03,"Asturias, Principado de",Longitud de la red de suministro (km),2013,9.550
03,"Asturias, Principado de",Longitud de la red de suministro (km),2012,..
03,"Asturias, Principado de",Longitud de la red de suministro (km),2011,..
03,"Asturias, Principado de",Longitud de la red de suministro (km),2010,..
03,"Asturias, Principado de",Longitud de la red de suministro (km),2009,..
03,"Asturias, Principado de",Longitud de la red de suministro (km),2008,..
03,"Asturias, Principado de",Longitud de la red de suministro (km),2007,..
03,"Asturias, Principado de",Longitud de la red de suministro (km),2006,..
03,"Asturias, Principado de",Longitud de la red de suministro (km),2005,..
03,"Asturias, Principado de",Longitud de la red de suministro (km),2004,..
03,"Asturias, Principado de",Longitud de la red de suministro (km),2003,..
03,"Asturias, Principado de",Longitud de la red de suministro (km),2002,..
03,"Asturias, Principado de",Longitud de la red de suministro (km),2001,..
03,"Asturias, Principado de",Longitud de la red de suministro (km),2000,..
04,"Balears, Illes",Volumen total de agua registrada y distribuida por tipo de usuario,2022,85.503
04,"Balears, Illes",Volumen total de agua registrada y distribuida por tipo de usuario,2020,82.743
04,"Balears, Illes",Volumen total de agua registrada y distribuida por tipo de usuario,2018,87.576
04,"Balears, Illes",Volumen total de agua registrada y distribuida por tipo de usuario,2016,94.235
04,"Balears, Illes",Volumen total de agua registrada y distribuida por tipo de usuario,2014,85.556
04,"Balears, Illes",Volumen total de agua registrada y distribuida por tipo de usuario,2013,84.969
04,"Balears, Illes",Volumen total de agua registrada y distribuida por tipo de usuario,2012,81.979
04,"Balears, Illes",Volumen total de agua registrada y distribuida por tipo de usuario,2011,74.509
04,"Balears, Illes",Volumen total de agua registrada y distribuida por tipo de usuario,2010,73.902
04,"Balears, Illes",Volumen total de agua registrada y distribuida por tipo de usuario,2009,81.702
04,"Balears, Illes",Volumen total de agua registrada y distribuida por tipo de usuario,2008,88.749
04,"Balears, Illes",Volumen total de agua registrada y distribuida por tipo de usuario,2007,86.057
04,"Balears, Illes",Volumen total de agua registrada y distribuida por tipo de usuario,2006,95.743
04,"Balears, Illes",Volumen total de agua registrada y distribuida por tipo de usuario,2005,91.401
04,"Balears, Illes",Volumen total de agua registrada y distribuida por tipo de usuario,2004,92.477
04,"Balears, Illes",Volumen total de agua registrada y distribuida por tipo de usuario,2003,77.408
04,"Balears, Illes",Volumen total de agua registrada y distribuida por tipo de usuario,2002,71.792
04,"Balears, Illes",Volumen total de agua registrada y distribuida por tipo de usuario,2001,65.706
04,"Balears, Illes",Volumen total de agua registrada y distribuida por tipo de usuario,2000,67.421
04,"Balears, Illes",- Sectores económicos,2022,28.037
04,"Balears, Illes",- Sectores económicos,2020,26.431
04,"Balears, Illes",- Sectores económicos,2018,30.079
04,"Balears, Illes",- Sectores económicos,2016,32.426
04,"Balears, Illes",- Sectores económicos,2014,30.296
04,"Balears, Illes",- Sectores económicos,2013,23.893
04,"Balears, Illes",- Sectores económicos,2012,24.942
04,"Balears, Illes",- Sectores económicos,2011,21.351
04,"Balears, Illes",- Sectores económicos,2010,22.588
04,"Balears, Illes",- Sectores económicos,2009,27.733
04,"Balears, Illes",- Sectores económicos,2008,30.575
04,"Balears, Illes",- Sectores económicos,2007,29.644
04,"Balears, Illes",- Sectores económicos,2006,35.571
04,"Balears, Illes",- Sectores económicos,2005,36.714
04,"Balears, Illes",- Sectores económicos,2004,38.051
04,"Balears, Illes",- Sectores económicos,2003,29.633
04,"Balears, Illes",- Sectores económicos,2002,26.267
04,"Balears, Illes",- Sectores económicos,2001,24.737
04,"Balears, Illes",- Sectores económicos,2000,23.857
04,"Balears, Illes",- Hogares,2022,54.104
04,"Balears, Illes",- Hogares,2020,51.788
04,"Balears, Illes",- Hogares,2018,52.131
04,"Balears, Illes",- Hogares,2016,55.955
04,"Balears, Illes",- Hogares,2014,50.653
04,"Balears, Illes",- Hogares,2013,57.174
04,"Balears, Illes",- Hogares,2012,53.045
04,"Balears, Illes",- Hogares,2011,49.458
04,"Balears, Illes",- Hogares,2010,47.470
04,"Balears, Illes",- Hogares,2009,49.697
04,"Balears, Illes",- Hogares,2008,52.986
04,"Balears, Illes",- Hogares,2007,50.516
04,"Balears, Illes",- Hogares,2006,54.919
04,"Balears, Illes",- Hogares,2005,49.879
04,"Balears, Illes",- Hogares,2004,49.518
04,"Balears, Illes",- Hogares,2003,44.939
04,"Balears, Illes",- Hogares,2002,42.567
04,"Balears, Illes",- Hogares,2001,38.115
04,"Balears, Illes",- Hogares,2000,39.759
04,"Balears, Illes",- Consumos municipales,2022,3.362
04,"Balears, Illes",- Consumos municipales,2020,4.524
04,"Balears, Illes",- Consumos municipales,2018,5.366
04,"Balears, Illes",- Consumos municipales,2016,5.854
04,"Balears, Illes",- Consumos municipales,2014,4.607
04,"Balears, Illes",- Consumos municipales,2013,3.902
04,"Balears, Illes",- Consumos municipales,2012,3.992
04,"Balears, Illes",- Consumos municipales,2011,3.700
04,"Balears, Illes",- Consumos municipales,2010,3.844
04,"Balears, Illes",- Consumos municipales,2009,4.272
04,"Balears, Illes",- Consumos municipales,2008,5.188
04,"Balears, Illes",- Consumos municipales,2007,5.897
04,"Balears, Illes",- Consumos municipales,2006,5.253
04,"Balears, Illes",- Consumos municipales,2005,4.808
04,"Balears, Illes",- Consumos municipales,2004,4.908
04,"Balears, Illes",- Consumos municipales,2003,2.836
04,"Balears, Illes",- Consumos municipales,2002,2.958
04,"Balears, Illes",- Consumos municipales,2001,2.854
04,"Balears, Illes",- Consumos municipales,2000,3.805
04,"Balears, Illes",Importe facturado por el agua suministrada,2022,141.936
04,"Balears, Illes",Importe facturado por el agua suministrada,2020,110.068
04,"Balears, Illes",Importe facturado por el agua suministrada,2018,120.215
04,"Balears, Illes",Importe facturado por el agua suministrada,2016,120.896
04,"Balears, Illes",Importe facturado por el agua suministrada,2014,92.655
04,"Balears, Illes",Importe facturado por el agua suministrada,2013,94.181
04,"Balears, Illes",Importe facturado por el agua suministrada,2012,107.856
04,"Balears, Illes",Importe facturado por el agua suministrada,2011,94.786
04,"Balears, Illes",Importe facturado por el agua suministrada,2010,94.294
04,"Balears, Illes",Importe facturado por el agua suministrada,2009,93.383
04,"Balears, Illes",Importe facturado por el agua suministrada,2008,89.879
04,"Balears, Illes",Importe facturado por el agua suministrada,2007,84.417
04,"Balears, Illes",Importe facturado por el agua suministrada,2006,90.525
04,"Balears, Illes",Importe facturado por el agua suministrada,2005,94.901
04,"Balears, Illes",Importe facturado por el agua suministrada,2004,85.075
04,"Balears, Illes",Importe facturado por el agua suministrada,2003,71.187
04,"Balears, Illes",Importe facturado por el agua suministrada,2002,64.551
04,"Balears, Illes",Importe facturado por el agua suministrada,2001,53.561
04,"Balears, Illes",Importe facturado por el agua suministrada,2000,54.770
04,"Balears, Illes",Importe total de la inversión en los servicios de suministro,2022,23.285
04,"Balears, Illes",Importe total de la inversión en los servicios de suministro,2020,14.514
04,"Balears, Illes",Importe total de la inversión en los servicios de suministro,2018,4.237
04,"Balears, Illes",Importe total de la inversión en los servicios de suministro,2016,2.553
04,"Balears, Illes",Importe total de la inversión en los servicios de suministro,2014,4.704
04,"Balears, Illes",Importe total de la inversión en los servicios de suministro,2013,34.317
04,"Balears, Illes",Importe total de la inversión en los servicios de suministro,2012,29.687
04,"Balears, Illes",Importe total de la inversión en los servicios de suministro,2011,8.596
04,"Balears, Illes",Importe total de la inversión en los servicios de suministro,2010,13.993
04,"Balears, Illes",Importe total de la inversión en los servicios de suministro,2009,14.493
04,"Balears, Illes",Importe total de la inversión en los servicios de suministro,2008,23.231
04,"Balears, Illes",Importe total de la inversión en los servicios de suministro,2007,17.091
04,"Balears, Illes",Importe total de la inversión en los servicios de suministro,2006,34.176
04,"Balears, Illes",Importe total de la inversión en los servicios de suministro,2005,20.382
04,"Balears, Illes",Importe total de la inversión en los servicios de suministro,2004,21.137
04,"Balears, Illes",Importe total de la inversión en los servicios de suministro,2003,19.820
04,"Balears, Illes",Importe total de la inversión en los servicios de suministro,2002,11.518
04,"Balears, Illes",Importe total de la inversión en los servicios de suministro,2001,12.542
04,"Balears, Illes",Importe total de la inversión en los servicios de suministro,2000,83.264
04,"Balears, Illes",Longitud de la red de suministro (km),2022,4.808
04,"Balears, Illes",Longitud de la red de suministro (km),2020,4.166
04,"Balears, Illes",Longitud de la red de suministro (km),2018,4.024
04,"Balears, Illes",Longitud de la red de suministro (km),2016,4.128
04,"Balears, Illes",Longitud de la red de suministro (km),2014,4.104
04,"Balears, Illes",Longitud de la red de suministro (km),2013,4.223
04,"Balears, Illes",Longitud de la red de suministro (km),2012,..
04,"Balears, Illes",Longitud de la red de suministro (km),2011,..
04,"Balears, Illes",Longitud de la red de suministro (km),2010,..
04,"Balears, Illes",Longitud de la red de suministro (km),2009,..
04,"Balears, Illes",Longitud de la red de suministro (km),2008,..
04,"Balears, Illes",Longitud de la red de suministro (km),2007,..
04,"Balears, Illes",Longitud de la red de suministro (km),2006,..
04,"Balears, Illes",Longitud de la red de suministro (km),2005,..
04,"Balears, Illes",Longitud de la red de suministro (km),2004,..
04,"Balears, Illes",Longitud de la red de suministro (km),2003,..
04,"Balears, Illes",Longitud de la red de suministro (km),2002,..
04,"Balears, Illes",Longitud de la red de suministro (km),2001,..
04,"Balears, Illes",Longitud de la red de suministro (km),2000,..
05,Canarias,Volumen total de agua registrada y distribuida por tipo de usuario,2022,135.722
05,Canarias,Volumen total de agua registrada y distribuida por tipo de usuario,2020,141.190
05,Canarias,Volumen total de agua registrada y distribuida por tipo de usuario,2018,147.470
05,Canarias,Volumen total de agua registrada y distribuida por tipo de usuario,2016,157.510
05,Canarias,Volumen total de agua registrada y distribuida por tipo de usuario,2014,144.545
05,Canarias,Volumen total de agua registrada y distribuida por tipo de usuario,2013,158.521
05,Canarias,Volumen total de agua registrada y distribuida por tipo de usuario,2012,162.915
05,Canarias,Volumen total de agua registrada y distribuida por tipo de usuario,2011,159.714
05,Canarias,Volumen total de agua registrada y distribuida por tipo de usuario,2010,154.426
05,Canarias,Volumen total de agua registrada y distribuida por tipo de usuario,2009,153.904
05,Canarias,Volumen total de agua registrada y distribuida por tipo de usuario,2008,180.215
05,Canarias,Volumen total de agua registrada y distribuida por tipo de usuario,2007,178.337
05,Canarias,Volumen total de agua registrada y distribuida por tipo de usuario,2006,154.152
05,Canarias,Volumen total de agua registrada y distribuida por tipo de usuario,2005,186.012
05,Canarias,Volumen total de agua registrada y distribuida por tipo de usuario,2004,177.253
05,Canarias,Volumen total de agua registrada y distribuida por tipo de usuario,2003,155.613
05,Canarias,Volumen total de agua registrada y distribuida por tipo de usuario,2002,150.177
05,Canarias,Volumen total de agua registrada y distribuida por tipo de usuario,2001,132.590
05,Canarias,Volumen total de agua registrada y distribuida por tipo de usuario,2000,138.035
05,Canarias,- Sectores económicos,2022,34.595
05,Canarias,- Sectores económicos,2020,29.273
05,Canarias,- Sectores económicos,2018,30.479
05,Canarias,- Sectores económicos,2016,28.386
05,Canarias,- Sectores económicos,2014,23.477
05,Canarias,- Sectores económicos,2013,27.607
05,Canarias,- Sectores económicos,2012,27.060
05,Canarias,- Sectores económicos,2011,31.465
05,Canarias,- Sectores económicos,2010,28.375
05,Canarias,- Sectores económicos,2009,33.820
05,Canarias,- Sectores económicos,2008,48.085
05,Canarias,- Sectores económicos,2007,47.854
05,Canarias,- Sectores económicos,2006,36.891
05,Canarias,- Sectores económicos,2005,59.744
05,Canarias,- Sectores económicos,2004,56.044
05,Canarias,- Sectores económicos,2003,44.603
05,Canarias,- Sectores económicos,2002,41.775
05,Canarias,- Sectores económicos,2001,36.719
05,Canarias,- Sectores económicos,2000,38.998
05,Canarias,- Hogares,2022,91.188
05,Canarias,- Hogares,2020,102.162
05,Canarias,- Hogares,2018,108.094
05,Canarias,- Hogares,2016,117.518
05,Canarias,- Hogares,2014,110.975
05,Canarias,- Hogares,2013,109.755
05,Canarias,- Hogares,2012,115.028
05,Canarias,- Hogares,2011,115.258
05,Canarias,- Hogares,2010,113.485
05,Canarias,- Hogares,2009,106.810
05,Canarias,- Hogares,2008,116.812
05,Canarias,- Hogares,2007,111.901
05,Canarias,- Hogares,2006,102.435
05,Canarias,- Hogares,2005,104.171
05,Canarias,- Hogares,2004,102.815
05,Canarias,- Hogares,2003,93.370
05,Canarias,- Hogares,2002,90.423
05,Canarias,- Hogares,2001,83.329
05,Canarias,- Hogares,2000,86.848
05,Canarias,- Consumos municipales,2022,9.939
05,Canarias,- Consumos municipales,2020,9.755
05,Canarias,- Consumos municipales,2018,8.897
05,Canarias,- Consumos municipales,2016,11.606
05,Canarias,- Consumos municipales,2014,10.093
05,Canarias,- Consumos municipales,2013,21.159
05,Canarias,- Consumos municipales,2012,20.827
05,Canarias,- Consumos municipales,2011,12.991
05,Canarias,- Consumos municipales,2010,12.566
05,Canarias,- Consumos municipales,2009,13.274
05,Canarias,- Consumos municipales,2008,15.318
05,Canarias,- Consumos municipales,2007,18.582
05,Canarias,- Consumos municipales,2006,14.826
05,Canarias,- Consumos municipales,2005,22.097
05,Canarias,- Consumos municipales,2004,18.394
05,Canarias,- Consumos municipales,2003,17.640
05,Canarias,- Consumos municipales,2002,17.979
05,Canarias,- Consumos municipales,2001,12.542
05,Canarias,- Consumos municipales,2000,12.189
05,Canarias,Importe facturado por el agua suministrada,2022,239.591
05,Canarias,Importe facturado por el agua suministrada,2020,256.335
05,Canarias,Importe facturado por el agua suministrada,2018,253.542
05,Canarias,Importe facturado por el agua suministrada,2016,299.082
05,Canarias,Importe facturado por el agua suministrada,2014,248.536
05,Canarias,Importe facturado por el agua suministrada,2013,262.430
05,Canarias,Importe facturado por el agua suministrada,2012,257.839
05,Canarias,Importe facturado por el agua suministrada,2011,256.871
05,Canarias,Importe facturado por el agua suministrada,2010,238.301
05,Canarias,Importe facturado por el agua suministrada,2009,234.812
05,Canarias,Importe facturado por el agua suministrada,2008,256.830
05,Canarias,Importe facturado por el agua suministrada,2007,244.769
05,Canarias,Importe facturado por el agua suministrada,2006,220.078
05,Canarias,Importe facturado por el agua suministrada,2005,262.567
05,Canarias,Importe facturado por el agua suministrada,2004,242.601
05,Canarias,Importe facturado por el agua suministrada,2003,224.083
05,Canarias,Importe facturado por el agua suministrada,2002,218.422
05,Canarias,Importe facturado por el agua suministrada,2001,190.879
05,Canarias,Importe facturado por el agua suministrada,2000,191.537
05,Canarias,Importe total de la inversión en los servicios de suministro,2022,15.857
05,Canarias,Importe total de la inversión en los servicios de suministro,2020,4.015
05,Canarias,Importe total de la inversión en los servicios de suministro,2018,13.298
05,Canarias,Importe total de la inversión en los servicios de suministro,2016,6.956
05,Canarias,Importe total de la inversión en los servicios de suministro,2014,9.478
05,Canarias,Importe total de la inversión en los servicios de suministro,2013,6.180
05,Canarias,Importe total de la inversión en los servicios de suministro,2012,3.466
05,Canarias,Importe total de la inversión en los servicios de suministro,2011,2.962
05,Canarias,Importe total de la inversión en los servicios de suministro,2010,9.444
05,Canarias,Importe total de la inversión en los servicios de suministro,2009,2.875
05,Canarias,Importe total de la inversión en los servicios de suministro,2008,4.038
05,Canarias,Importe total de la inversión en los servicios de suministro,2007,10.629
05,Canarias,Importe total de la inversión en los servicios de suministro,2006,5.163
05,Canarias,Importe total de la inversión en los servicios de suministro,2005,3.446
05,Canarias,Importe total de la inversión en los servicios de suministro,2004,3.262
05,Canarias,Importe total de la inversión en los servicios de suministro,2003,2.384
05,Canarias,Importe total de la inversión en los servicios de suministro,2002,5.563
05,Canarias,Importe total de la inversión en los servicios de suministro,2001,23.772
05,Canarias,Importe total de la inversión en los servicios de suministro,2000,35.039
05,Canarias,Longitud de la red de suministro (km),2022,12.758
05,Canarias,Longitud de la red de suministro (km),2020,16.732
05,Canarias,Longitud de la red de suministro (km),2018,17.807
05,Canarias,Longitud de la red de suministro (km),2016,16.802
05,Canarias,Longitud de la red de suministro (km),2014,15.589
05,Canarias,Longitud de la red de suministro (km),2013,16.497
05,Canarias,Longitud de la red de suministro (km),2012,..
05,Canarias,Longitud de la red de suministro (km),2011,..
05,Canarias,Longitud de la red de suministro (km),2010,..
05,Canarias,Longitud de la red de suministro (km),2009,..
05,Canarias,Longitud de la red de suministro (km),2008,..
05,Canarias,Longitud de la red de suministro (km),2007,..
05,Canarias,Longitud de la red de suministro (km),2006,..
05,Canarias,Longitud de la red de suministro (km),2005,..
05,Canarias,Longitud de la red de suministro (km),2004,..
05,Canarias,Longitud de la red de suministro (km),2003,..
05,Canarias,Longitud de la red de suministro (km),2002,..
05,Canarias,Longitud de la red de suministro (km),2001,..
05,Canarias,Longitud de la red de suministro (km),2000,..
06,Cantabria,Volumen total de agua registrada y distribuida por tipo de usuario,2022,51.850
06,Cantabria,Volumen total de agua registrada y distribuida por tipo de usuario,2020,49.457
06,Cantabria,Volumen total de agua registrada y distribuida por tipo de usuario,2018,46.548
06,Cantabria,Volumen total de agua registrada y distribuida por tipo de usuario,2016,45.482
06,Cantabria,Volumen total de agua registrada y distribuida por tipo de usuario,2014,48.087
06,Cantabria,Volumen total de agua registrada y distribuida por tipo de usuario,2013,47.767
06,Cantabria,Volumen total de agua registrada y distribuida por tipo de usuario,2012,50.748
06,Cantabria,Volumen total de agua registrada y distribuida por tipo de usuario,2011,50.029
06,Cantabria,Volumen total de agua registrada y distribuida por tipo de usuario,2010,51.180
06,Cantabria,Volumen total de agua registrada y distribuida por tipo de usuario,2009,53.233
06,Cantabria,Volumen total de agua registrada y distribuida por tipo de usuario,2008,59.603
06,Cantabria,Volumen total de agua registrada y distribuida por tipo de usuario,2007,56.060
06,Cantabria,Volumen total de agua registrada y distribuida por tipo de usuario,2006,65.550
06,Cantabria,Volumen total de agua registrada y distribuida por tipo de usuario,2005,64.232
06,Cantabria,Volumen total de agua registrada y distribuida por tipo de usuario,2004,61.406
06,Cantabria,Volumen total de agua registrada y distribuida por tipo de usuario,2003,68.854
06,Cantabria,Volumen total de agua registrada y distribuida por tipo de usuario,2002,65.713
06,Cantabria,Volumen total de agua registrada y distribuida por tipo de usuario,2001,65.920
06,Cantabria,Volumen total de agua registrada y distribuida por tipo de usuario,2000,64.026
06,Cantabria,- Sectores económicos,2022,9.908
06,Cantabria,- Sectores económicos,2020,12.691
06,Cantabria,- Sectores económicos,2018,9.561
06,Cantabria,- Sectores económicos,2016,11.392
06,Cantabria,- Sectores económicos,2014,14.409
06,Cantabria,- Sectores económicos,2013,11.995
06,Cantabria,- Sectores económicos,2012,12.755
06,Cantabria,- Sectores económicos,2011,12.028
06,Cantabria,- Sectores económicos,2010,11.491
06,Cantabria,- Sectores económicos,2009,12.464
06,Cantabria,- Sectores económicos,2008,16.006
06,Cantabria,- Sectores económicos,2007,13.604
06,Cantabria,- Sectores económicos,2006,16.797
06,Cantabria,- Sectores económicos,2005,13.891
06,Cantabria,- Sectores económicos,2004,13.164
06,Cantabria,- Sectores económicos,2003,24.437
06,Cantabria,- Sectores económicos,2002,22.768
06,Cantabria,- Sectores económicos,2001,23.439
06,Cantabria,- Sectores económicos,2000,19.939
06,Cantabria,- Hogares,2022,40.007
06,Cantabria,- Hogares,2020,35.176
06,Cantabria,- Hogares,2018,36.437
06,Cantabria,- Hogares,2016,32.789
06,Cantabria,- Hogares,2014,32.441
06,Cantabria,- Hogares,2013,31.010
06,Cantabria,- Hogares,2012,32.660
06,Cantabria,- Hogares,2011,34.045
06,Cantabria,- Hogares,2010,36.505
06,Cantabria,- Hogares,2009,37.837
06,Cantabria,- Hogares,2008,39.128
06,Cantabria,- Hogares,2007,38.809
06,Cantabria,- Hogares,2006,41.682
06,Cantabria,- Hogares,2005,39.225
06,Cantabria,- Hogares,2004,37.880
06,Cantabria,- Hogares,2003,37.118
06,Cantabria,- Hogares,2002,35.980
06,Cantabria,- Hogares,2001,34.023
06,Cantabria,- Hogares,2000,36.358
06,Cantabria,- Consumos municipales,2022,1.935
06,Cantabria,- Consumos municipales,2020,1.590
06,Cantabria,- Consumos municipales,2018,550
06,Cantabria,- Consumos municipales,2016,1.301
06,Cantabria,- Consumos municipales,2014,1.237
06,Cantabria,- Consumos municipales,2013,4.762
06,Cantabria,- Consumos municipales,2012,5.333
06,Cantabria,- Consumos municipales,2011,3.956
06,Cantabria,- Consumos municipales,2010,3.184
06,Cantabria,- Consumos municipales,2009,2.932
06,Cantabria,- Consumos municipales,2008,4.469
06,Cantabria,- Consumos municipales,2007,3.647
06,Cantabria,- Consumos municipales,2006,7.071
06,Cantabria,- Consumos municipales,2005,11.116
06,Cantabria,- Consumos municipales,2004,10.362
06,Cantabria,- Consumos municipales,2003,7.299
06,Cantabria,- Consumos municipales,2002,6.965
06,Cantabria,- Consumos municipales,2001,8.458
06,Cantabria,- Consumos municipales,2000,7.729
06,Cantabria,Importe facturado por el agua suministrada,2022,52.221
06,Cantabria,Importe facturado por el agua suministrada,2020,39.687
06,Cantabria,Importe facturado por el agua suministrada,2018,42.055
06,Cantabria,Importe facturado por el agua suministrada,2016,41.058
06,Cantabria,Importe facturado por el agua suministrada,2014,47.909
06,Cantabria,Importe facturado por el agua suministrada,2013,43.375
06,Cantabria,Importe facturado por el agua suministrada,2012,42.195
06,Cantabria,Importe facturado por el agua suministrada,2011,36.549
06,Cantabria,Importe facturado por el agua suministrada,2010,34.846
06,Cantabria,Importe facturado por el agua suministrada,2009,41.684
06,Cantabria,Importe facturado por el agua suministrada,2008,32.493
06,Cantabria,Importe facturado por el agua suministrada,2007,32.393
06,Cantabria,Importe facturado por el agua suministrada,2006,32.137
06,Cantabria,Importe facturado por el agua suministrada,2005,29.051
06,Cantabria,Importe facturado por el agua suministrada,2004,28.872
06,Cantabria,Importe facturado por el agua suministrada,2003,27.881
06,Cantabria,Importe facturado por el agua suministrada,2002,23.575
06,Cantabria,Importe facturado por el agua suministrada,2001,22.698
06,Cantabria,Importe facturado por el agua suministrada,2000,21.691
06,Cantabria,Importe total de la inversión en los servicios de suministro,2022,1.812
06,Cantabria,Importe total de la inversión en los servicios de suministro,2020,223
06,Cantabria,Importe total de la inversión en los servicios de suministro,2018,329
06,Cantabria,Importe total de la inversión en los servicios de suministro,2016,535
06,Cantabria,Importe total de la inversión en los servicios de suministro,2014,912
06,Cantabria,Importe total de la inversión en los servicios de suministro,2013,1.064
06,Cantabria,Importe total de la inversión en los servicios de suministro,2012,1.169
06,Cantabria,Importe total de la inversión en los servicios de suministro,2011,761
06,Cantabria,Importe total de la inversión en los servicios de suministro,2010,519
06,Cantabria,Importe total de la inversión en los servicios de suministro,2009,793
06,Cantabria,Importe total de la inversión en los servicios de suministro,2008,2.219
06,Cantabria,Importe total de la inversión en los servicios de suministro,2007,1.700
06,Cantabria,Importe total de la inversión en los servicios de suministro,2006,1.051
06,Cantabria,Importe total de la inversión en los servicios de suministro,2005,492
06,Cantabria,Importe total de la inversión en los servicios de suministro,2004,519
06,Cantabria,Importe total de la inversión en los servicios de suministro,2003,3.226
06,Cantabria,Importe total de la inversión en los servicios de suministro,2002,2.013
06,Cantabria,Importe total de la inversión en los servicios de suministro,2001,2.489
06,Cantabria,Importe total de la inversión en los servicios de suministro,2000,2.771
06,Cantabria,Longitud de la red de suministro (km),2022,6.049
06,Cantabria,Longitud de la red de suministro (km),2020,3.742
06,Cantabria,Longitud de la red de suministro (km),2018,3.925
06,Cantabria,Longitud de la red de suministro (km),2016,3.772
06,Cantabria,Longitud de la red de suministro (km),2014,3.916
06,Cantabria,Longitud de la red de suministro (km),2013,3.614
06,Cantabria,Longitud de la red de suministro (km),2012,..
06,Cantabria,Longitud de la red de suministro (km),2011,..
06,Cantabria,Longitud de la red de suministro (km),2010,..
06,Cantabria,Longitud de la red de suministro (km),2009,..
06,Cantabria,Longitud de la red de suministro (km),2008,..
06,Cantabria,Longitud de la red de suministro (km),2007,..
06,Cantabria,Longitud de la red de suministro (km),2006,..
06,Cantabria,Longitud de la red de suministro (km),2005,..
06,Cantabria,Longitud de la red de suministro (km),2004,..
06,Cantabria,Longitud de la red de suministro (km),2003,..
06,Cantabria,Longitud de la red de suministro (km),2002,..
06,Cantabria,Longitud de la red de suministro (km),2001,..
06,Cantabria,Longitud de la red de suministro (km),2000,..
07,Castilla y León,Volumen total de agua registrada y distribuida por tipo de usuario,2022,190.503
07,Castilla y León,Volumen total de agua registrada y distribuida por tipo de usuario,2020,187.076
07,Castilla y León,Volumen total de agua registrada y distribuida por tipo de usuario,2018,185.204
07,Castilla y León,Volumen total de agua registrada y distribuida por tipo de usuario,2016,192.215
07,Castilla y León,Volumen total de agua registrada y distribuida por tipo de usuario,2014,228.279
07,Castilla y León,Volumen total de agua registrada y distribuida por tipo de usuario,2013,213.035
07,Castilla y León,Volumen total de agua registrada y distribuida por tipo de usuario,2012,212.398
07,Castilla y León,Volumen total de agua registrada y distribuida por tipo de usuario,2011,227.831
07,Castilla y León,Volumen total de agua registrada y distribuida por tipo de usuario,2010,221.573
07,Castilla y León,Volumen total de agua registrada y distribuida por tipo de usuario,2009,200.351
07,Castilla y León,Volumen total de agua registrada y distribuida por tipo de usuario,2008,207.324
07,Castilla y León,Volumen total de agua registrada y distribuida por tipo de usuario,2007,198.864
07,Castilla y León,Volumen total de agua registrada y distribuida por tipo de usuario,2006,230.402
07,Castilla y León,Volumen total de agua registrada y distribuida por tipo de usuario,2005,239.186
07,Castilla y León,Volumen total de agua registrada y distribuida por tipo de usuario,2004,254.701
07,Castilla y León,Volumen total de agua registrada y distribuida por tipo de usuario,2003,286.555
07,Castilla y León,Volumen total de agua registrada y distribuida por tipo de usuario,2002,260.522
07,Castilla y León,Volumen total de agua registrada y distribuida por tipo de usuario,2001,247.080
07,Castilla y León,Volumen total de agua registrada y distribuida por tipo de usuario,2000,264.330
07,Castilla y León,- Sectores económicos,2022,42.003
07,Castilla y León,- Sectores económicos,2020,41.284
07,Castilla y León,- Sectores económicos,2018,36.540
07,Castilla y León,- Sectores económicos,2016,40.294
07,Castilla y León,- Sectores económicos,2014,56.359
07,Castilla y León,- Sectores económicos,2013,50.374
07,Castilla y León,- Sectores económicos,2012,53.602
07,Castilla y León,- Sectores económicos,2011,48.845
07,Castilla y León,- Sectores económicos,2010,49.577
07,Castilla y León,- Sectores económicos,2009,37.123
07,Castilla y León,- Sectores económicos,2008,43.521
07,Castilla y León,- Sectores económicos,2007,30.724
07,Castilla y León,- Sectores económicos,2006,56.471
07,Castilla y León,- Sectores económicos,2005,69.721
07,Castilla y León,- Sectores económicos,2004,68.922
07,Castilla y León,- Sectores económicos,2003,81.892
07,Castilla y León,- Sectores económicos,2002,73.307
07,Castilla y León,- Sectores económicos,2001,67.086
07,Castilla y León,- Sectores económicos,2000,65.589
07,Castilla y León,- Hogares,2022,126.809
07,Castilla y León,- Hogares,2020,126.081
07,Castilla y León,- Hogares,2018,130.224
07,Castilla y León,- Hogares,2016,135.634
07,Castilla y León,- Hogares,2014,150.370
07,Castilla y León,- Hogares,2013,144.047
07,Castilla y León,- Hogares,2012,137.251
07,Castilla y León,- Hogares,2011,154.606
07,Castilla y León,- Hogares,2010,152.316
07,Castilla y León,- Hogares,2009,148.000
07,Castilla y León,- Hogares,2008,139.558
07,Castilla y León,- Hogares,2007,139.873
07,Castilla y León,- Hogares,2006,135.312
07,Castilla y León,- Hogares,2005,146.634
07,Castilla y León,- Hogares,2004,156.624
07,Castilla y León,- Hogares,2003,152.305
07,Castilla y León,- Hogares,2002,140.703
07,Castilla y León,- Hogares,2001,130.634
07,Castilla y León,- Hogares,2000,138.730
07,Castilla y León,- Consumos municipales,2022,21.691
07,Castilla y León,- Consumos municipales,2020,19.711
07,Castilla y León,- Consumos municipales,2018,18.440
07,Castilla y León,- Consumos municipales,2016,16.287
07,Castilla y León,- Consumos municipales,2014,21.550
07,Castilla y León,- Consumos municipales,2013,18.614
07,Castilla y León,- Consumos municipales,2012,21.545
07,Castilla y León,- Consumos municipales,2011,24.380
07,Castilla y León,- Consumos municipales,2010,19.680
07,Castilla y León,- Consumos municipales,2009,15.228
07,Castilla y León,- Consumos municipales,2008,24.245
07,Castilla y León,- Consumos municipales,2007,28.267
07,Castilla y León,- Consumos municipales,2006,38.619
07,Castilla y León,- Consumos municipales,2005,22.831
07,Castilla y León,- Consumos municipales,2004,29.155
07,Castilla y León,- Consumos municipales,2003,52.358
07,Castilla y León,- Consumos municipales,2002,46.512
07,Castilla y León,- Consumos municipales,2001,49.360
07,Castilla y León,- Consumos municipales,2000,60.011
07,Castilla y León,Importe facturado por el agua suministrada,2022,125.532
07,Castilla y León,Importe facturado por el agua suministrada,2020,114.333
07,Castilla y León,Importe facturado por el agua suministrada,2018,112.922
07,Castilla y León,Importe facturado por el agua suministrada,2016,124.949
07,Castilla y León,Importe facturado por el agua suministrada,2014,124.262
07,Castilla y León,Importe facturado por el agua suministrada,2013,113.987
07,Castilla y León,Importe facturado por el agua suministrada,2012,105.249
07,Castilla y León,Importe facturado por el agua suministrada,2011,111.779
07,Castilla y León,Importe facturado por el agua suministrada,2010,107.216
07,Castilla y León,Importe facturado por el agua suministrada,2009,104.336
07,Castilla y León,Importe facturado por el agua suministrada,2008,90.408
07,Castilla y León,Importe facturado por el agua suministrada,2007,91.396
07,Castilla y León,Importe facturado por el agua suministrada,2006,93.417
07,Castilla y León,Importe facturado por el agua suministrada,2005,92.470
07,Castilla y León,Importe facturado por el agua suministrada,2004,108.575
07,Castilla y León,Importe facturado por el agua suministrada,2003,117.488
07,Castilla y León,Importe facturado por el agua suministrada,2002,108.064
07,Castilla y León,Importe facturado por el agua suministrada,2001,92.383
07,Castilla y León,Importe facturado por el agua suministrada,2000,95.080
07,Castilla y León,Importe total de la inversión en los servicios de suministro,2022,6.970
07,Castilla y León,Importe total de la inversión en los servicios de suministro,2020,8.083
07,Castilla y León,Importe total de la inversión en los servicios de suministro,2018,4.651
07,Castilla y León,Importe total de la inversión en los servicios de suministro,2016,13.113
07,Castilla y León,Importe total de la inversión en los servicios de suministro,2014,19.669
07,Castilla y León,Importe total de la inversión en los servicios de suministro,2013,19.153
07,Castilla y León,Importe total de la inversión en los servicios de suministro,2012,17.343
07,Castilla y León,Importe total de la inversión en los servicios de suministro,2011,33.652
07,Castilla y León,Importe total de la inversión en los servicios de suministro,2010,42.266
07,Castilla y León,Importe total de la inversión en los servicios de suministro,2009,62.178
07,Castilla y León,Importe total de la inversión en los servicios de suministro,2008,67.240
07,Castilla y León,Importe total de la inversión en los servicios de suministro,2007,78.352
07,Castilla y León,Importe total de la inversión en los servicios de suministro,2006,22.120
07,Castilla y León,Importe total de la inversión en los servicios de suministro,2005,6.417
07,Castilla y León,Importe total de la inversión en los servicios de suministro,2004,9.052
07,Castilla y León,Importe total de la inversión en los servicios de suministro,2003,17.464
07,Castilla y León,Importe total de la inversión en los servicios de suministro,2002,7.969
07,Castilla y León,Importe total de la inversión en los servicios de suministro,2001,11.687
07,Castilla y León,Importe total de la inversión en los servicios de suministro,2000,18.265
07,Castilla y León,Longitud de la red de suministro (km),2022,15.965
07,Castilla y León,Longitud de la red de suministro (km),2020,16.333
07,Castilla y León,Longitud de la red de suministro (km),2018,16.011
07,Castilla y León,Longitud de la red de suministro (km),2016,16.532
07,Castilla y León,Longitud de la red de suministro (km),2014,16.458
07,Castilla y León,Longitud de la red de suministro (km),2013,18.296
07,Castilla y León,Longitud de la red de suministro (km),2012,..
07,Castilla y León,Longitud de la red de suministro (km),2011,..
07,Castilla y León,Longitud de la red de suministro (km),2010,..
07,Castilla y León,Longitud de la red de suministro (km),2009,..
07,Castilla y León,Longitud de la red de suministro (km),2008,..
07,Castilla y León,Longitud de la red de suministro (km),2007,..
07,Castilla y León,Longitud de la red de suministro (km),2006,..
07,Castilla y León,Longitud de la red de suministro (km),2005,..
07,Castilla y León,Longitud de la red de suministro (km),2004,..
07,Castilla y León,Longitud de la red de suministro (km),2003,..
07,Castilla y León,Longitud de la red de suministro (km),2002,..
07,Castilla y León,Longitud de la red de suministro (km),2001,..
07,Castilla y León,Longitud de la red de suministro (km),2000,..
08,Castilla - La Mancha,Volumen total de agua registrada y distribuida por tipo de usuario,2022,133.245
08,Castilla - La Mancha,Volumen total de agua registrada y distribuida por tipo de usuario,2020,143.427
08,Castilla - La Mancha,Volumen total de agua registrada y distribuida por tipo de usuario,2018,143.020
08,Castilla - La Mancha,Volumen total de agua registrada y distribuida por tipo de usuario,2016,149.899
08,Castilla - La Mancha,Volumen total de agua registrada y distribuida por tipo de usuario,2014,147.301
08,Castilla - La Mancha,Volumen total de agua registrada y distribuida por tipo de usuario,2013,160.503
08,Castilla - La Mancha,Volumen total de agua registrada y distribuida por tipo de usuario,2012,150.879
08,Castilla - La Mancha,Volumen total de agua registrada y distribuida por tipo de usuario,2011,156.224
08,Castilla - La Mancha,Volumen total de agua registrada y distribuida por tipo de usuario,2010,142.725
08,Castilla - La Mancha,Volumen total de agua registrada y distribuida por tipo de usuario,2009,149.213
08,Castilla - La Mancha,Volumen total de agua registrada y distribuida por tipo de usuario,2008,158.675
08,Castilla - La Mancha,Volumen total de agua registrada y distribuida por tipo de usuario,2007,163.626
08,Castilla - La Mancha,Volumen total de agua registrada y distribuida por tipo de usuario,2006,168.806
08,Castilla - La Mancha,Volumen total de agua registrada y distribuida por tipo de usuario,2005,173.256
08,Castilla - La Mancha,Volumen total de agua registrada y distribuida por tipo de usuario,2004,168.897
08,Castilla - La Mancha,Volumen total de agua registrada y distribuida por tipo de usuario,2003,175.685
08,Castilla - La Mancha,Volumen total de agua registrada y distribuida por tipo de usuario,2002,159.438
08,Castilla - La Mancha,Volumen total de agua registrada y distribuida por tipo de usuario,2001,172.358
08,Castilla - La Mancha,Volumen total de agua registrada y distribuida por tipo de usuario,2000,172.367
08,Castilla - La Mancha,- Sectores económicos,2022,25.308
08,Castilla - La Mancha,- Sectores económicos,2020,34.868
08,Castilla - La Mancha,- Sectores económicos,2018,25.640
08,Castilla - La Mancha,- Sectores económicos,2016,31.402
08,Castilla - La Mancha,- Sectores económicos,2014,35.120
08,Castilla - La Mancha,- Sectores económicos,2013,35.319
08,Castilla - La Mancha,- Sectores económicos,2012,24.977
08,Castilla - La Mancha,- Sectores económicos,2011,26.344
08,Castilla - La Mancha,- Sectores económicos,2010,18.869
08,Castilla - La Mancha,- Sectores económicos,2009,29.380
08,Castilla - La Mancha,- Sectores económicos,2008,30.055
08,Castilla - La Mancha,- Sectores económicos,2007,30.900
08,Castilla - La Mancha,- Sectores económicos,2006,32.738
08,Castilla - La Mancha,- Sectores económicos,2005,28.614
08,Castilla - La Mancha,- Sectores económicos,2004,26.659
08,Castilla - La Mancha,- Sectores económicos,2003,30.188
08,Castilla - La Mancha,- Sectores económicos,2002,21.890
08,Castilla - La Mancha,- Sectores económicos,2001,17.367
08,Castilla - La Mancha,- Sectores económicos,2000,26.240
08,Castilla - La Mancha,- Hogares,2022,100.441
08,Castilla - La Mancha,- Hogares,2020,93.902
08,Castilla - La Mancha,- Hogares,2018,99.940
08,Castilla - La Mancha,- Hogares,2016,95.378
08,Castilla - La Mancha,- Hogares,2014,94.482
08,Castilla - La Mancha,- Hogares,2013,106.503
08,Castilla - La Mancha,- Hogares,2012,108.939
08,Castilla - La Mancha,- Hogares,2011,116.529
08,Castilla - La Mancha,- Hogares,2010,113.038
08,Castilla - La Mancha,- Hogares,2009,107.545
08,Castilla - La Mancha,- Hogares,2008,111.701
08,Castilla - La Mancha,- Hogares,2007,114.730
08,Castilla - La Mancha,- Hogares,2006,117.099
08,Castilla - La Mancha,- Hogares,2005,120.222
08,Castilla - La Mancha,- Hogares,2004,120.840
08,Castilla - La Mancha,- Hogares,2003,121.778
08,Castilla - La Mancha,- Hogares,2002,120.259
08,Castilla - La Mancha,- Hogares,2001,128.203
08,Castilla - La Mancha,- Hogares,2000,118.712
08,Castilla - La Mancha,- Consumos municipales,2022,7.495
08,Castilla - La Mancha,- Consumos municipales,2020,14.657
08,Castilla - La Mancha,- Consumos municipales,2018,17.440
08,Castilla - La Mancha,- Consumos municipales,2016,23.119
08,Castilla - La Mancha,- Consumos municipales,2014,17.699
08,Castilla - La Mancha,- Consumos municipales,2013,18.681
08,Castilla - La Mancha,- Consumos municipales,2012,16.963
08,Castilla - La Mancha,- Consumos municipales,2011,13.351
08,Castilla - La Mancha,- Consumos municipales,2010,10.818
08,Castilla - La Mancha,- Consumos municipales,2009,12.288
08,Castilla - La Mancha,- Consumos municipales,2008,16.919
08,Castilla - La Mancha,- Consumos municipales,2007,17.996
08,Castilla - La Mancha,- Consumos municipales,2006,18.969
08,Castilla - La Mancha,- Consumos municipales,2005,24.420
08,Castilla - La Mancha,- Consumos municipales,2004,21.398
08,Castilla - La Mancha,- Consumos municipales,2003,23.719
08,Castilla - La Mancha,- Consumos municipales,2002,17.289
08,Castilla - La Mancha,- Consumos municipales,2001,26.788
08,Castilla - La Mancha,- Consumos municipales,2000,27.415
08,Castilla - La Mancha,Importe facturado por el agua suministrada,2022,135.951
08,Castilla - La Mancha,Importe facturado por el agua suministrada,2020,123.243
08,Castilla - La Mancha,Importe facturado por el agua suministrada,2018,112.312
08,Castilla - La Mancha,Importe facturado por el agua suministrada,2016,119.582
08,Castilla - La Mancha,Importe facturado por el agua suministrada,2014,120.677
08,Castilla - La Mancha,Importe facturado por el agua suministrada,2013,126.227
08,Castilla - La Mancha,Importe facturado por el agua suministrada,2012,128.757
08,Castilla - La Mancha,Importe facturado por el agua suministrada,2011,121.092
08,Castilla - La Mancha,Importe facturado por el agua suministrada,2010,120.066
08,Castilla - La Mancha,Importe facturado por el agua suministrada,2009,109.479
08,Castilla - La Mancha,Importe facturado por el agua suministrada,2008,101.983
08,Castilla - La Mancha,Importe facturado por el agua suministrada,2007,94.891
08,Castilla - La Mancha,Importe facturado por el agua suministrada,2006,89.115
08,Castilla - La Mancha,Importe facturado por el agua suministrada,2005,84.836
08,Castilla - La Mancha,Importe facturado por el agua suministrada,2004,80.015
08,Castilla - La Mancha,Importe facturado por el agua suministrada,2003,73.788
08,Castilla - La Mancha,Importe facturado por el agua suministrada,2002,62.016
08,Castilla - La Mancha,Importe facturado por el agua suministrada,2001,63.309
08,Castilla - La Mancha,Importe facturado por el agua suministrada,2000,60.931
08,Castilla - La Mancha,Importe total de la inversión en los servicios de suministro,2022,6.930
08,Castilla - La Mancha,Importe total de la inversión en los servicios de suministro,2020,2.397
08,Castilla - La Mancha,Importe total de la inversión en los servicios de suministro,2018,2.041
08,Castilla - La Mancha,Importe total de la inversión en los servicios de suministro,2016,4.693
08,Castilla - La Mancha,Importe total de la inversión en los servicios de suministro,2014,7.196
08,Castilla - La Mancha,Importe total de la inversión en los servicios de suministro,2013,5.124
08,Castilla - La Mancha,Importe total de la inversión en los servicios de suministro,2012,5.856
08,Castilla - La Mancha,Importe total de la inversión en los servicios de suministro,2011,4.553
08,Castilla - La Mancha,Importe total de la inversión en los servicios de suministro,2010,11.090
08,Castilla - La Mancha,Importe total de la inversión en los servicios de suministro,2009,8.728
08,Castilla - La Mancha,Importe total de la inversión en los servicios de suministro,2008,8.283
08,Castilla - La Mancha,Importe total de la inversión en los servicios de suministro,2007,16.905
08,Castilla - La Mancha,Importe total de la inversión en los servicios de suministro,2006,5.440
08,Castilla - La Mancha,Importe total de la inversión en los servicios de suministro,2005,4.898
08,Castilla - La Mancha,Importe total de la inversión en los servicios de suministro,2004,4.267
08,Castilla - La Mancha,Importe total de la inversión en los servicios de suministro,2003,3.905
08,Castilla - La Mancha,Importe total de la inversión en los servicios de suministro,2002,3.981
08,Castilla - La Mancha,Importe total de la inversión en los servicios de suministro,2001,7.321
08,Castilla - La Mancha,Importe total de la inversión en los servicios de suministro,2000,13.631
08,Castilla - La Mancha,Longitud de la red de suministro (km),2022,17.920
08,Castilla - La Mancha,Longitud de la red de suministro (km),2020,13.944
08,Castilla - La Mancha,Longitud de la red de suministro (km),2018,14.584
08,Castilla - La Mancha,Longitud de la red de suministro (km),2016,13.697
08,Castilla - La Mancha,Longitud de la red de suministro (km),2014,13.895
08,Castilla - La Mancha,Longitud de la red de suministro (km),2013,15.190
08,Castilla - La Mancha,Longitud de la red de suministro (km),2012,..
08,Castilla - La Mancha,Longitud de la red de suministro (km),2011,..
08,Castilla - La Mancha,Longitud de la red de suministro (km),2010,..
08,Castilla - La Mancha,Longitud de la red de suministro (km),2009,..
08,Castilla - La Mancha,Longitud de la red de suministro (km),2008,..
08,Castilla - La Mancha,Longitud de la red de suministro (km),2007,..
08,Castilla - La Mancha,Longitud de la red de suministro (km),2006,..
08,Castilla - La Mancha,Longitud de la red de suministro (km),2005,..
08,Castilla - La Mancha,Longitud de la red de suministro (km),2004,..
08,Castilla - La Mancha,Longitud de la red de suministro (km),2003,..
08,Castilla - La Mancha,Longitud de la red de suministro (km),2002,..
08,Castilla - La Mancha,Longitud de la red de suministro (km),2001,..
08,Castilla - La Mancha,Longitud de la red de suministro (km),2000,..
09,Cataluña,Volumen total de agua registrada y distribuida por tipo de usuario,2022,445.432
09,Cataluña,Volumen total de agua registrada y distribuida por tipo de usuario,2020,454.227
09,Cataluña,Volumen total de agua registrada y distribuida por tipo de usuario,2018,467.324
09,Cataluña,Volumen total de agua registrada y distribuida por tipo de usuario,2016,465.434
09,Cataluña,Volumen total de agua registrada y distribuida por tipo de usuario,2014,457.383
09,Cataluña,Volumen total de agua registrada y distribuida por tipo de usuario,2013,461.504
09,Cataluña,Volumen total de agua registrada y distribuida por tipo de usuario,2012,504.301
09,Cataluña,Volumen total de agua registrada y distribuida por tipo de usuario,2011,509.837
09,Cataluña,Volumen total de agua registrada y distribuida por tipo de usuario,2010,514.872
09,Cataluña,Volumen total de agua registrada y distribuida por tipo de usuario,2009,510.990
09,Cataluña,Volumen total de agua registrada y distribuida por tipo de usuario,2008,547.907
09,Cataluña,Volumen total de agua registrada y distribuida por tipo de usuario,2007,613.298
09,Cataluña,Volumen total de agua registrada y distribuida por tipo de usuario,2006,591.939
09,Cataluña,Volumen total de agua registrada y distribuida por tipo de usuario,2005,541.377
09,Cataluña,Volumen total de agua registrada y distribuida por tipo de usuario,2004,576.186
09,Cataluña,Volumen total de agua registrada y distribuida por tipo de usuario,2003,618.368
09,Cataluña,Volumen total de agua registrada y distribuida por tipo de usuario,2002,632.718
09,Cataluña,Volumen total de agua registrada y distribuida por tipo de usuario,2001,661.254
09,Cataluña,Volumen total de agua registrada y distribuida por tipo de usuario,2000,657.130
09,Cataluña,- Sectores económicos,2022,91.449
09,Cataluña,- Sectores económicos,2020,84.462
09,Cataluña,- Sectores económicos,2018,92.942
09,Cataluña,- Sectores económicos,2016,85.764
09,Cataluña,- Sectores económicos,2014,107.734
09,Cataluña,- Sectores económicos,2013,112.303
09,Cataluña,- Sectores económicos,2012,125.554
09,Cataluña,- Sectores económicos,2011,125.823
09,Cataluña,- Sectores económicos,2010,131.573
09,Cataluña,- Sectores económicos,2009,131.289
09,Cataluña,- Sectores económicos,2008,151.915
09,Cataluña,- Sectores económicos,2007,186.075
09,Cataluña,- Sectores económicos,2006,157.633
09,Cataluña,- Sectores económicos,2005,103.477
09,Cataluña,- Sectores económicos,2004,116.259
09,Cataluña,- Sectores económicos,2003,114.764
09,Cataluña,- Sectores económicos,2002,152.184
09,Cataluña,- Sectores económicos,2001,170.314
09,Cataluña,- Sectores económicos,2000,167.327
09,Cataluña,- Hogares,2022,321.563
09,Cataluña,- Hogares,2020,346.443
09,Cataluña,- Hogares,2018,337.996
09,Cataluña,- Hogares,2016,344.628
09,Cataluña,- Hogares,2014,318.709
09,Cataluña,- Hogares,2013,316.533
09,Cataluña,- Hogares,2012,337.621
09,Cataluña,- Hogares,2011,347.007
09,Cataluña,- Hogares,2010,354.396
09,Cataluña,- Hogares,2009,352.091
09,Cataluña,- Hogares,2008,367.529
09,Cataluña,- Hogares,2007,390.880
09,Cataluña,- Hogares,2006,390.921
09,Cataluña,- Hogares,2005,413.627
09,Cataluña,- Hogares,2004,432.869
09,Cataluña,- Hogares,2003,448.967
09,Cataluña,- Hogares,2002,432.952
09,Cataluña,- Hogares,2001,426.217
09,Cataluña,- Hogares,2000,426.161
09,Cataluña,- Consumos municipales,2022,32.421
09,Cataluña,- Consumos municipales,2020,23.322
09,Cataluña,- Consumos municipales,2018,36.386
09,Cataluña,- Consumos municipales,2016,35.042
09,Cataluña,- Consumos municipales,2014,30.940
09,Cataluña,- Consumos municipales,2013,32.668
09,Cataluña,- Consumos municipales,2012,41.126
09,Cataluña,- Consumos municipales,2011,37.007
09,Cataluña,- Consumos municipales,2010,28.903
09,Cataluña,- Consumos municipales,2009,27.610
09,Cataluña,- Consumos municipales,2008,28.463
09,Cataluña,- Consumos municipales,2007,36.343
09,Cataluña,- Consumos municipales,2006,43.385
09,Cataluña,- Consumos municipales,2005,24.273
09,Cataluña,- Consumos municipales,2004,27.058
09,Cataluña,- Consumos municipales,2003,54.637
09,Cataluña,- Consumos municipales,2002,47.582
09,Cataluña,- Consumos municipales,2001,64.723
09,Cataluña,- Consumos municipales,2000,63.642
09,Cataluña,Importe facturado por el agua suministrada,2022,704.909
09,Cataluña,Importe facturado por el agua suministrada,2020,700.799
09,Cataluña,Importe facturado por el agua suministrada,2018,708.519
09,Cataluña,Importe facturado por el agua suministrada,2016,694.914
09,Cataluña,Importe facturado por el agua suministrada,2014,647.195
09,Cataluña,Importe facturado por el agua suministrada,2013,616.650
09,Cataluña,Importe facturado por el agua suministrada,2012,576.754
09,Cataluña,Importe facturado por el agua suministrada,2011,571.690
09,Cataluña,Importe facturado por el agua suministrada,2010,570.306
09,Cataluña,Importe facturado por el agua suministrada,2009,538.916
09,Cataluña,Importe facturado por el agua suministrada,2008,507.651
09,Cataluña,Importe facturado por el agua suministrada,2007,519.367
09,Cataluña,Importe facturado por el agua suministrada,2006,512.201
09,Cataluña,Importe facturado por el agua suministrada,2005,450.062
09,Cataluña,Importe facturado por el agua suministrada,2004,445.838
09,Cataluña,Importe facturado por el agua suministrada,2003,505.903
09,Cataluña,Importe facturado por el agua suministrada,2002,501.422
09,Cataluña,Importe facturado por el agua suministrada,2001,501.668
09,Cataluña,Importe facturado por el agua suministrada,2000,508.552
09,Cataluña,Importe total de la inversión en los servicios de suministro,2022,36.855
09,Cataluña,Importe total de la inversión en los servicios de suministro,2020,30.222
09,Cataluña,Importe total de la inversión en los servicios de suministro,2018,61.965
09,Cataluña,Importe total de la inversión en los servicios de suministro,2016,39.733
09,Cataluña,Importe total de la inversión en los servicios de suministro,2014,60.119
09,Cataluña,Importe total de la inversión en los servicios de suministro,2013,52.378
09,Cataluña,Importe total de la inversión en los servicios de suministro,2012,65.131
09,Cataluña,Importe total de la inversión en los servicios de suministro,2011,56.409
09,Cataluña,Importe total de la inversión en los servicios de suministro,2010,66.155
09,Cataluña,Importe total de la inversión en los servicios de suministro,2009,62.552
09,Cataluña,Importe total de la inversión en los servicios de suministro,2008,95.941
09,Cataluña,Importe total de la inversión en los servicios de suministro,2007,74.165
09,Cataluña,Importe total de la inversión en los servicios de suministro,2006,61.214
09,Cataluña,Importe total de la inversión en los servicios de suministro,2005,60.287
09,Cataluña,Importe total de la inversión en los servicios de suministro,2004,49.064
09,Cataluña,Importe total de la inversión en los servicios de suministro,2003,78.478
09,Cataluña,Importe total de la inversión en los servicios de suministro,2002,63.945
09,Cataluña,Importe total de la inversión en los servicios de suministro,2001,47.824
09,Cataluña,Importe total de la inversión en los servicios de suministro,2000,57.475
09,Cataluña,Longitud de la red de suministro (km),2022,33.832
09,Cataluña,Longitud de la red de suministro (km),2020,38.893
09,Cataluña,Longitud de la red de suministro (km),2018,38.844
09,Cataluña,Longitud de la red de suministro (km),2016,39.439
09,Cataluña,Longitud de la red de suministro (km),2014,39.867
09,Cataluña,Longitud de la red de suministro (km),2013,41.385
09,Cataluña,Longitud de la red de suministro (km),2012,..
09,Cataluña,Longitud de la red de suministro (km),2011,..
09,Cataluña,Longitud de la red de suministro (km),2010,..
09,Cataluña,Longitud de la red de suministro (km),2009,..
09,Cataluña,Longitud de la red de suministro (km),2008,..
09,Cataluña,Longitud de la red de suministro (km),2007,..
09,Cataluña,Longitud de la red de suministro (km),2006,..
09,Cataluña,Longitud de la red de suministro (km),2005,..
09,Cataluña,Longitud de la red de suministro (km),2004,..
09,Cataluña,Longitud de la red de suministro (km),2003,..
09,Cataluña,Longitud de la red de suministro (km),2002,..
09,Cataluña,Longitud de la red de suministro (km),2001,..
09,Cataluña,Longitud de la red de suministro (km),2000,..
10,Comunitat Valenciana,Volumen total de agua registrada y distribuida por tipo de usuario,2022,354.425
10,Comunitat Valenciana,Volumen total de agua registrada y distribuida por tipo de usuario,2020,389.668
10,Comunitat Valenciana,Volumen total de agua registrada y distribuida por tipo de usuario,2018,407.669
10,Comunitat Valenciana,Volumen total de agua registrada y distribuida por tipo de usuario,2016,368.952
10,Comunitat Valenciana,Volumen total de agua registrada y distribuida por tipo de usuario,2014,381.995
10,Comunitat Valenciana,Volumen total de agua registrada y distribuida por tipo de usuario,2013,364.059
10,Comunitat Valenciana,Volumen total de agua registrada y distribuida por tipo de usuario,2012,369.422
10,Comunitat Valenciana,Volumen total de agua registrada y distribuida por tipo de usuario,2011,356.403
10,Comunitat Valenciana,Volumen total de agua registrada y distribuida por tipo de usuario,2010,363.797
10,Comunitat Valenciana,Volumen total de agua registrada y distribuida por tipo de usuario,2009,395.768
10,Comunitat Valenciana,Volumen total de agua registrada y distribuida por tipo de usuario,2008,438.975
10,Comunitat Valenciana,Volumen total de agua registrada y distribuida por tipo de usuario,2007,421.075
10,Comunitat Valenciana,Volumen total de agua registrada y distribuida por tipo de usuario,2006,421.497
10,Comunitat Valenciana,Volumen total de agua registrada y distribuida por tipo de usuario,2005,393.009
10,Comunitat Valenciana,Volumen total de agua registrada y distribuida por tipo de usuario,2004,422.820
10,Comunitat Valenciana,Volumen total de agua registrada y distribuida por tipo de usuario,2003,389.367
10,Comunitat Valenciana,Volumen total de agua registrada y distribuida por tipo de usuario,2002,351.382
10,Comunitat Valenciana,Volumen total de agua registrada y distribuida por tipo de usuario,2001,363.360
10,Comunitat Valenciana,Volumen total de agua registrada y distribuida por tipo de usuario,2000,368.606
10,Comunitat Valenciana,- Sectores económicos,2022,65.298
10,Comunitat Valenciana,- Sectores económicos,2020,57.296
10,Comunitat Valenciana,- Sectores económicos,2018,52.749
10,Comunitat Valenciana,- Sectores económicos,2016,44.401
10,Comunitat Valenciana,- Sectores económicos,2014,44.282
10,Comunitat Valenciana,- Sectores económicos,2013,44.553
10,Comunitat Valenciana,- Sectores económicos,2012,49.096
10,Comunitat Valenciana,- Sectores económicos,2011,54.961
10,Comunitat Valenciana,- Sectores económicos,2010,50.449
10,Comunitat Valenciana,- Sectores económicos,2009,52.942
10,Comunitat Valenciana,- Sectores económicos,2008,69.759
10,Comunitat Valenciana,- Sectores económicos,2007,69.664
10,Comunitat Valenciana,- Sectores económicos,2006,66.110
10,Comunitat Valenciana,- Sectores económicos,2005,66.515
10,Comunitat Valenciana,- Sectores económicos,2004,93.247
10,Comunitat Valenciana,- Sectores económicos,2003,93.047
10,Comunitat Valenciana,- Sectores económicos,2002,76.441
10,Comunitat Valenciana,- Sectores económicos,2001,102.860
10,Comunitat Valenciana,- Sectores económicos,2000,92.948
10,Comunitat Valenciana,- Hogares,2022,258.123
10,Comunitat Valenciana,- Hogares,2020,289.555
10,Comunitat Valenciana,- Hogares,2018,315.744
10,Comunitat Valenciana,- Hogares,2016,292.572
10,Comunitat Valenciana,- Hogares,2014,292.516
10,Comunitat Valenciana,- Hogares,2013,285.743
10,Comunitat Valenciana,- Hogares,2012,293.361
10,Comunitat Valenciana,- Hogares,2011,277.013
10,Comunitat Valenciana,- Hogares,2010,286.121
10,Comunitat Valenciana,- Hogares,2009,317.668
10,Comunitat Valenciana,- Hogares,2008,336.757
10,Comunitat Valenciana,- Hogares,2007,323.864
10,Comunitat Valenciana,- Hogares,2006,324.894
10,Comunitat Valenciana,- Hogares,2005,293.036
10,Comunitat Valenciana,- Hogares,2004,295.284
10,Comunitat Valenciana,- Hogares,2003,265.304
10,Comunitat Valenciana,- Hogares,2002,249.908
10,Comunitat Valenciana,- Hogares,2001,237.245
10,Comunitat Valenciana,- Hogares,2000,249.685
10,Comunitat Valenciana,- Consumos municipales,2022,31.004
10,Comunitat Valenciana,- Consumos municipales,2020,42.817
10,Comunitat Valenciana,- Consumos municipales,2018,39.176
10,Comunitat Valenciana,- Consumos municipales,2016,31.979
10,Comunitat Valenciana,- Consumos municipales,2014,45.197
10,Comunitat Valenciana,- Consumos municipales,2013,33.763
10,Comunitat Valenciana,- Consumos municipales,2012,26.965
10,Comunitat Valenciana,- Consumos municipales,2011,24.429
10,Comunitat Valenciana,- Consumos municipales,2010,27.227
10,Comunitat Valenciana,- Consumos municipales,2009,25.158
10,Comunitat Valenciana,- Consumos municipales,2008,32.459
10,Comunitat Valenciana,- Consumos municipales,2007,27.547
10,Comunitat Valenciana,- Consumos municipales,2006,30.493
10,Comunitat Valenciana,- Consumos municipales,2005,33.458
10,Comunitat Valenciana,- Consumos municipales,2004,34.289
10,Comunitat Valenciana,- Consumos municipales,2003,31.016
10,Comunitat Valenciana,- Consumos municipales,2002,25.033
10,Comunitat Valenciana,- Consumos municipales,2001,23.255
10,Comunitat Valenciana,- Consumos municipales,2000,25.973
10,Comunitat Valenciana,Importe facturado por el agua suministrada,2022,452.079
10,Comunitat Valenciana,Importe facturado por el agua suministrada,2020,463.503
10,Comunitat Valenciana,Importe facturado por el agua suministrada,2018,492.676
10,Comunitat Valenciana,Importe facturado por el agua suministrada,2016,483.866
10,Comunitat Valenciana,Importe facturado por el agua suministrada,2014,460.963
10,Comunitat Valenciana,Importe facturado por el agua suministrada,2013,448.695
10,Comunitat Valenciana,Importe facturado por el agua suministrada,2012,450.286
10,Comunitat Valenciana,Importe facturado por el agua suministrada,2011,396.173
10,Comunitat Valenciana,Importe facturado por el agua suministrada,2010,374.919
10,Comunitat Valenciana,Importe facturado por el agua suministrada,2009,374.632
10,Comunitat Valenciana,Importe facturado por el agua suministrada,2008,425.691
10,Comunitat Valenciana,Importe facturado por el agua suministrada,2007,372.308
10,Comunitat Valenciana,Importe facturado por el agua suministrada,2006,327.874
10,Comunitat Valenciana,Importe facturado por el agua suministrada,2005,275.921
10,Comunitat Valenciana,Importe facturado por el agua suministrada,2004,297.070
10,Comunitat Valenciana,Importe facturado por el agua suministrada,2003,249.449
10,Comunitat Valenciana,Importe facturado por el agua suministrada,2002,206.077
10,Comunitat Valenciana,Importe facturado por el agua suministrada,2001,199.498
10,Comunitat Valenciana,Importe facturado por el agua suministrada,2000,202.655
10,Comunitat Valenciana,Importe total de la inversión en los servicios de suministro,2022,47.889
10,Comunitat Valenciana,Importe total de la inversión en los servicios de suministro,2020,39.274
10,Comunitat Valenciana,Importe total de la inversión en los servicios de suministro,2018,17.207
10,Comunitat Valenciana,Importe total de la inversión en los servicios de suministro,2016,20.264
10,Comunitat Valenciana,Importe total de la inversión en los servicios de suministro,2014,26.192
10,Comunitat Valenciana,Importe total de la inversión en los servicios de suministro,2013,42.230
10,Comunitat Valenciana,Importe total de la inversión en los servicios de suministro,2012,26.004
10,Comunitat Valenciana,Importe total de la inversión en los servicios de suministro,2011,30.875
10,Comunitat Valenciana,Importe total de la inversión en los servicios de suministro,2010,25.950
10,Comunitat Valenciana,Importe total de la inversión en los servicios de suministro,2009,31.266
10,Comunitat Valenciana,Importe total de la inversión en los servicios de suministro,2008,36.053
10,Comunitat Valenciana,Importe total de la inversión en los servicios de suministro,2007,46.532
10,Comunitat Valenciana,Importe total de la inversión en los servicios de suministro,2006,28.145
10,Comunitat Valenciana,Importe total de la inversión en los servicios de suministro,2005,28.523
10,Comunitat Valenciana,Importe total de la inversión en los servicios de suministro,2004,29.653
10,Comunitat Valenciana,Importe total de la inversión en los servicios de suministro,2003,40.637
10,Comunitat Valenciana,Importe total de la inversión en los servicios de suministro,2002,25.089
10,Comunitat Valenciana,Importe total de la inversión en los servicios de suministro,2001,17.524
10,Comunitat Valenciana,Importe total de la inversión en los servicios de suministro,2000,17.453
10,Comunitat Valenciana,Longitud de la red de suministro (km),2022,34.287
10,Comunitat Valenciana,Longitud de la red de suministro (km),2020,39.867
10,Comunitat Valenciana,Longitud de la red de suministro (km),2018,39.484
10,Comunitat Valenciana,Longitud de la red de suministro (km),2016,33.792
10,Comunitat Valenciana,Longitud de la red de suministro (km),2014,37.743
10,Comunitat Valenciana,Longitud de la red de suministro (km),2013,42.791
10,Comunitat Valenciana,Longitud de la red de suministro (km),2012,..
10,Comunitat Valenciana,Longitud de la red de suministro (km),2011,..
10,Comunitat Valenciana,Longitud de la red de suministro (km),2010,..
10,Comunitat Valenciana,Longitud de la red de suministro (km),2009,..
10,Comunitat Valenciana,Longitud de la red de suministro (km),2008,..
10,Comunitat Valenciana,Longitud de la red de suministro (km),2007,..
10,Comunitat Valenciana,Longitud de la red de suministro (km),2006,..
10,Comunitat Valenciana,Longitud de la red de suministro (km),2005,..
10,Comunitat Valenciana,Longitud de la red de suministro (km),2004,..
10,Comunitat Valenciana,Longitud de la red de suministro (km),2003,..
10,Comunitat Valenciana,Longitud de la red de suministro (km),2002,..
10,Comunitat Valenciana,Longitud de la red de suministro (km),2001,..
10,Comunitat Valenciana,Longitud de la red de suministro (km),2000,..
11,Extremadura,Volumen total de agua registrada y distribuida por tipo de usuario,2022,66.445
11,Extremadura,Volumen total de agua registrada y distribuida por tipo de usuario,2020,61.740
11,Extremadura,Volumen total de agua registrada y distribuida por tipo de usuario,2018,67.141
11,Extremadura,Volumen total de agua registrada y distribuida por tipo de usuario,2016,73.179
11,Extremadura,Volumen total de agua registrada y distribuida por tipo de usuario,2014,67.890
11,Extremadura,Volumen total de agua registrada y distribuida por tipo de usuario,2013,69.626
11,Extremadura,Volumen total de agua registrada y distribuida por tipo de usuario,2012,75.522
11,Extremadura,Volumen total de agua registrada y distribuida por tipo de usuario,2011,74.042
11,Extremadura,Volumen total de agua registrada y distribuida por tipo de usuario,2010,78.298
11,Extremadura,Volumen total de agua registrada y distribuida por tipo de usuario,2009,79.683
11,Extremadura,Volumen total de agua registrada y distribuida por tipo de usuario,2008,90.963
11,Extremadura,Volumen total de agua registrada y distribuida por tipo de usuario,2007,98.774
11,Extremadura,Volumen total de agua registrada y distribuida por tipo de usuario,2006,111.253
11,Extremadura,Volumen total de agua registrada y distribuida por tipo de usuario,2005,108.617
11,Extremadura,Volumen total de agua registrada y distribuida por tipo de usuario,2004,114.719
11,Extremadura,Volumen total de agua registrada y distribuida por tipo de usuario,2003,114.108
11,Extremadura,Volumen total de agua registrada y distribuida por tipo de usuario,2002,97.182
11,Extremadura,Volumen total de agua registrada y distribuida por tipo de usuario,2001,95.105
11,Extremadura,Volumen total de agua registrada y distribuida por tipo de usuario,2000,81.855
11,Extremadura,- Sectores económicos,2022,5.334
11,Extremadura,- Sectores económicos,2020,6.489
11,Extremadura,- Sectores económicos,2018,7.973
11,Extremadura,- Sectores económicos,2016,11.144
11,Extremadura,- Sectores económicos,2014,6.524
11,Extremadura,- Sectores económicos,2013,5.026
11,Extremadura,- Sectores económicos,2012,6.859
11,Extremadura,- Sectores económicos,2011,7.540
11,Extremadura,- Sectores económicos,2010,5.971
11,Extremadura,- Sectores económicos,2009,6.949
11,Extremadura,- Sectores económicos,2008,18.392
11,Extremadura,- Sectores económicos,2007,14.655
11,Extremadura,- Sectores económicos,2006,26.586
11,Extremadura,- Sectores económicos,2005,26.160
11,Extremadura,- Sectores económicos,2004,26.742
11,Extremadura,- Sectores económicos,2003,28.674
11,Extremadura,- Sectores económicos,2002,18.577
11,Extremadura,- Sectores económicos,2001,18.461
11,Extremadura,- Sectores económicos,2000,12.570
11,Extremadura,- Hogares,2022,48.931
11,Extremadura,- Hogares,2020,46.317
11,Extremadura,- Hogares,2018,49.199
11,Extremadura,- Hogares,2016,50.996
11,Extremadura,- Hogares,2014,49.882
11,Extremadura,- Hogares,2013,56.230
11,Extremadura,- Hogares,2012,55.277
11,Extremadura,- Hogares,2011,56.978
11,Extremadura,- Hogares,2010,63.359
11,Extremadura,- Hogares,2009,64.433
11,Extremadura,- Hogares,2008,62.185
11,Extremadura,- Hogares,2007,73.287
11,Extremadura,- Hogares,2006,72.462
11,Extremadura,- Hogares,2005,68.442
11,Extremadura,- Hogares,2004,69.886
11,Extremadura,- Hogares,2003,63.802
11,Extremadura,- Hogares,2002,64.754
11,Extremadura,- Hogares,2001,65.284
11,Extremadura,- Hogares,2000,61.080
11,Extremadura,- Consumos municipales,2022,12.180
11,Extremadura,- Consumos municipales,2020,8.934
11,Extremadura,- Consumos municipales,2018,9.969
11,Extremadura,- Consumos municipales,2016,11.039
11,Extremadura,- Consumos municipales,2014,11.484
11,Extremadura,- Consumos municipales,2013,8.370
11,Extremadura,- Consumos municipales,2012,13.386
11,Extremadura,- Consumos municipales,2011,9.524
11,Extremadura,- Consumos municipales,2010,8.968
11,Extremadura,- Consumos municipales,2009,8.301
11,Extremadura,- Consumos municipales,2008,10.386
11,Extremadura,- Consumos municipales,2007,10.832
11,Extremadura,- Consumos municipales,2006,12.205
11,Extremadura,- Consumos municipales,2005,14.015
11,Extremadura,- Consumos municipales,2004,18.091
11,Extremadura,- Consumos municipales,2003,21.632
11,Extremadura,- Consumos municipales,2002,13.851
11,Extremadura,- Consumos municipales,2001,11.360
11,Extremadura,- Consumos municipales,2000,8.205
11,Extremadura,Importe facturado por el agua suministrada,2022,75.925
11,Extremadura,Importe facturado por el agua suministrada,2020,62.392
11,Extremadura,Importe facturado por el agua suministrada,2018,67.116
11,Extremadura,Importe facturado por el agua suministrada,2016,68.195
11,Extremadura,Importe facturado por el agua suministrada,2014,67.670
11,Extremadura,Importe facturado por el agua suministrada,2013,72.610
11,Extremadura,Importe facturado por el agua suministrada,2012,73.152
11,Extremadura,Importe facturado por el agua suministrada,2011,62.941
11,Extremadura,Importe facturado por el agua suministrada,2010,63.248
11,Extremadura,Importe facturado por el agua suministrada,2009,61.946
11,Extremadura,Importe facturado por el agua suministrada,2008,59.922
11,Extremadura,Importe facturado por el agua suministrada,2007,67.157
11,Extremadura,Importe facturado por el agua suministrada,2006,66.043
11,Extremadura,Importe facturado por el agua suministrada,2005,62.172
11,Extremadura,Importe facturado por el agua suministrada,2004,64.535
11,Extremadura,Importe facturado por el agua suministrada,2003,61.618
11,Extremadura,Importe facturado por el agua suministrada,2002,54.241
11,Extremadura,Importe facturado por el agua suministrada,2001,51.333
11,Extremadura,Importe facturado por el agua suministrada,2000,45.539
11,Extremadura,Importe total de la inversión en los servicios de suministro,2022,4.005
11,Extremadura,Importe total de la inversión en los servicios de suministro,2020,2.263
11,Extremadura,Importe total de la inversión en los servicios de suministro,2018,356
11,Extremadura,Importe total de la inversión en los servicios de suministro,2016,547
11,Extremadura,Importe total de la inversión en los servicios de suministro,2014,1.957
11,Extremadura,Importe total de la inversión en los servicios de suministro,2013,2.075
11,Extremadura,Importe total de la inversión en los servicios de suministro,2012,3.240
11,Extremadura,Importe total de la inversión en los servicios de suministro,2011,470
11,Extremadura,Importe total de la inversión en los servicios de suministro,2010,1.288
11,Extremadura,Importe total de la inversión en los servicios de suministro,2009,1.906
11,Extremadura,Importe total de la inversión en los servicios de suministro,2008,6.494
11,Extremadura,Importe total de la inversión en los servicios de suministro,2007,4.012
11,Extremadura,Importe total de la inversión en los servicios de suministro,2006,4.063
11,Extremadura,Importe total de la inversión en los servicios de suministro,2005,3.072
11,Extremadura,Importe total de la inversión en los servicios de suministro,2004,2.201
11,Extremadura,Importe total de la inversión en los servicios de suministro,2003,3.878
11,Extremadura,Importe total de la inversión en los servicios de suministro,2002,2.630
11,Extremadura,Importe total de la inversión en los servicios de suministro,2001,4.301
11,Extremadura,Importe total de la inversión en los servicios de suministro,2000,1.214
11,Extremadura,Longitud de la red de suministro (km),2022,8.678
11,Extremadura,Longitud de la red de suministro (km),2020,8.310
11,Extremadura,Longitud de la red de suministro (km),2018,8.276
11,Extremadura,Longitud de la red de suministro (km),2016,8.001
11,Extremadura,Longitud de la red de suministro (km),2014,6.996
11,Extremadura,Longitud de la red de suministro (km),2013,7.633
11,Extremadura,Longitud de la red de suministro (km),2012,..
11,Extremadura,Longitud de la red de suministro (km),2011,..
11,Extremadura,Longitud de la red de suministro (km),2010,..
11,Extremadura,Longitud de la red de suministro (km),2009,..
11,Extremadura,Longitud de la red de suministro (km),2008,..
11,Extremadura,Longitud de la red de suministro (km),2007,..
11,Extremadura,Longitud de la red de suministro (km),2006,..
11,Extremadura,Longitud de la red de suministro (km),2005,..
11,Extremadura,Longitud de la red de suministro (km),2004,..
11,Extremadura,Longitud de la red de suministro (km),2003,..
11,Extremadura,Longitud de la red de suministro (km),2002,..
11,Extremadura,Longitud de la red de suministro (km),2001,..
11,Extremadura,Longitud de la red de suministro (km),2000,..
12,Galicia,Volumen total de agua registrada y distribuida por tipo de usuario,2022,171.335
12,Galicia,Volumen total de agua registrada y distribuida por tipo de usuario,2020,177.892
12,Galicia,Volumen total de agua registrada y distribuida por tipo de usuario,2018,176.868
12,Galicia,Volumen total de agua registrada y distribuida por tipo de usuario,2016,187.900
12,Galicia,Volumen total de agua registrada y distribuida por tipo de usuario,2014,186.405
12,Galicia,Volumen total de agua registrada y distribuida por tipo de usuario,2013,184.559
12,Galicia,Volumen total de agua registrada y distribuida por tipo de usuario,2012,189.873
12,Galicia,Volumen total de agua registrada y distribuida por tipo de usuario,2011,182.743
12,Galicia,Volumen total de agua registrada y distribuida por tipo de usuario,2010,188.948
12,Galicia,Volumen total de agua registrada y distribuida por tipo de usuario,2009,197.023
12,Galicia,Volumen total de agua registrada y distribuida por tipo de usuario,2008,206.568
12,Galicia,Volumen total de agua registrada y distribuida por tipo de usuario,2007,213.865
12,Galicia,Volumen total de agua registrada y distribuida por tipo de usuario,2006,229.631
12,Galicia,Volumen total de agua registrada y distribuida por tipo de usuario,2005,235.015
12,Galicia,Volumen total de agua registrada y distribuida por tipo de usuario,2004,239.245
12,Galicia,Volumen total de agua registrada y distribuida por tipo de usuario,2003,236.681
12,Galicia,Volumen total de agua registrada y distribuida por tipo de usuario,2002,261.066
12,Galicia,Volumen total de agua registrada y distribuida por tipo de usuario,2001,270.868
12,Galicia,Volumen total de agua registrada y distribuida por tipo de usuario,2000,255.670
12,Galicia,- Sectores económicos,2022,43.243
12,Galicia,- Sectores económicos,2020,40.084
12,Galicia,- Sectores económicos,2018,42.574
12,Galicia,- Sectores económicos,2016,39.474
12,Galicia,- Sectores económicos,2014,41.160
12,Galicia,- Sectores económicos,2013,40.021
12,Galicia,- Sectores económicos,2012,38.448
12,Galicia,- Sectores económicos,2011,32.572
12,Galicia,- Sectores económicos,2010,32.679
12,Galicia,- Sectores económicos,2009,34.690
12,Galicia,- Sectores económicos,2008,30.918
12,Galicia,- Sectores económicos,2007,34.737
12,Galicia,- Sectores económicos,2006,42.128
12,Galicia,- Sectores económicos,2005,43.718
12,Galicia,- Sectores económicos,2004,58.464
12,Galicia,- Sectores económicos,2003,44.865
12,Galicia,- Sectores económicos,2002,62.532
12,Galicia,- Sectores económicos,2001,65.821
12,Galicia,- Sectores económicos,2000,60.598
12,Galicia,- Hogares,2022,125.671
12,Galicia,- Hogares,2020,128.276
12,Galicia,- Hogares,2018,123.318
12,Galicia,- Hogares,2016,136.274
12,Galicia,- Hogares,2014,128.722
12,Galicia,- Hogares,2013,119.906
12,Galicia,- Hogares,2012,133.745
12,Galicia,- Hogares,2011,133.212
12,Galicia,- Hogares,2010,132.094
12,Galicia,- Hogares,2009,139.027
12,Galicia,- Hogares,2008,145.691
12,Galicia,- Hogares,2007,142.479
12,Galicia,- Hogares,2006,160.223
12,Galicia,- Hogares,2005,152.756
12,Galicia,- Hogares,2004,155.693
12,Galicia,- Hogares,2003,143.213
12,Galicia,- Hogares,2002,130.504
12,Galicia,- Hogares,2001,122.460
12,Galicia,- Hogares,2000,127.933
12,Galicia,- Consumos municipales,2022,2.421
12,Galicia,- Consumos municipales,2020,9.532
12,Galicia,- Consumos municipales,2018,10.976
12,Galicia,- Consumos municipales,2016,12.152
12,Galicia,- Consumos municipales,2014,16.523
12,Galicia,- Consumos municipales,2013,24.632
12,Galicia,- Consumos municipales,2012,17.680
12,Galicia,- Consumos municipales,2011,16.959
12,Galicia,- Consumos municipales,2010,24.175
12,Galicia,- Consumos municipales,2009,23.306
12,Galicia,- Consumos municipales,2008,29.959
12,Galicia,- Consumos municipales,2007,36.649
12,Galicia,- Consumos municipales,2006,27.280
12,Galicia,- Consumos municipales,2005,38.541
12,Galicia,- Consumos municipales,2004,25.088
12,Galicia,- Consumos municipales,2003,48.603
12,Galicia,- Consumos municipales,2002,68.030
12,Galicia,- Consumos municipales,2001,82.587
12,Galicia,- Consumos municipales,2000,67.139
12,Galicia,Importe facturado por el agua suministrada,2022,178.800
12,Galicia,Importe facturado por el agua suministrada,2020,123.253
12,Galicia,Importe facturado por el agua suministrada,2018,122.478
12,Galicia,Importe facturado por el agua suministrada,2016,142.352
12,Galicia,Importe facturado por el agua suministrada,2014,124.767
12,Galicia,Importe facturado por el agua suministrada,2013,142.733
12,Galicia,Importe facturado por el agua suministrada,2012,136.156
12,Galicia,Importe facturado por el agua suministrada,2011,116.452
12,Galicia,Importe facturado por el agua suministrada,2010,114.511
12,Galicia,Importe facturado por el agua suministrada,2009,115.757
12,Galicia,Importe facturado por el agua suministrada,2008,95.658
12,Galicia,Importe facturado por el agua suministrada,2007,89.965
12,Galicia,Importe facturado por el agua suministrada,2006,115.060
12,Galicia,Importe facturado por el agua suministrada,2005,109.598
12,Galicia,Importe facturado por el agua suministrada,2004,122.106
12,Galicia,Importe facturado por el agua suministrada,2003,119.515
12,Galicia,Importe facturado por el agua suministrada,2002,134.228
12,Galicia,Importe facturado por el agua suministrada,2001,134.023
12,Galicia,Importe facturado por el agua suministrada,2000,114.661
12,Galicia,Importe total de la inversión en los servicios de suministro,2022,7.368
12,Galicia,Importe total de la inversión en los servicios de suministro,2020,2.594
12,Galicia,Importe total de la inversión en los servicios de suministro,2018,1.493
12,Galicia,Importe total de la inversión en los servicios de suministro,2016,8.314
12,Galicia,Importe total de la inversión en los servicios de suministro,2014,13.472
12,Galicia,Importe total de la inversión en los servicios de suministro,2013,10.238
12,Galicia,Importe total de la inversión en los servicios de suministro,2012,9.305
12,Galicia,Importe total de la inversión en los servicios de suministro,2011,676
12,Galicia,Importe total de la inversión en los servicios de suministro,2010,6.121
12,Galicia,Importe total de la inversión en los servicios de suministro,2009,3.336
12,Galicia,Importe total de la inversión en los servicios de suministro,2008,7.282
12,Galicia,Importe total de la inversión en los servicios de suministro,2007,4.287
12,Galicia,Importe total de la inversión en los servicios de suministro,2006,5.111
12,Galicia,Importe total de la inversión en los servicios de suministro,2005,5.485
12,Galicia,Importe total de la inversión en los servicios de suministro,2004,3.143
12,Galicia,Importe total de la inversión en los servicios de suministro,2003,7.531
12,Galicia,Importe total de la inversión en los servicios de suministro,2002,4.932
12,Galicia,Importe total de la inversión en los servicios de suministro,2001,7.677
12,Galicia,Importe total de la inversión en los servicios de suministro,2000,18
12,Galicia,Longitud de la red de suministro (km),2022,23.704
12,Galicia,Longitud de la red de suministro (km),2020,16.412
12,Galicia,Longitud de la red de suministro (km),2018,15.242
12,Galicia,Longitud de la red de suministro (km),2016,15.649
12,Galicia,Longitud de la red de suministro (km),2014,15.883
12,Galicia,Longitud de la red de suministro (km),2013,17.647
12,Galicia,Longitud de la red de suministro (km),2012,..
12,Galicia,Longitud de la red de suministro (km),2011,..
12,Galicia,Longitud de la red de suministro (km),2010,..
12,Galicia,Longitud de la red de suministro (km),2009,..
12,Galicia,Longitud de la red de suministro (km),2008,..
12,Galicia,Longitud de la red de suministro (km),2007,..
12,Galicia,Longitud de la red de suministro (km),2006,..
12,Galicia,Longitud de la red de suministro (km),2005,..
12,Galicia,Longitud de la red de suministro (km),2004,..
12,Galicia,Longitud de la red de suministro (km),2003,..
12,Galicia,Longitud de la red de suministro (km),2002,..
12,Galicia,Longitud de la red de suministro (km),2001,..
12,Galicia,Longitud de la red de suministro (km),2000,..
13,"Madrid, Comunidad de",Volumen total de agua registrada y distribuida por tipo de usuario,2022,435.202
13,"Madrid, Comunidad de",Volumen total de agua registrada y distribuida por tipo de usuario,2020,436.216
13,"Madrid, Comunidad de",Volumen total de agua registrada y distribuida por tipo de usuario,2018,421.750
13,"Madrid, Comunidad de",Volumen total de agua registrada y distribuida por tipo de usuario,2016,418.022
13,"Madrid, Comunidad de",Volumen total de agua registrada y distribuida por tipo de usuario,2014,406.951
13,"Madrid, Comunidad de",Volumen total de agua registrada y distribuida por tipo de usuario,2013,414.258
13,"Madrid, Comunidad de",Volumen total de agua registrada y distribuida por tipo de usuario,2012,429.556
13,"Madrid, Comunidad de",Volumen total de agua registrada y distribuida por tipo de usuario,2011,446.421
13,"Madrid, Comunidad de",Volumen total de agua registrada y distribuida por tipo de usuario,2010,440.375
13,"Madrid, Comunidad de",Volumen total de agua registrada y distribuida por tipo de usuario,2009,450.493
13,"Madrid, Comunidad de",Volumen total de agua registrada y distribuida por tipo de usuario,2008,460.768
13,"Madrid, Comunidad de",Volumen total de agua registrada y distribuida por tipo de usuario,2007,465.111
13,"Madrid, Comunidad de",Volumen total de agua registrada y distribuida por tipo de usuario,2006,450.694
13,"Madrid, Comunidad de",Volumen total de agua registrada y distribuida por tipo de usuario,2005,489.181
13,"Madrid, Comunidad de",Volumen total de agua registrada y distribuida por tipo de usuario,2004,510.612
13,"Madrid, Comunidad de",Volumen total de agua registrada y distribuida por tipo de usuario,2003,522.697
13,"Madrid, Comunidad de",Volumen total de agua registrada y distribuida por tipo de usuario,2002,487.808
13,"Madrid, Comunidad de",Volumen total de agua registrada y distribuida por tipo de usuario,2001,495.169
13,"Madrid, Comunidad de",Volumen total de agua registrada y distribuida por tipo de usuario,2000,482.722
13,"Madrid, Comunidad de",- Sectores económicos,2022,64.243
13,"Madrid, Comunidad de",- Sectores económicos,2020,63.615
13,"Madrid, Comunidad de",- Sectores económicos,2018,67.964
13,"Madrid, Comunidad de",- Sectores económicos,2016,77.304
13,"Madrid, Comunidad de",- Sectores económicos,2014,73.898
13,"Madrid, Comunidad de",- Sectores económicos,2013,78.846
13,"Madrid, Comunidad de",- Sectores económicos,2012,85.034
13,"Madrid, Comunidad de",- Sectores económicos,2011,88.826
13,"Madrid, Comunidad de",- Sectores económicos,2010,82.585
13,"Madrid, Comunidad de",- Sectores económicos,2009,80.484
13,"Madrid, Comunidad de",- Sectores económicos,2008,83.971
13,"Madrid, Comunidad de",- Sectores económicos,2007,87.494
13,"Madrid, Comunidad de",- Sectores económicos,2006,90.545
13,"Madrid, Comunidad de",- Sectores económicos,2005,119.732
13,"Madrid, Comunidad de",- Sectores económicos,2004,124.020
13,"Madrid, Comunidad de",- Sectores económicos,2003,109.541
13,"Madrid, Comunidad de",- Sectores económicos,2002,94.818
13,"Madrid, Comunidad de",- Sectores económicos,2001,95.936
13,"Madrid, Comunidad de",- Sectores económicos,2000,87.196
13,"Madrid, Comunidad de",- Hogares,2022,307.843
13,"Madrid, Comunidad de",- Hogares,2020,317.737
13,"Madrid, Comunidad de",- Hogares,2018,301.111
13,"Madrid, Comunidad de",- Hogares,2016,312.768
13,"Madrid, Comunidad de",- Hogares,2014,304.840
13,"Madrid, Comunidad de",- Hogares,2013,304.968
13,"Madrid, Comunidad de",- Hogares,2012,315.483
13,"Madrid, Comunidad de",- Hogares,2011,327.883
13,"Madrid, Comunidad de",- Hogares,2010,322.800
13,"Madrid, Comunidad de",- Hogares,2009,333.616
13,"Madrid, Comunidad de",- Hogares,2008,324.291
13,"Madrid, Comunidad de",- Hogares,2007,331.174
13,"Madrid, Comunidad de",- Hogares,2006,325.035
13,"Madrid, Comunidad de",- Hogares,2005,345.347
13,"Madrid, Comunidad de",- Hogares,2004,362.438
13,"Madrid, Comunidad de",- Hogares,2003,346.018
13,"Madrid, Comunidad de",- Hogares,2002,334.134
13,"Madrid, Comunidad de",- Hogares,2001,338.263
13,"Madrid, Comunidad de",- Hogares,2000,334.798
13,"Madrid, Comunidad de",- Consumos municipales,2022,63.116
13,"Madrid, Comunidad de",- Consumos municipales,2020,54.864
13,"Madrid, Comunidad de",- Consumos municipales,2018,52.675
13,"Madrid, Comunidad de",- Consumos municipales,2016,27.950
13,"Madrid, Comunidad de",- Consumos municipales,2014,28.213
13,"Madrid, Comunidad de",- Consumos municipales,2013,30.444
13,"Madrid, Comunidad de",- Consumos municipales,2012,29.039
13,"Madrid, Comunidad de",- Consumos municipales,2011,29.712
13,"Madrid, Comunidad de",- Consumos municipales,2010,34.990
13,"Madrid, Comunidad de",- Consumos municipales,2009,36.393
13,"Madrid, Comunidad de",- Consumos municipales,2008,52.506
13,"Madrid, Comunidad de",- Consumos municipales,2007,46.443
13,"Madrid, Comunidad de",- Consumos municipales,2006,35.114
13,"Madrid, Comunidad de",- Consumos municipales,2005,24.102
13,"Madrid, Comunidad de",- Consumos municipales,2004,24.154
13,"Madrid, Comunidad de",- Consumos municipales,2003,67.138
13,"Madrid, Comunidad de",- Consumos municipales,2002,58.856
13,"Madrid, Comunidad de",- Consumos municipales,2001,60.970
13,"Madrid, Comunidad de",- Consumos municipales,2000,60.728
13,"Madrid, Comunidad de",Importe facturado por el agua suministrada,2022,425.015
13,"Madrid, Comunidad de",Importe facturado por el agua suministrada,2020,542.393
13,"Madrid, Comunidad de",Importe facturado por el agua suministrada,2018,523.861
13,"Madrid, Comunidad de",Importe facturado por el agua suministrada,2016,553.132
13,"Madrid, Comunidad de",Importe facturado por el agua suministrada,2014,531.721
13,"Madrid, Comunidad de",Importe facturado por el agua suministrada,2013,528.363
13,"Madrid, Comunidad de",Importe facturado por el agua suministrada,2012,525.474
13,"Madrid, Comunidad de",Importe facturado por el agua suministrada,2011,471.687
13,"Madrid, Comunidad de",Importe facturado por el agua suministrada,2010,459.560
13,"Madrid, Comunidad de",Importe facturado por el agua suministrada,2009,481.402
13,"Madrid, Comunidad de",Importe facturado por el agua suministrada,2008,464.376
13,"Madrid, Comunidad de",Importe facturado por el agua suministrada,2007,380.957
13,"Madrid, Comunidad de",Importe facturado por el agua suministrada,2006,378.298
13,"Madrid, Comunidad de",Importe facturado por el agua suministrada,2005,369.212
13,"Madrid, Comunidad de",Importe facturado por el agua suministrada,2004,353.148
13,"Madrid, Comunidad de",Importe facturado por el agua suministrada,2003,341.540
13,"Madrid, Comunidad de",Importe facturado por el agua suministrada,2002,298.201
13,"Madrid, Comunidad de",Importe facturado por el agua suministrada,2001,283.335
13,"Madrid, Comunidad de",Importe facturado por el agua suministrada,2000,282.680
13,"Madrid, Comunidad de",Importe total de la inversión en los servicios de suministro,2022,41.805
13,"Madrid, Comunidad de",Importe total de la inversión en los servicios de suministro,2020,80.532
13,"Madrid, Comunidad de",Importe total de la inversión en los servicios de suministro,2018,44.759
13,"Madrid, Comunidad de",Importe total de la inversión en los servicios de suministro,2016,80.711
13,"Madrid, Comunidad de",Importe total de la inversión en los servicios de suministro,2014,39.448
13,"Madrid, Comunidad de",Importe total de la inversión en los servicios de suministro,2013,37.741
13,"Madrid, Comunidad de",Importe total de la inversión en los servicios de suministro,2012,43.288
13,"Madrid, Comunidad de",Importe total de la inversión en los servicios de suministro,2011,45.130
13,"Madrid, Comunidad de",Importe total de la inversión en los servicios de suministro,2010,45.245
13,"Madrid, Comunidad de",Importe total de la inversión en los servicios de suministro,2009,56.597
13,"Madrid, Comunidad de",Importe total de la inversión en los servicios de suministro,2008,99.579
13,"Madrid, Comunidad de",Importe total de la inversión en los servicios de suministro,2007,100.760
13,"Madrid, Comunidad de",Importe total de la inversión en los servicios de suministro,2006,39.955
13,"Madrid, Comunidad de",Importe total de la inversión en los servicios de suministro,2005,30.609
13,"Madrid, Comunidad de",Importe total de la inversión en los servicios de suministro,2004,30.613
13,"Madrid, Comunidad de",Importe total de la inversión en los servicios de suministro,2003,34.840
13,"Madrid, Comunidad de",Importe total de la inversión en los servicios de suministro,2002,65.246
13,"Madrid, Comunidad de",Importe total de la inversión en los servicios de suministro,2001,47.342
13,"Madrid, Comunidad de",Importe total de la inversión en los servicios de suministro,2000,42.840
13,"Madrid, Comunidad de",Longitud de la red de suministro (km),2022,34.287
13,"Madrid, Comunidad de",Longitud de la red de suministro (km),2020,18.268
13,"Madrid, Comunidad de",Longitud de la red de suministro (km),2018,18.170
13,"Madrid, Comunidad de",Longitud de la red de suministro (km),2016,17.943
13,"Madrid, Comunidad de",Longitud de la red de suministro (km),2014,17.915
13,"Madrid, Comunidad de",Longitud de la red de suministro (km),2013,17.732
13,"Madrid, Comunidad de",Longitud de la red de suministro (km),2012,..
13,"Madrid, Comunidad de",Longitud de la red de suministro (km),2011,..
13,"Madrid, Comunidad de",Longitud de la red de suministro (km),2010,..
13,"Madrid, Comunidad de",Longitud de la red de suministro (km),2009,..
13,"Madrid, Comunidad de",Longitud de la red de suministro (km),2008,..
13,"Madrid, Comunidad de",Longitud de la red de suministro (km),2007,..
13,"Madrid, Comunidad de",Longitud de la red de suministro (km),2006,..
13,"Madrid, Comunidad de",Longitud de la red de suministro (km),2005,..
13,"Madrid, Comunidad de",Longitud de la red de suministro (km),2004,..
13,"Madrid, Comunidad de",Longitud de la red de suministro (km),2003,..
13,"Madrid, Comunidad de",Longitud de la red de suministro (km),2002,..
13,"Madrid, Comunidad de",Longitud de la red de suministro (km),2001,..
13,"Madrid, Comunidad de",Longitud de la red de suministro (km),2000,..
14,"Murcia, Región de",Volumen total de agua registrada y distribuida por tipo de usuario,2022,107.767
14,"Murcia, Región de",Volumen total de agua registrada y distribuida por tipo de usuario,2020,105.007
14,"Murcia, Región de",Volumen total de agua registrada y distribuida por tipo de usuario,2018,103.322
14,"Murcia, Región de",Volumen total de agua registrada y distribuida por tipo de usuario,2016,103.973
14,"Murcia, Región de",Volumen total de agua registrada y distribuida por tipo de usuario,2014,100.916
14,"Murcia, Región de",Volumen total de agua registrada y distribuida por tipo de usuario,2013,99.241
14,"Murcia, Región de",Volumen total de agua registrada y distribuida por tipo de usuario,2012,106.673
14,"Murcia, Región de",Volumen total de agua registrada y distribuida por tipo de usuario,2011,107.581
14,"Murcia, Región de",Volumen total de agua registrada y distribuida por tipo de usuario,2010,106.829
14,"Murcia, Región de",Volumen total de agua registrada y distribuida por tipo de usuario,2009,113.497
14,"Murcia, Región de",Volumen total de agua registrada y distribuida por tipo de usuario,2008,112.893
14,"Murcia, Región de",Volumen total de agua registrada y distribuida por tipo de usuario,2007,114.106
14,"Murcia, Región de",Volumen total de agua registrada y distribuida por tipo de usuario,2006,120.262
14,"Murcia, Región de",Volumen total de agua registrada y distribuida por tipo de usuario,2005,123.073
14,"Murcia, Región de",Volumen total de agua registrada y distribuida por tipo de usuario,2004,117.347
14,"Murcia, Región de",Volumen total de agua registrada y distribuida por tipo de usuario,2003,102.649
14,"Murcia, Región de",Volumen total de agua registrada y distribuida por tipo de usuario,2002,102.426
14,"Murcia, Región de",Volumen total de agua registrada y distribuida por tipo de usuario,2001,100.637
14,"Murcia, Región de",Volumen total de agua registrada y distribuida por tipo de usuario,2000,73.847
14,"Murcia, Región de",- Sectores económicos,2022,28.294
14,"Murcia, Región de",- Sectores económicos,2020,16.840
14,"Murcia, Región de",- Sectores económicos,2018,17.254
14,"Murcia, Región de",- Sectores económicos,2016,24.450
14,"Murcia, Región de",- Sectores económicos,2014,24.253
14,"Murcia, Región de",- Sectores económicos,2013,26.810
14,"Murcia, Región de",- Sectores económicos,2012,21.542
14,"Murcia, Región de",- Sectores económicos,2011,18.851
14,"Murcia, Región de",- Sectores económicos,2010,14.881
14,"Murcia, Región de",- Sectores económicos,2009,17.377
14,"Murcia, Región de",- Sectores económicos,2008,22.335
14,"Murcia, Región de",- Sectores económicos,2007,22.730
14,"Murcia, Región de",- Sectores económicos,2006,28.123
14,"Murcia, Región de",- Sectores económicos,2005,35.274
14,"Murcia, Región de",- Sectores económicos,2004,30.289
14,"Murcia, Región de",- Sectores económicos,2003,19.211
14,"Murcia, Región de",- Sectores económicos,2002,21.349
14,"Murcia, Región de",- Sectores económicos,2001,25.316
14,"Murcia, Región de",- Sectores económicos,2000,7.910
14,"Murcia, Región de",- Hogares,2022,73.373
14,"Murcia, Región de",- Hogares,2020,82.356
14,"Murcia, Región de",- Hogares,2018,80.697
14,"Murcia, Región de",- Hogares,2016,70.513
14,"Murcia, Región de",- Hogares,2014,67.354
14,"Murcia, Región de",- Hogares,2013,66.088
14,"Murcia, Región de",- Hogares,2012,77.271
14,"Murcia, Región de",- Hogares,2011,81.208
14,"Murcia, Región de",- Hogares,2010,84.266
14,"Murcia, Región de",- Hogares,2009,87.384
14,"Murcia, Región de",- Hogares,2008,81.921
14,"Murcia, Región de",- Hogares,2007,82.897
14,"Murcia, Región de",- Hogares,2006,82.941
14,"Murcia, Región de",- Hogares,2005,78.941
14,"Murcia, Región de",- Hogares,2004,76.110
14,"Murcia, Región de",- Hogares,2003,68.947
14,"Murcia, Región de",- Hogares,2002,65.186
14,"Murcia, Región de",- Hogares,2001,66.127
14,"Murcia, Región de",- Hogares,2000,61.007
14,"Murcia, Región de",- Consumos municipales,2022,6.100
14,"Murcia, Región de",- Consumos municipales,2020,5.811
14,"Murcia, Región de",- Consumos municipales,2018,5.371
14,"Murcia, Región de",- Consumos municipales,2016,9.010
14,"Murcia, Región de",- Consumos municipales,2014,9.309
14,"Murcia, Región de",- Consumos municipales,2013,6.343
14,"Murcia, Región de",- Consumos municipales,2012,7.860
14,"Murcia, Región de",- Consumos municipales,2011,7.522
14,"Murcia, Región de",- Consumos municipales,2010,7.682
14,"Murcia, Región de",- Consumos municipales,2009,8.736
14,"Murcia, Región de",- Consumos municipales,2008,8.637
14,"Murcia, Región de",- Consumos municipales,2007,8.479
14,"Murcia, Región de",- Consumos municipales,2006,9.198
14,"Murcia, Región de",- Consumos municipales,2005,8.858
14,"Murcia, Región de",- Consumos municipales,2004,10.948
14,"Murcia, Región de",- Consumos municipales,2003,14.491
14,"Murcia, Región de",- Consumos municipales,2002,15.891
14,"Murcia, Región de",- Consumos municipales,2001,9.194
14,"Murcia, Región de",- Consumos municipales,2000,4.930
14,"Murcia, Región de",Importe facturado por el agua suministrada,2022,184.462
14,"Murcia, Región de",Importe facturado por el agua suministrada,2020,174.421
14,"Murcia, Región de",Importe facturado por el agua suministrada,2018,177.265
14,"Murcia, Región de",Importe facturado por el agua suministrada,2016,185.760
14,"Murcia, Región de",Importe facturado por el agua suministrada,2014,185.266
14,"Murcia, Región de",Importe facturado por el agua suministrada,2013,184.097
14,"Murcia, Región de",Importe facturado por el agua suministrada,2012,184.226
14,"Murcia, Región de",Importe facturado por el agua suministrada,2011,173.669
14,"Murcia, Región de",Importe facturado por el agua suministrada,2010,163.357
14,"Murcia, Región de",Importe facturado por el agua suministrada,2009,142.265
14,"Murcia, Región de",Importe facturado por el agua suministrada,2008,134.970
14,"Murcia, Región de",Importe facturado por el agua suministrada,2007,132.889
14,"Murcia, Región de",Importe facturado por el agua suministrada,2006,120.395
14,"Murcia, Región de",Importe facturado por el agua suministrada,2005,118.965
14,"Murcia, Región de",Importe facturado por el agua suministrada,2004,105.441
14,"Murcia, Región de",Importe facturado por el agua suministrada,2003,89.305
14,"Murcia, Región de",Importe facturado por el agua suministrada,2002,90.093
14,"Murcia, Región de",Importe facturado por el agua suministrada,2001,84.382
14,"Murcia, Región de",Importe facturado por el agua suministrada,2000,58.827
14,"Murcia, Región de",Importe total de la inversión en los servicios de suministro,2022,4.158
14,"Murcia, Región de",Importe total de la inversión en los servicios de suministro,2020,3.170
14,"Murcia, Región de",Importe total de la inversión en los servicios de suministro,2018,13.196
14,"Murcia, Región de",Importe total de la inversión en los servicios de suministro,2016,9.600
14,"Murcia, Región de",Importe total de la inversión en los servicios de suministro,2014,5.354
14,"Murcia, Región de",Importe total de la inversión en los servicios de suministro,2013,9.077
14,"Murcia, Región de",Importe total de la inversión en los servicios de suministro,2012,4.623
14,"Murcia, Región de",Importe total de la inversión en los servicios de suministro,2011,12.552
14,"Murcia, Región de",Importe total de la inversión en los servicios de suministro,2010,4.899
14,"Murcia, Región de",Importe total de la inversión en los servicios de suministro,2009,7.846
14,"Murcia, Región de",Importe total de la inversión en los servicios de suministro,2008,10.604
14,"Murcia, Región de",Importe total de la inversión en los servicios de suministro,2007,19.205
14,"Murcia, Región de",Importe total de la inversión en los servicios de suministro,2006,6.275
14,"Murcia, Región de",Importe total de la inversión en los servicios de suministro,2005,6.024
14,"Murcia, Región de",Importe total de la inversión en los servicios de suministro,2004,23.850
14,"Murcia, Región de",Importe total de la inversión en los servicios de suministro,2003,6.309
14,"Murcia, Región de",Importe total de la inversión en los servicios de suministro,2002,3.752
14,"Murcia, Región de",Importe total de la inversión en los servicios de suministro,2001,4.437
14,"Murcia, Región de",Importe total de la inversión en los servicios de suministro,2000,6.755
14,"Murcia, Región de",Longitud de la red de suministro (km),2022,15.678
14,"Murcia, Región de",Longitud de la red de suministro (km),2020,11.392
14,"Murcia, Región de",Longitud de la red de suministro (km),2018,11.339
14,"Murcia, Región de",Longitud de la red de suministro (km),2016,11.229
14,"Murcia, Región de",Longitud de la red de suministro (km),2014,11.043
14,"Murcia, Región de",Longitud de la red de suministro (km),2013,10.861
14,"Murcia, Región de",Longitud de la red de suministro (km),2012,..
14,"Murcia, Región de",Longitud de la red de suministro (km),2011,..
14,"Murcia, Región de",Longitud de la red de suministro (km),2010,..
14,"Murcia, Región de",Longitud de la red de suministro (km),2009,..
14,"Murcia, Región de",Longitud de la red de suministro (km),2008,..
14,"Murcia, Región de",Longitud de la red de suministro (km),2007,..
14,"Murcia, Región de",Longitud de la red de suministro (km),2006,..
14,"Murcia, Región de",Longitud de la red de suministro (km),2005,..
14,"Murcia, Región de",Longitud de la red de suministro (km),2004,..
14,"Murcia, Región de",Longitud de la red de suministro (km),2003,..
14,"Murcia, Región de",Longitud de la red de suministro (km),2002,..
14,"Murcia, Región de",Longitud de la red de suministro (km),2001,..
14,"Murcia, Región de",Longitud de la red de suministro (km),2000,..
15,"Navarra, Comunidad Foral de",Volumen total de agua registrada y distribuida por tipo de usuario,2022,58.297
15,"Navarra, Comunidad Foral de",Volumen total de agua registrada y distribuida por tipo de usuario,2020,55.632
15,"Navarra, Comunidad Foral de",Volumen total de agua registrada y distribuida por tipo de usuario,2018,51.586
15,"Navarra, Comunidad Foral de",Volumen total de agua registrada y distribuida por tipo de usuario,2016,49.495
15,"Navarra, Comunidad Foral de",Volumen total de agua registrada y distribuida por tipo de usuario,2014,48.367
15,"Navarra, Comunidad Foral de",Volumen total de agua registrada y distribuida por tipo de usuario,2013,48.260
15,"Navarra, Comunidad Foral de",Volumen total de agua registrada y distribuida por tipo de usuario,2012,55.849
15,"Navarra, Comunidad Foral de",Volumen total de agua registrada y distribuida por tipo de usuario,2011,60.083
15,"Navarra, Comunidad Foral de",Volumen total de agua registrada y distribuida por tipo de usuario,2010,55.605
15,"Navarra, Comunidad Foral de",Volumen total de agua registrada y distribuida por tipo de usuario,2009,58.411
15,"Navarra, Comunidad Foral de",Volumen total de agua registrada y distribuida por tipo de usuario,2008,56.060
15,"Navarra, Comunidad Foral de",Volumen total de agua registrada y distribuida por tipo de usuario,2007,53.535
15,"Navarra, Comunidad Foral de",Volumen total de agua registrada y distribuida por tipo de usuario,2006,57.292
15,"Navarra, Comunidad Foral de",Volumen total de agua registrada y distribuida por tipo de usuario,2005,55.298
15,"Navarra, Comunidad Foral de",Volumen total de agua registrada y distribuida por tipo de usuario,2004,52.128
15,"Navarra, Comunidad Foral de",Volumen total de agua registrada y distribuida por tipo de usuario,2003,63.801
15,"Navarra, Comunidad Foral de",Volumen total de agua registrada y distribuida por tipo de usuario,2002,59.694
15,"Navarra, Comunidad Foral de",Volumen total de agua registrada y distribuida por tipo de usuario,2001,55.870
15,"Navarra, Comunidad Foral de",Volumen total de agua registrada y distribuida por tipo de usuario,2000,57.124
15,"Navarra, Comunidad Foral de",- Sectores económicos,2022,16.884
15,"Navarra, Comunidad Foral de",- Sectores económicos,2020,16.390
15,"Navarra, Comunidad Foral de",- Sectores económicos,2018,15.793
15,"Navarra, Comunidad Foral de",- Sectores económicos,2016,14.822
15,"Navarra, Comunidad Foral de",- Sectores económicos,2014,14.085
15,"Navarra, Comunidad Foral de",- Sectores económicos,2013,13.851
15,"Navarra, Comunidad Foral de",- Sectores económicos,2012,16.174
15,"Navarra, Comunidad Foral de",- Sectores económicos,2011,16.825
15,"Navarra, Comunidad Foral de",- Sectores económicos,2010,16.624
15,"Navarra, Comunidad Foral de",- Sectores económicos,2009,17.403
15,"Navarra, Comunidad Foral de",- Sectores económicos,2008,17.551
15,"Navarra, Comunidad Foral de",- Sectores económicos,2007,16.498
15,"Navarra, Comunidad Foral de",- Sectores económicos,2006,17.532
15,"Navarra, Comunidad Foral de",- Sectores económicos,2005,17.328
15,"Navarra, Comunidad Foral de",- Sectores económicos,2004,14.815
15,"Navarra, Comunidad Foral de",- Sectores económicos,2003,21.733
15,"Navarra, Comunidad Foral de",- Sectores económicos,2002,20.012
15,"Navarra, Comunidad Foral de",- Sectores económicos,2001,17.996
15,"Navarra, Comunidad Foral de",- Sectores económicos,2000,19.605
15,"Navarra, Comunidad Foral de",- Hogares,2022,31.075
15,"Navarra, Comunidad Foral de",- Hogares,2020,28.750
15,"Navarra, Comunidad Foral de",- Hogares,2018,26.798
15,"Navarra, Comunidad Foral de",- Hogares,2016,25.986
15,"Navarra, Comunidad Foral de",- Hogares,2014,25.757
15,"Navarra, Comunidad Foral de",- Hogares,2013,26.088
15,"Navarra, Comunidad Foral de",- Hogares,2012,29.374
15,"Navarra, Comunidad Foral de",- Hogares,2011,30.672
15,"Navarra, Comunidad Foral de",- Hogares,2010,28.889
15,"Navarra, Comunidad Foral de",- Hogares,2009,30.289
15,"Navarra, Comunidad Foral de",- Hogares,2008,28.878
15,"Navarra, Comunidad Foral de",- Hogares,2007,27.361
15,"Navarra, Comunidad Foral de",- Hogares,2006,28.079
15,"Navarra, Comunidad Foral de",- Hogares,2005,28.982
15,"Navarra, Comunidad Foral de",- Hogares,2004,30.745
15,"Navarra, Comunidad Foral de",- Hogares,2003,32.303
15,"Navarra, Comunidad Foral de",- Hogares,2002,30.798
15,"Navarra, Comunidad Foral de",- Hogares,2001,29.849
15,"Navarra, Comunidad Foral de",- Hogares,2000,31.599
15,"Navarra, Comunidad Foral de",- Consumos municipales,2022,10.337
15,"Navarra, Comunidad Foral de",- Consumos municipales,2020,10.492
15,"Navarra, Comunidad Foral de",- Consumos municipales,2018,8.995
15,"Navarra, Comunidad Foral de",- Consumos municipales,2016,8.687
15,"Navarra, Comunidad Foral de",- Consumos municipales,2014,8.525
15,"Navarra, Comunidad Foral de",- Consumos municipales,2013,8.321
15,"Navarra, Comunidad Foral de",- Consumos municipales,2012,10.301
15,"Navarra, Comunidad Foral de",- Consumos municipales,2011,12.586
15,"Navarra, Comunidad Foral de",- Consumos municipales,2010,10.092
15,"Navarra, Comunidad Foral de",- Consumos municipales,2009,10.719
15,"Navarra, Comunidad Foral de",- Consumos municipales,2008,9.631
15,"Navarra, Comunidad Foral de",- Consumos municipales,2007,9.676
15,"Navarra, Comunidad Foral de",- Consumos municipales,2006,11.681
15,"Navarra, Comunidad Foral de",- Consumos municipales,2005,8.988
15,"Navarra, Comunidad Foral de",- Consumos municipales,2004,6.568
15,"Navarra, Comunidad Foral de",- Consumos municipales,2003,9.765
15,"Navarra, Comunidad Foral de",- Consumos municipales,2002,8.884
15,"Navarra, Comunidad Foral de",- Consumos municipales,2001,8.025
15,"Navarra, Comunidad Foral de",- Consumos municipales,2000,5.920
15,"Navarra, Comunidad Foral de",Importe facturado por el agua suministrada,2022,46.411
15,"Navarra, Comunidad Foral de",Importe facturado por el agua suministrada,2020,37.225
15,"Navarra, Comunidad Foral de",Importe facturado por el agua suministrada,2018,39.488
15,"Navarra, Comunidad Foral de",Importe facturado por el agua suministrada,2016,35.516
15,"Navarra, Comunidad Foral de",Importe facturado por el agua suministrada,2014,35.613
15,"Navarra, Comunidad Foral de",Importe facturado por el agua suministrada,2013,35.222
15,"Navarra, Comunidad Foral de",Importe facturado por el agua suministrada,2012,38.918
15,"Navarra, Comunidad Foral de",Importe facturado por el agua suministrada,2011,38.095
15,"Navarra, Comunidad Foral de",Importe facturado por el agua suministrada,2010,38.085
15,"Navarra, Comunidad Foral de",Importe facturado por el agua suministrada,2009,37.321
15,"Navarra, Comunidad Foral de",Importe facturado por el agua suministrada,2008,32.830
15,"Navarra, Comunidad Foral de",Importe facturado por el agua suministrada,2007,34.462
15,"Navarra, Comunidad Foral de",Importe facturado por el agua suministrada,2006,34.195
15,"Navarra, Comunidad Foral de",Importe facturado por el agua suministrada,2005,30.477
15,"Navarra, Comunidad Foral de",Importe facturado por el agua suministrada,2004,27.828
15,"Navarra, Comunidad Foral de",Importe facturado por el agua suministrada,2003,28.072
15,"Navarra, Comunidad Foral de",Importe facturado por el agua suministrada,2002,22.554
15,"Navarra, Comunidad Foral de",Importe facturado por el agua suministrada,2001,18.821
15,"Navarra, Comunidad Foral de",Importe facturado por el agua suministrada,2000,18.547
15,"Navarra, Comunidad Foral de",Importe total de la inversión en los servicios de suministro,2022,7.659
15,"Navarra, Comunidad Foral de",Importe total de la inversión en los servicios de suministro,2020,5.704
15,"Navarra, Comunidad Foral de",Importe total de la inversión en los servicios de suministro,2018,8.636
15,"Navarra, Comunidad Foral de",Importe total de la inversión en los servicios de suministro,2016,2.733
15,"Navarra, Comunidad Foral de",Importe total de la inversión en los servicios de suministro,2014,2.426
15,"Navarra, Comunidad Foral de",Importe total de la inversión en los servicios de suministro,2013,1.494
15,"Navarra, Comunidad Foral de",Importe total de la inversión en los servicios de suministro,2012,5.429
15,"Navarra, Comunidad Foral de",Importe total de la inversión en los servicios de suministro,2011,2.712
15,"Navarra, Comunidad Foral de",Importe total de la inversión en los servicios de suministro,2010,3.720
15,"Navarra, Comunidad Foral de",Importe total de la inversión en los servicios de suministro,2009,4.540
15,"Navarra, Comunidad Foral de",Importe total de la inversión en los servicios de suministro,2008,4.206
15,"Navarra, Comunidad Foral de",Importe total de la inversión en los servicios de suministro,2007,8.354
15,"Navarra, Comunidad Foral de",Importe total de la inversión en los servicios de suministro,2006,13.267
15,"Navarra, Comunidad Foral de",Importe total de la inversión en los servicios de suministro,2005,31.244
15,"Navarra, Comunidad Foral de",Importe total de la inversión en los servicios de suministro,2004,125.624
15,"Navarra, Comunidad Foral de",Importe total de la inversión en los servicios de suministro,2003,27.337
15,"Navarra, Comunidad Foral de",Importe total de la inversión en los servicios de suministro,2002,11.010
15,"Navarra, Comunidad Foral de",Importe total de la inversión en los servicios de suministro,2001,18.135
15,"Navarra, Comunidad Foral de",Importe total de la inversión en los servicios de suministro,2000,23.482
15,"Navarra, Comunidad Foral de",Longitud de la red de suministro (km),2022,4.043
15,"Navarra, Comunidad Foral de",Longitud de la red de suministro (km),2020,3.662
15,"Navarra, Comunidad Foral de",Longitud de la red de suministro (km),2018,3.370
15,"Navarra, Comunidad Foral de",Longitud de la red de suministro (km),2016,3.315
15,"Navarra, Comunidad Foral de",Longitud de la red de suministro (km),2014,3.067
15,"Navarra, Comunidad Foral de",Longitud de la red de suministro (km),2013,2.744
15,"Navarra, Comunidad Foral de",Longitud de la red de suministro (km),2012,..
15,"Navarra, Comunidad Foral de",Longitud de la red de suministro (km),2011,..
15,"Navarra, Comunidad Foral de",Longitud de la red de suministro (km),2010,..
15,"Navarra, Comunidad Foral de",Longitud de la red de suministro (km),2009,..
15,"Navarra, Comunidad Foral de",Longitud de la red de suministro (km),2008,..
15,"Navarra, Comunidad Foral de",Longitud de la red de suministro (km),2007,..
15,"Navarra, Comunidad Foral de",Longitud de la red de suministro (km),2006,..
15,"Navarra, Comunidad Foral de",Longitud de la red de suministro (km),2005,..
15,"Navarra, Comunidad Foral de",Longitud de la red de suministro (km),2004,..
15,"Navarra, Comunidad Foral de",Longitud de la red de suministro (km),2003,..
15,"Navarra, Comunidad Foral de",Longitud de la red de suministro (km),2002,..
15,"Navarra, Comunidad Foral de",Longitud de la red de suministro (km),2001,..
15,"Navarra, Comunidad Foral de",Longitud de la red de suministro (km),2000,..
16,País Vasco,Volumen total de agua registrada y distribuida por tipo de usuario,2022,113.858
16,País Vasco,Volumen total de agua registrada y distribuida por tipo de usuario,2020,117.282
16,País Vasco,Volumen total de agua registrada y distribuida por tipo de usuario,2018,122.753
16,País Vasco,Volumen total de agua registrada y distribuida por tipo de usuario,2016,136.487
16,País Vasco,Volumen total de agua registrada y distribuida por tipo de usuario,2014,146.602
16,País Vasco,Volumen total de agua registrada y distribuida por tipo de usuario,2013,154.091
16,País Vasco,Volumen total de agua registrada y distribuida por tipo de usuario,2012,154.880
16,País Vasco,Volumen total de agua registrada y distribuida por tipo de usuario,2011,176.180
16,País Vasco,Volumen total de agua registrada y distribuida por tipo de usuario,2010,183.420
16,País Vasco,Volumen total de agua registrada y distribuida por tipo de usuario,2009,187.875
16,País Vasco,Volumen total de agua registrada y distribuida por tipo de usuario,2008,203.974
16,País Vasco,Volumen total de agua registrada y distribuida por tipo de usuario,2007,195.794
16,País Vasco,Volumen total de agua registrada y distribuida por tipo de usuario,2006,189.224
16,País Vasco,Volumen total de agua registrada y distribuida por tipo de usuario,2005,202.899
16,País Vasco,Volumen total de agua registrada y distribuida por tipo de usuario,2004,214.180
16,País Vasco,Volumen total de agua registrada y distribuida por tipo de usuario,2003,213.770
16,País Vasco,Volumen total de agua registrada y distribuida por tipo de usuario,2002,195.723
16,País Vasco,Volumen total de agua registrada y distribuida por tipo de usuario,2001,202.231
16,País Vasco,Volumen total de agua registrada y distribuida por tipo de usuario,2000,187.378
16,País Vasco,- Sectores económicos,2022,34.867
16,País Vasco,- Sectores económicos,2020,32.666
16,País Vasco,- Sectores económicos,2018,32.956
16,País Vasco,- Sectores económicos,2016,38.287
16,País Vasco,- Sectores económicos,2014,45.211
16,País Vasco,- Sectores económicos,2013,46.113
16,País Vasco,- Sectores económicos,2012,41.592
16,País Vasco,- Sectores económicos,2011,54.501
16,País Vasco,- Sectores económicos,2010,56.643
16,País Vasco,- Sectores económicos,2009,60.347
16,País Vasco,- Sectores económicos,2008,61.016
16,País Vasco,- Sectores económicos,2007,55.497
16,País Vasco,- Sectores económicos,2006,58.632
16,País Vasco,- Sectores económicos,2005,66.967
16,País Vasco,- Sectores económicos,2004,66.045
16,País Vasco,- Sectores económicos,2003,76.315
16,País Vasco,- Sectores económicos,2002,63.611
16,País Vasco,- Sectores económicos,2001,69.502
16,País Vasco,- Sectores económicos,2000,55.765
16,País Vasco,- Hogares,2022,68.316
16,País Vasco,- Hogares,2020,77.586
16,País Vasco,- Hogares,2018,82.150
16,País Vasco,- Hogares,2016,88.622
16,País Vasco,- Hogares,2014,91.899
16,País Vasco,- Hogares,2013,97.802
16,País Vasco,- Hogares,2012,92.471
16,País Vasco,- Hogares,2011,91.753
16,País Vasco,- Hogares,2010,95.564
16,País Vasco,- Hogares,2009,97.852
16,País Vasco,- Hogares,2008,108.694
16,País Vasco,- Hogares,2007,96.623
16,País Vasco,- Hogares,2006,100.174
16,País Vasco,- Hogares,2005,108.580
16,País Vasco,- Hogares,2004,115.853
16,País Vasco,- Hogares,2003,114.660
16,País Vasco,- Hogares,2002,112.832
16,País Vasco,- Hogares,2001,114.528
16,País Vasco,- Hogares,2000,117.751
16,País Vasco,- Consumos municipales,2022,10.675
16,País Vasco,- Consumos municipales,2020,7.030
16,País Vasco,- Consumos municipales,2018,7.647
16,País Vasco,- Consumos municipales,2016,9.578
16,País Vasco,- Consumos municipales,2014,9.492
16,País Vasco,- Consumos municipales,2013,10.176
16,País Vasco,- Consumos municipales,2012,20.817
16,País Vasco,- Consumos municipales,2011,29.926
16,País Vasco,- Consumos municipales,2010,31.213
16,País Vasco,- Consumos municipales,2009,29.676
16,País Vasco,- Consumos municipales,2008,34.264
16,País Vasco,- Consumos municipales,2007,43.674
16,País Vasco,- Consumos municipales,2006,30.418
16,País Vasco,- Consumos municipales,2005,27.352
16,País Vasco,- Consumos municipales,2004,32.282
16,País Vasco,- Consumos municipales,2003,22.795
16,País Vasco,- Consumos municipales,2002,19.280
16,País Vasco,- Consumos municipales,2001,18.201
16,País Vasco,- Consumos municipales,2000,13.862
16,País Vasco,Importe facturado por el agua suministrada,2022,104.781
16,País Vasco,Importe facturado por el agua suministrada,2020,117.873
16,País Vasco,Importe facturado por el agua suministrada,2018,122.730
16,País Vasco,Importe facturado por el agua suministrada,2016,129.051
16,País Vasco,Importe facturado por el agua suministrada,2014,123.555
16,País Vasco,Importe facturado por el agua suministrada,2013,115.584
16,País Vasco,Importe facturado por el agua suministrada,2012,112.465
16,País Vasco,Importe facturado por el agua suministrada,2011,109.847
16,País Vasco,Importe facturado por el agua suministrada,2010,105.398
16,País Vasco,Importe facturado por el agua suministrada,2009,107.541
16,País Vasco,Importe facturado por el agua suministrada,2008,113.344
16,País Vasco,Importe facturado por el agua suministrada,2007,97.223
16,País Vasco,Importe facturado por el agua suministrada,2006,85.635
16,País Vasco,Importe facturado por el agua suministrada,2005,86.869
16,País Vasco,Importe facturado por el agua suministrada,2004,81.677
16,País Vasco,Importe facturado por el agua suministrada,2003,147.501
16,País Vasco,Importe facturado por el agua suministrada,2002,137.616
16,País Vasco,Importe facturado por el agua suministrada,2001,129.205
16,País Vasco,Importe facturado por el agua suministrada,2000,126.297
16,País Vasco,Importe total de la inversión en los servicios de suministro,2022,8.862
16,País Vasco,Importe total de la inversión en los servicios de suministro,2020,3.001
16,País Vasco,Importe total de la inversión en los servicios de suministro,2018,5.361
16,País Vasco,Importe total de la inversión en los servicios de suministro,2016,2.744
16,País Vasco,Importe total de la inversión en los servicios de suministro,2014,5.434
16,País Vasco,Importe total de la inversión en los servicios de suministro,2013,4.312
16,País Vasco,Importe total de la inversión en los servicios de suministro,2012,5.199
16,País Vasco,Importe total de la inversión en los servicios de suministro,2011,2.452
16,País Vasco,Importe total de la inversión en los servicios de suministro,2010,9.629
16,País Vasco,Importe total de la inversión en los servicios de suministro,2009,7.048
16,País Vasco,Importe total de la inversión en los servicios de suministro,2008,6.570
16,País Vasco,Importe total de la inversión en los servicios de suministro,2007,4.636
16,País Vasco,Importe total de la inversión en los servicios de suministro,2006,3.165
16,País Vasco,Importe total de la inversión en los servicios de suministro,2005,3.704
16,País Vasco,Importe total de la inversión en los servicios de suministro,2004,4.948
16,País Vasco,Importe total de la inversión en los servicios de suministro,2003,1.285
16,País Vasco,Importe total de la inversión en los servicios de suministro,2002,2.196
16,País Vasco,Importe total de la inversión en los servicios de suministro,2001,13.344
16,País Vasco,Importe total de la inversión en los servicios de suministro,2000,1.965
16,País Vasco,Longitud de la red de suministro (km),2022,8.497
16,País Vasco,Longitud de la red de suministro (km),2020,13.005
16,País Vasco,Longitud de la red de suministro (km),2018,12.938
16,País Vasco,Longitud de la red de suministro (km),2016,12.750
16,País Vasco,Longitud de la red de suministro (km),2014,12.208
16,País Vasco,Longitud de la red de suministro (km),2013,13.157
16,País Vasco,Longitud de la red de suministro (km),2012,..
16,País Vasco,Longitud de la red de suministro (km),2011,..
16,País Vasco,Longitud de la red de suministro (km),2010,..
16,País Vasco,Longitud de la red de suministro (km),2009,..
16,País Vasco,Longitud de la red de suministro (km),2008,..
16,País Vasco,Longitud de la red de suministro (km),2007,..
16,País Vasco,Longitud de la red de suministro (km),2006,..
16,País Vasco,Longitud de la red de suministro (km),2005,..
16,País Vasco,Longitud de la red de suministro (km),2004,..
16,País Vasco,Longitud de la red de suministro (km),2003,..
16,País Vasco,Longitud de la red de suministro (km),2002,..
16,País Vasco,Longitud de la red de suministro (km),2001,..
16,País Vasco,Longitud de la red de suministro (km),2000,..
17,"Rioja, La",Volumen total de agua registrada y distribuida por tipo de usuario,2022,27.723
17,"Rioja, La",Volumen total de agua registrada y distribuida por tipo de usuario,2020,25.032
17,"Rioja, La",Volumen total de agua registrada y distribuida por tipo de usuario,2018,27.290
17,"Rioja, La",Volumen total de agua registrada y distribuida por tipo de usuario,2016,21.173
17,"Rioja, La",Volumen total de agua registrada y distribuida por tipo de usuario,2014,22.051
17,"Rioja, La",Volumen total de agua registrada y distribuida por tipo de usuario,2013,23.896
17,"Rioja, La",Volumen total de agua registrada y distribuida por tipo de usuario,2012,24.366
17,"Rioja, La",Volumen total de agua registrada y distribuida por tipo de usuario,2011,28.550
17,"Rioja, La",Volumen total de agua registrada y distribuida por tipo de usuario,2010,27.987
17,"Rioja, La",Volumen total de agua registrada y distribuida por tipo de usuario,2009,29.478
17,"Rioja, La",Volumen total de agua registrada y distribuida por tipo de usuario,2008,32.398
17,"Rioja, La",Volumen total de agua registrada y distribuida por tipo de usuario,2007,30.870
17,"Rioja, La",Volumen total de agua registrada y distribuida por tipo de usuario,2006,30.081
17,"Rioja, La",Volumen total de agua registrada y distribuida por tipo de usuario,2005,28.795
17,"Rioja, La",Volumen total de agua registrada y distribuida por tipo de usuario,2004,29.181
17,"Rioja, La",Volumen total de agua registrada y distribuida por tipo de usuario,2003,25.594
17,"Rioja, La",Volumen total de agua registrada y distribuida por tipo de usuario,2002,39.447
17,"Rioja, La",Volumen total de agua registrada y distribuida por tipo de usuario,2001,35.377
17,"Rioja, La",Volumen total de agua registrada y distribuida por tipo de usuario,2000,40.405
17,"Rioja, La",- Sectores económicos,2022,6.998
17,"Rioja, La",- Sectores económicos,2020,7.944
17,"Rioja, La",- Sectores económicos,2018,9.736
17,"Rioja, La",- Sectores económicos,2016,5.650
17,"Rioja, La",- Sectores económicos,2014,7.312
17,"Rioja, La",- Sectores económicos,2013,8.395
17,"Rioja, La",- Sectores económicos,2012,7.593
17,"Rioja, La",- Sectores económicos,2011,8.774
17,"Rioja, La",- Sectores económicos,2010,7.679
17,"Rioja, La",- Sectores económicos,2009,9.145
17,"Rioja, La",- Sectores económicos,2008,12.313
17,"Rioja, La",- Sectores económicos,2007,10.554
17,"Rioja, La",- Sectores económicos,2006,10.807
17,"Rioja, La",- Sectores económicos,2005,10.070
17,"Rioja, La",- Sectores económicos,2004,8.665
17,"Rioja, La",- Sectores económicos,2003,5.555
17,"Rioja, La",- Sectores económicos,2002,12.272
17,"Rioja, La",- Sectores económicos,2001,10.099
17,"Rioja, La",- Sectores económicos,2000,8.161
17,"Rioja, La",- Hogares,2022,13.758
17,"Rioja, La",- Hogares,2020,14.276
17,"Rioja, La",- Hogares,2018,13.259
17,"Rioja, La",- Hogares,2016,13.074
17,"Rioja, La",- Hogares,2014,12.180
17,"Rioja, La",- Hogares,2013,12.967
17,"Rioja, La",- Hogares,2012,15.219
17,"Rioja, La",- Hogares,2011,14.016
17,"Rioja, La",- Hogares,2010,13.950
17,"Rioja, La",- Hogares,2009,15.121
17,"Rioja, La",- Hogares,2008,17.190
17,"Rioja, La",- Hogares,2007,17.024
17,"Rioja, La",- Hogares,2006,16.600
17,"Rioja, La",- Hogares,2005,15.955
17,"Rioja, La",- Hogares,2004,15.113
17,"Rioja, La",- Hogares,2003,14.257
17,"Rioja, La",- Hogares,2002,14.355
17,"Rioja, La",- Hogares,2001,14.416
17,"Rioja, La",- Hogares,2000,17.978
17,"Rioja, La",- Consumos municipales,2022,6.966
17,"Rioja, La",- Consumos municipales,2020,2.812
17,"Rioja, La",- Consumos municipales,2018,4.295
17,"Rioja, La",- Consumos municipales,2016,2.449
17,"Rioja, La",- Consumos municipales,2014,2.559
17,"Rioja, La",- Consumos municipales,2013,2.534
17,"Rioja, La",- Consumos municipales,2012,1.554
17,"Rioja, La",- Consumos municipales,2011,5.760
17,"Rioja, La",- Consumos municipales,2010,6.358
17,"Rioja, La",- Consumos municipales,2009,5.212
17,"Rioja, La",- Consumos municipales,2008,2.895
17,"Rioja, La",- Consumos municipales,2007,3.292
17,"Rioja, La",- Consumos municipales,2006,2.674
17,"Rioja, La",- Consumos municipales,2005,2.770
17,"Rioja, La",- Consumos municipales,2004,5.403
17,"Rioja, La",- Consumos municipales,2003,5.782
17,"Rioja, La",- Consumos municipales,2002,12.820
17,"Rioja, La",- Consumos municipales,2001,10.862
17,"Rioja, La",- Consumos municipales,2000,14.266
17,"Rioja, La",Importe facturado por el agua suministrada,2022,17.881
17,"Rioja, La",Importe facturado por el agua suministrada,2020,14.609
17,"Rioja, La",Importe facturado por el agua suministrada,2018,13.819
17,"Rioja, La",Importe facturado por el agua suministrada,2016,11.087
17,"Rioja, La",Importe facturado por el agua suministrada,2014,12.162
17,"Rioja, La",Importe facturado por el agua suministrada,2013,11.913
17,"Rioja, La",Importe facturado por el agua suministrada,2012,14.144
17,"Rioja, La",Importe facturado por el agua suministrada,2011,14.903
17,"Rioja, La",Importe facturado por el agua suministrada,2010,14.035
17,"Rioja, La",Importe facturado por el agua suministrada,2009,14.112
17,"Rioja, La",Importe facturado por el agua suministrada,2008,15.857
17,"Rioja, La",Importe facturado por el agua suministrada,2007,13.034
17,"Rioja, La",Importe facturado por el agua suministrada,2006,12.312
17,"Rioja, La",Importe facturado por el agua suministrada,2005,11.478
17,"Rioja, La",Importe facturado por el agua suministrada,2004,11.393
17,"Rioja, La",Importe facturado por el agua suministrada,2003,7.934
17,"Rioja, La",Importe facturado por el agua suministrada,2002,9.534
17,"Rioja, La",Importe facturado por el agua suministrada,2001,7.363
17,"Rioja, La",Importe facturado por el agua suministrada,2000,8.793
17,"Rioja, La",Importe total de la inversión en los servicios de suministro,2022,160
17,"Rioja, La",Importe total de la inversión en los servicios de suministro,2020,304
17,"Rioja, La",Importe total de la inversión en los servicios de suministro,2018,121
17,"Rioja, La",Importe total de la inversión en los servicios de suministro,2016,2.988
17,"Rioja, La",Importe total de la inversión en los servicios de suministro,2014,3.823
17,"Rioja, La",Importe total de la inversión en los servicios de suministro,2013,2.824
17,"Rioja, La",Importe total de la inversión en los servicios de suministro,2012,2.338
17,"Rioja, La",Importe total de la inversión en los servicios de suministro,2011,230
17,"Rioja, La",Importe total de la inversión en los servicios de suministro,2010,665
17,"Rioja, La",Importe total de la inversión en los servicios de suministro,2009,7.318
17,"Rioja, La",Importe total de la inversión en los servicios de suministro,2008,340
17,"Rioja, La",Importe total de la inversión en los servicios de suministro,2007,2.555
17,"Rioja, La",Importe total de la inversión en los servicios de suministro,2006,2.966
17,"Rioja, La",Importe total de la inversión en los servicios de suministro,2005,2.289
17,"Rioja, La",Importe total de la inversión en los servicios de suministro,2004,5.403
17,"Rioja, La",Importe total de la inversión en los servicios de suministro,2003,7.324
17,"Rioja, La",Importe total de la inversión en los servicios de suministro,2002,3.747
17,"Rioja, La",Importe total de la inversión en los servicios de suministro,2001,992
17,"Rioja, La",Importe total de la inversión en los servicios de suministro,2000,21.035
17,"Rioja, La",Longitud de la red de suministro (km),2022,1.768
17,"Rioja, La",Longitud de la red de suministro (km),2020,1.156
17,"Rioja, La",Longitud de la red de suministro (km),2018,1.125
17,"Rioja, La",Longitud de la red de suministro (km),2016,946
17,"Rioja, La",Longitud de la red de suministro (km),2014,1.057
17,"Rioja, La",Longitud de la red de suministro (km),2013,1.088
17,"Rioja, La",Longitud de la red de suministro (km),2012,..
17,"Rioja, La",Longitud de la red de suministro (km),2011,..
17,"Rioja, La",Longitud de la red de suministro (km),2010,..
17,"Rioja, La",Longitud de la red de suministro (km),2009,..
17,"Rioja, La",Longitud de la red de suministro (km),2008,..
17,"Rioja, La",Longitud de la red de suministro (km),2007,..
17,"Rioja, La",Longitud de la red de suministro (km),2006,..
17,"Rioja, La",Longitud de la red de suministro (km),2005,..
17,"Rioja, La",Longitud de la red de suministro (km),2004,..
17,"Rioja, La",Longitud de la red de suministro (km),2003,..
17,"Rioja, La",Longitud de la red de suministro (km),2002,..
17,"Rioja, La",Longitud de la red de suministro (km),2001,..
17,"Rioja, La",Longitud de la red de suministro (km),2000,..
18,Ceuta y Melilla,Volumen total de agua registrada y distribuida por tipo de usuario,2022,10.213
18,Ceuta y Melilla,Volumen total de agua registrada y distribuida por tipo de usuario,2020,10.651
18,Ceuta y Melilla,Volumen total de agua registrada y distribuida por tipo de usuario,2018,10.336
18,Ceuta y Melilla,Volumen total de agua registrada y distribuida por tipo de usuario,2016,8.642
18,Ceuta y Melilla,Volumen total de agua registrada y distribuida por tipo de usuario,2014,8.751
18,Ceuta y Melilla,Volumen total de agua registrada y distribuida por tipo de usuario,2013,8.770
18,Ceuta y Melilla,Volumen total de agua registrada y distribuida por tipo de usuario,2012,8.897
18,Ceuta y Melilla,Volumen total de agua registrada y distribuida por tipo de usuario,2011,13.117
18,Ceuta y Melilla,Volumen total de agua registrada y distribuida por tipo de usuario,2010,12.297
18,Ceuta y Melilla,Volumen total de agua registrada y distribuida por tipo de usuario,2009,9.287
18,Ceuta y Melilla,Volumen total de agua registrada y distribuida por tipo de usuario,2008,9.365
18,Ceuta y Melilla,Volumen total de agua registrada y distribuida por tipo de usuario,2007,9.271
18,Ceuta y Melilla,Volumen total de agua registrada y distribuida por tipo de usuario,2006,9.860
18,Ceuta y Melilla,Volumen total de agua registrada y distribuida por tipo de usuario,2005,9.722
18,Ceuta y Melilla,Volumen total de agua registrada y distribuida por tipo de usuario,2004,9.597
18,Ceuta y Melilla,Volumen total de agua registrada y distribuida por tipo de usuario,2003,9.655
18,Ceuta y Melilla,Volumen total de agua registrada y distribuida por tipo de usuario,2002,9.512
18,Ceuta y Melilla,Volumen total de agua registrada y distribuida por tipo de usuario,2001,9.631
18,Ceuta y Melilla,Volumen total de agua registrada y distribuida por tipo de usuario,2000,9.744
18,Ceuta y Melilla,- Sectores económicos,2022,295
18,Ceuta y Melilla,- Sectores económicos,2020,1.289
18,Ceuta y Melilla,- Sectores económicos,2018,951
18,Ceuta y Melilla,- Sectores económicos,2016,691
18,Ceuta y Melilla,- Sectores económicos,2014,691
18,Ceuta y Melilla,- Sectores económicos,2013,674
18,Ceuta y Melilla,- Sectores económicos,2012,738
18,Ceuta y Melilla,- Sectores económicos,2011,2.429
18,Ceuta y Melilla,- Sectores económicos,2010,961
18,Ceuta y Melilla,- Sectores económicos,2009,819
18,Ceuta y Melilla,- Sectores económicos,2008,897
18,Ceuta y Melilla,- Sectores económicos,2007,826
18,Ceuta y Melilla,- Sectores económicos,2006,836
18,Ceuta y Melilla,- Sectores económicos,2005,789
18,Ceuta y Melilla,- Sectores económicos,2004,786
18,Ceuta y Melilla,- Sectores económicos,2003,732
18,Ceuta y Melilla,- Sectores económicos,2002,880
18,Ceuta y Melilla,- Sectores económicos,2001,892
18,Ceuta y Melilla,- Sectores económicos,2000,901
18,Ceuta y Melilla,- Hogares,2022,9.013
18,Ceuta y Melilla,- Hogares,2020,7.523
18,Ceuta y Melilla,- Hogares,2018,7.553
18,Ceuta y Melilla,- Hogares,2016,6.397
18,Ceuta y Melilla,- Hogares,2014,6.484
18,Ceuta y Melilla,- Hogares,2013,6.488
18,Ceuta y Melilla,- Hogares,2012,6.608
18,Ceuta y Melilla,- Hogares,2011,9.298
18,Ceuta y Melilla,- Hogares,2010,8.727
18,Ceuta y Melilla,- Hogares,2009,6.552
18,Ceuta y Melilla,- Hogares,2008,6.869
18,Ceuta y Melilla,- Hogares,2007,6.830
18,Ceuta y Melilla,- Hogares,2006,7.298
18,Ceuta y Melilla,- Hogares,2005,7.124
18,Ceuta y Melilla,- Hogares,2004,7.397
18,Ceuta y Melilla,- Hogares,2003,7.251
18,Ceuta y Melilla,- Hogares,2002,7.750
18,Ceuta y Melilla,- Hogares,2001,7.970
18,Ceuta y Melilla,- Hogares,2000,7.897
18,Ceuta y Melilla,- Consumos municipales,2022,905
18,Ceuta y Melilla,- Consumos municipales,2020,1.839
18,Ceuta y Melilla,- Consumos municipales,2018,1.832
18,Ceuta y Melilla,- Consumos municipales,2016,1.554
18,Ceuta y Melilla,- Consumos municipales,2014,1.576
18,Ceuta y Melilla,- Consumos municipales,2013,1.608
18,Ceuta y Melilla,- Consumos municipales,2012,1.551
18,Ceuta y Melilla,- Consumos municipales,2011,1.390
18,Ceuta y Melilla,- Consumos municipales,2010,2.609
18,Ceuta y Melilla,- Consumos municipales,2009,1.916
18,Ceuta y Melilla,- Consumos municipales,2008,1.599
18,Ceuta y Melilla,- Consumos municipales,2007,1.615
18,Ceuta y Melilla,- Consumos municipales,2006,1.726
18,Ceuta y Melilla,- Consumos municipales,2005,1.809
18,Ceuta y Melilla,- Consumos municipales,2004,1.414
18,Ceuta y Melilla,- Consumos municipales,2003,1.672
18,Ceuta y Melilla,- Consumos municipales,2002,882
18,Ceuta y Melilla,- Consumos municipales,2001,769
18,Ceuta y Melilla,- Consumos municipales,2000,946
18,Ceuta y Melilla,Importe facturado por el agua suministrada,2022,11.431
18,Ceuta y Melilla,Importe facturado por el agua suministrada,2020,15.116
18,Ceuta y Melilla,Importe facturado por el agua suministrada,2018,14.757
18,Ceuta y Melilla,Importe facturado por el agua suministrada,2016,12.621
18,Ceuta y Melilla,Importe facturado por el agua suministrada,2014,12.190
18,Ceuta y Melilla,Importe facturado por el agua suministrada,2013,12.044
18,Ceuta y Melilla,Importe facturado por el agua suministrada,2012,12.470
18,Ceuta y Melilla,Importe facturado por el agua suministrada,2011,16.090
18,Ceuta y Melilla,Importe facturado por el agua suministrada,2010,12.579
18,Ceuta y Melilla,Importe facturado por el agua suministrada,2009,9.686
18,Ceuta y Melilla,Importe facturado por el agua suministrada,2008,9.711
18,Ceuta y Melilla,Importe facturado por el agua suministrada,2007,6.603
18,Ceuta y Melilla,Importe facturado por el agua suministrada,2006,8.038
18,Ceuta y Melilla,Importe facturado por el agua suministrada,2005,7.673
18,Ceuta y Melilla,Importe facturado por el agua suministrada,2004,7.099
18,Ceuta y Melilla,Importe facturado por el agua suministrada,2003,7.129
18,Ceuta y Melilla,Importe facturado por el agua suministrada,2002,6.445
18,Ceuta y Melilla,Importe facturado por el agua suministrada,2001,6.064
18,Ceuta y Melilla,Importe facturado por el agua suministrada,2000,5.650
18,Ceuta y Melilla,Importe total de la inversión en los servicios de suministro,2022,5.000
18,Ceuta y Melilla,Importe total de la inversión en los servicios de suministro,2020,1.720
18,Ceuta y Melilla,Importe total de la inversión en los servicios de suministro,2018,1.830
18,Ceuta y Melilla,Importe total de la inversión en los servicios de suministro,2016,1.625
18,Ceuta y Melilla,Importe total de la inversión en los servicios de suministro,2014,1.823
18,Ceuta y Melilla,Importe total de la inversión en los servicios de suministro,2013,1.941
18,Ceuta y Melilla,Importe total de la inversión en los servicios de suministro,2012,4.107
18,Ceuta y Melilla,Importe total de la inversión en los servicios de suministro,2011,1.400
18,Ceuta y Melilla,Importe total de la inversión en los servicios de suministro,2010,7.450
18,Ceuta y Melilla,Importe total de la inversión en los servicios de suministro,2009,3.333
18,Ceuta y Melilla,Importe total de la inversión en los servicios de suministro,2008,3.107
18,Ceuta y Melilla,Importe total de la inversión en los servicios de suministro,2007,2.832
18,Ceuta y Melilla,Importe total de la inversión en los servicios de suministro,2006,395
18,Ceuta y Melilla,Importe total de la inversión en los servicios de suministro,2005,420
18,Ceuta y Melilla,Importe total de la inversión en los servicios de suministro,2004,2.083
18,Ceuta y Melilla,Importe total de la inversión en los servicios de suministro,2003,0
18,Ceuta y Melilla,Importe total de la inversión en los servicios de suministro,2002,0
18,Ceuta y Melilla,Importe total de la inversión en los servicios de suministro,2001,0
18,Ceuta y Melilla,Importe total de la inversión en los servicios de suministro,2000,0
18,Ceuta y Melilla,Longitud de la red de suministro (km),2022,615
18,Ceuta y Melilla,Longitud de la red de suministro (km),2020,410
18,Ceuta y Melilla,Longitud de la red de suministro (km),2018,410
18,Ceuta y Melilla,Longitud de la red de suministro (km),2016,400
18,Ceuta y Melilla,Longitud de la red de suministro (km),2014,392
18,Ceuta y Melilla,Longitud de la red de suministro (km),2013,392
18,Ceuta y Melilla,Longitud de la red de suministro (km),2012,..
18,Ceuta y Melilla,Longitud de la red de suministro (km),2011,..
18,Ceuta y Melilla,Longitud de la red de suministro (km),2010,..
18,Ceuta y Melilla,Longitud de la red de suministro (km),2009,..
18,Ceuta y Melilla,Longitud de la red de suministro (km),2008,..
18,Ceuta y Melilla,Longitud de la red de suministro (km),2007,..
18,Ceuta y Melilla,Longitud de la red de suministro (km),2006,..
18,Ceuta y Melilla,Longitud de la red de suministro (km),2005,..
18,Ceuta y Melilla,Longitud de la red de suministro (km),2004,..
18,Ceuta y Melilla,Longitud de la red de suministro (km),2003,..
18,Ceuta y Melilla,Longitud de la red de suministro (km),2002,..
18,Ceuta y Melilla,Longitud de la red de suministro (km),2001,..
18,Ceuta y Melilla,Longitud de la red de suministro (km),2000,..
