code,region,principales_indicadores,periodo,total
00,Total Nacional,Volumen de agua disponible potabilizada,2022,269
00,Total Nacional,Volumen de agua disponible potabilizada,2020,268
00,Total Nacional,Volumen de agua disponible potabilizada,2018,280
00,Total Nacional,Volumen de agua disponible potabilizada,2016,308
00,Total Nacional,Volumen de agua disponible potabilizada,2014,287
00,Total Nacional,Volumen de agua disponible potabilizada,2013,291
00,Total Nacional,Volumen de agua disponible potabilizada,2012,287
00,Total Nacional,Volumen de agua disponible potabilizada,2011,290
00,Total Nacional,Volumen de agua disponible potabilizada,2010,291
00,Total Nacional,Volumen de agua disponible potabilizada,2009,299
00,Total Nacional,Volumen de agua disponible potabilizada,2008,317
00,Total Nacional,Volumen de agua disponible potabilizada,2007,333
00,Total Nacional,Volumen de agua disponible potabilizada,2006,352
00,Total Nacional,Volumen de agua disponible potabilizada,2005,376
00,Total Nacional,Volumen de agua disponible potabilizada,2004,389
00,Total Nacional,Volumen de agua disponible potabilizada,2003,392
00,Total Nacional,Volumen de agua disponible potabilizada,2002,373
00,Total Nacional,Volumen de agua disponible potabilizada,2001,375
00,Total Nacional,Volumen de agua disponible potabilizada,2000,352
00,Total Nacional,Volumen de agua suministrada a la red de abastecimiento público,2022,244
00,Total Nacional,Volumen de agua suministrada a la red de abastecimiento público,2020,246
00,Total Nacional,Volumen de agua suministrada a la red de abastecimiento público,2018,248
00,Total Nacional,Volumen de agua suministrada a la red de abastecimiento público,2016,253
00,Total Nacional,Volumen de agua suministrada a la red de abastecimiento público,2014,252
00,Total Nacional,Volumen de agua suministrada a la red de abastecimiento público,2013,254
00,Total Nacional,Volumen de agua suministrada a la red de abastecimiento público,2012,263
00,Total Nacional,Volumen de agua suministrada a la red de abastecimiento público,2011,265
00,Total Nacional,Volumen de agua suministrada a la red de abastecimiento público,2010,270
00,Total Nacional,Volumen de agua suministrada a la red de abastecimiento público,2009,278
00,Total Nacional,Volumen de agua suministrada a la red de abastecimiento público,2008,294
00,Total Nacional,Volumen de agua suministrada a la red de abastecimiento público,2007,301
00,Total Nacional,Volumen de agua suministrada a la red de abastecimiento público,2006,290
00,Total Nacional,Volumen de agua suministrada a la red de abastecimiento público,2005,306
00,Total Nacional,Volumen de agua suministrada a la red de abastecimiento público,2004,318
00,Total Nacional,Volumen de agua suministrada a la red de abastecimiento público,2003,321
00,Total Nacional,Volumen de agua suministrada a la red de abastecimiento público,2002,316
00,Total Nacional,Volumen de agua suministrada a la red de abastecimiento público,2001,323
00,Total Nacional,Volumen de agua suministrada a la red de abastecimiento público,2000,323
00,Total Nacional,Volumen total de agua registrada y distribuida,2022,181
00,Total Nacional,Volumen total de agua registrada y distribuida,2020,184
00,Total Nacional,Volumen total de agua registrada y distribuida,2018,187
00,Total Nacional,Volumen total de agua registrada y distribuida,2016,189
00,Total Nacional,Volumen total de agua registrada y distribuida,2014,190
00,Total Nacional,Volumen total de agua registrada y distribuida,2013,189
00,Total Nacional,Volumen total de agua registrada y distribuida,2012,196
00,Total Nacional,Volumen total de agua registrada y distribuida,2011,198
00,Total Nacional,Volumen total de agua registrada y distribuida,2010,200
00,Total Nacional,Volumen total de agua registrada y distribuida,2009,207
00,Total Nacional,Volumen total de agua registrada y distribuida,2008,222
00,Total Nacional,Volumen total de agua registrada y distribuida,2007,229
00,Total Nacional,Volumen total de agua registrada y distribuida,2006,242
00,Total Nacional,Volumen total de agua registrada y distribuida,2005,251
00,Total Nacional,Volumen total de agua registrada y distribuida,2004,258
00,Total Nacional,Volumen total de agua registrada y distribuida,2003,261
00,Total Nacional,Volumen total de agua registrada y distribuida,2002,255
00,Total Nacional,Volumen total de agua registrada y distribuida,2001,260
00,Total Nacional,Volumen total de agua registrada y distribuida,2000,255
00,Total Nacional,Volumen de agua registrada y distribuida a los Hogares,2022,128
00,Total Nacional,Volumen de agua registrada y distribuida a los Hogares,2020,133
00,Total Nacional,Volumen de agua registrada y distribuida a los Hogares,2018,133
00,Total Nacional,Volumen de agua registrada y distribuida a los Hogares,2016,136
00,Total Nacional,Volumen de agua registrada y distribuida a los Hogares,2014,132
00,Total Nacional,Volumen de agua registrada y distribuida a los Hogares,2013,130
00,Total Nacional,Volumen de agua registrada y distribuida a los Hogares,2012,135
00,Total Nacional,Volumen de agua registrada y distribuida a los Hogares,2011,140
00,Total Nacional,Volumen de agua registrada y distribuida a los Hogares,2010,142
00,Total Nacional,Volumen de agua registrada y distribuida a los Hogares,2009,147
00,Total Nacional,Volumen de agua registrada y distribuida a los Hogares,2008,151
00,Total Nacional,Volumen de agua registrada y distribuida a los Hogares,2007,154
00,Total Nacional,Volumen de agua registrada y distribuida a los Hogares,2006,162
00,Total Nacional,Volumen de agua registrada y distribuida a los Hogares,2005,168
00,Total Nacional,Volumen de agua registrada y distribuida a los Hogares,2004,173
00,Total Nacional,Volumen de agua registrada y distribuida a los Hogares,2003,169
00,Total Nacional,Volumen de agua registrada y distribuida a los Hogares,2002,166
00,Total Nacional,Volumen de agua registrada y distribuida a los Hogares,2001,165
00,Total Nacional,Volumen de agua registrada y distribuida a los Hogares,2000,168
00,Total Nacional,Volumen de agua no registrada,2022,63
00,Total Nacional,Volumen de agua no registrada,2020,62
00,Total Nacional,Volumen de agua no registrada,2018,61
00,Total Nacional,Volumen de agua no registrada,2016,64
00,Total Nacional,Volumen de agua no registrada,2014,62
00,Total Nacional,Volumen de agua no registrada,2013,65
00,Total Nacional,Volumen de agua no registrada,2012,67
00,Total Nacional,Volumen de agua no registrada,2011,67
00,Total Nacional,Volumen de agua no registrada,2010,70
00,Total Nacional,Volumen de agua no registrada,2009,71
00,Total Nacional,Volumen de agua no registrada,2008,72
00,Total Nacional,Volumen de agua no registrada,2007,72
00,Total Nacional,Volumen de agua no registrada,2006,..
00,Total Nacional,Volumen de agua no registrada,2005,..
00,Total Nacional,Volumen de agua no registrada,2004,..
00,Total Nacional,Volumen de agua no registrada,2003,..
00,Total Nacional,Volumen de agua no registrada,2002,..
00,Total Nacional,Volumen de agua no registrada,2001,..
00,Total Nacional,Volumen de agua no registrada,2000,..
00,Total Nacional,Pérdidas reales,2022,40
00,Total Nacional,Pérdidas reales,2020,38
00,Total Nacional,Pérdidas reales,2018,38
00,Total Nacional,Pérdidas reales,2016,41
00,Total Nacional,Pérdidas reales,2014,38
00,Total Nacional,Pérdidas reales,2013,40
00,Total Nacional,Pérdidas reales,2012,42
00,Total Nacional,Pérdidas reales,2011,46
00,Total Nacional,Pérdidas reales,2010,47
00,Total Nacional,Pérdidas reales,2009,47
00,Total Nacional,Pérdidas reales,2008,49
00,Total Nacional,Pérdidas reales,2007,48
00,Total Nacional,Pérdidas reales,2006,48
00,Total Nacional,Pérdidas reales,2005,55
00,Total Nacional,Pérdidas reales,2004,60
00,Total Nacional,Pérdidas reales,2003,60
00,Total Nacional,Pérdidas reales,2002,61
00,Total Nacional,Pérdidas reales,2001,63
00,Total Nacional,Pérdidas reales,2000,68
00,Total Nacional,Pérdidas aparentes,2022,23
00,Total Nacional,Pérdidas aparentes,2020,24
00,Total Nacional,Pérdidas aparentes,2018,23
00,Total Nacional,Pérdidas aparentes,2016,23
00,Total Nacional,Pérdidas aparentes,2014,24
00,Total Nacional,Pérdidas aparentes,2013,25
00,Total Nacional,Pérdidas aparentes,2012,25
00,Total Nacional,Pérdidas aparentes,2011,21
00,Total Nacional,Pérdidas aparentes,2010,23
00,Total Nacional,Pérdidas aparentes,2009,24
00,Total Nacional,Pérdidas aparentes,2008,23
00,Total Nacional,Pérdidas aparentes,2007,24
00,Total Nacional,Pérdidas aparentes,2006,..
00,Total Nacional,Pérdidas aparentes,2005,..
00,Total Nacional,Pérdidas aparentes,2004,..
00,Total Nacional,Pérdidas aparentes,2003,..
00,Total Nacional,Pérdidas aparentes,2002,..
00,Total Nacional,Pérdidas aparentes,2001,..
00,Total Nacional,Pérdidas aparentes,2000,..
00,Total Nacional,Porcentaje de pérdidas reales sobre el volumen de agua suministrada,2022,"16,3"
00,Total Nacional,Porcentaje de pérdidas reales sobre el volumen de agua suministrada,2020,"15,4"
00,Total Nacional,Porcentaje de pérdidas reales sobre el volumen de agua suministrada,2018,"15,4"
00,Total Nacional,Porcentaje de pérdidas reales sobre el volumen de agua suministrada,2016,"16,3"
00,Total Nacional,Porcentaje de pérdidas reales sobre el volumen de agua suministrada,2014,"15,2"
00,Total Nacional,Porcentaje de pérdidas reales sobre el volumen de agua suministrada,2013,"15,7"
00,Total Nacional,Porcentaje de pérdidas reales sobre el volumen de agua suministrada,2012,"15,9"
00,Total Nacional,Porcentaje de pérdidas reales sobre el volumen de agua suministrada,2011,"17,2"
00,Total Nacional,Porcentaje de pérdidas reales sobre el volumen de agua suministrada,2010,"17,5"
00,Total Nacional,Porcentaje de pérdidas reales sobre el volumen de agua suministrada,2009,"16,8"
00,Total Nacional,Porcentaje de pérdidas reales sobre el volumen de agua suministrada,2008,"16,6"
00,Total Nacional,Porcentaje de pérdidas reales sobre el volumen de agua suministrada,2007,"15,9"
00,Total Nacional,Porcentaje de pérdidas reales sobre el volumen de agua suministrada,2006,"16,7"
00,Total Nacional,Porcentaje de pérdidas reales sobre el volumen de agua suministrada,2005,"17,9"
00,Total Nacional,Porcentaje de pérdidas reales sobre el volumen de agua suministrada,2004,"18,7"
00,Total Nacional,Porcentaje de pérdidas reales sobre el volumen de agua suministrada,2003,"18,7"
00,Total Nacional,Porcentaje de pérdidas reales sobre el volumen de agua suministrada,2002,"19,4"
00,Total Nacional,Porcentaje de pérdidas reales sobre el volumen de agua suministrada,2001,"19,4"
00,Total Nacional,Porcentaje de pérdidas reales sobre el volumen de agua suministrada,2000,"20,9"
01,Andalucía,Volumen de agua disponible potabilizada,2022,279
01,Andalucía,Volumen de agua disponible potabilizada,2020,276
01,Andalucía,Volumen de agua disponible potabilizada,2018,293
01,Andalucía,Volumen de agua disponible potabilizada,2016,295
01,Andalucía,Volumen de agua disponible potabilizada,2014,282
01,Andalucía,Volumen de agua disponible potabilizada,2013,268
01,Andalucía,Volumen de agua disponible potabilizada,2012,283
01,Andalucía,Volumen de agua disponible potabilizada,2011,291
01,Andalucía,Volumen de agua disponible potabilizada,2010,296
01,Andalucía,Volumen de agua disponible potabilizada,2009,310
01,Andalucía,Volumen de agua disponible potabilizada,2008,311
01,Andalucía,Volumen de agua disponible potabilizada,2007,323
01,Andalucía,Volumen de agua disponible potabilizada,2006,392
01,Andalucía,Volumen de agua disponible potabilizada,2005,448
01,Andalucía,Volumen de agua disponible potabilizada,2004,465
01,Andalucía,Volumen de agua disponible potabilizada,2003,439
01,Andalucía,Volumen de agua disponible potabilizada,2002,387
01,Andalucía,Volumen de agua disponible potabilizada,2001,391
01,Andalucía,Volumen de agua disponible potabilizada,2000,345
01,Andalucía,Volumen de agua suministrada a la red de abastecimiento público,2022,261
01,Andalucía,Volumen de agua suministrada a la red de abastecimiento público,2020,256
01,Andalucía,Volumen de agua suministrada a la red de abastecimiento público,2018,243
01,Andalucía,Volumen de agua suministrada a la red de abastecimiento público,2016,247
01,Andalucía,Volumen de agua suministrada a la red de abastecimiento público,2014,253
01,Andalucía,Volumen de agua suministrada a la red de abastecimiento público,2013,248
01,Andalucía,Volumen de agua suministrada a la red de abastecimiento público,2012,259
01,Andalucía,Volumen de agua suministrada a la red de abastecimiento público,2011,260
01,Andalucía,Volumen de agua suministrada a la red de abastecimiento público,2010,265
01,Andalucía,Volumen de agua suministrada a la red de abastecimiento público,2009,288
01,Andalucía,Volumen de agua suministrada a la red de abastecimiento público,2008,289
01,Andalucía,Volumen de agua suministrada a la red de abastecimiento público,2007,299
01,Andalucía,Volumen de agua suministrada a la red de abastecimiento público,2006,315
01,Andalucía,Volumen de agua suministrada a la red de abastecimiento público,2005,359
01,Andalucía,Volumen de agua suministrada a la red de abastecimiento público,2004,351
01,Andalucía,Volumen de agua suministrada a la red de abastecimiento público,2003,340
01,Andalucía,Volumen de agua suministrada a la red de abastecimiento público,2002,324
01,Andalucía,Volumen de agua suministrada a la red de abastecimiento público,2001,320
01,Andalucía,Volumen de agua suministrada a la red de abastecimiento público,2000,308
01,Andalucía,Volumen total de agua registrada y distribuida,2022,194
01,Andalucía,Volumen total de agua registrada y distribuida,2020,185
01,Andalucía,Volumen total de agua registrada y distribuida,2018,177
01,Andalucía,Volumen total de agua registrada y distribuida,2016,176
01,Andalucía,Volumen total de agua registrada y distribuida,2014,182
01,Andalucía,Volumen total de agua registrada y distribuida,2013,179
01,Andalucía,Volumen total de agua registrada y distribuida,2012,188
01,Andalucía,Volumen total de agua registrada y distribuida,2011,190
01,Andalucía,Volumen total de agua registrada y distribuida,2010,193
01,Andalucía,Volumen total de agua registrada y distribuida,2009,211
01,Andalucía,Volumen total de agua registrada y distribuida,2008,223
01,Andalucía,Volumen total de agua registrada y distribuida,2007,229
01,Andalucía,Volumen total de agua registrada y distribuida,2006,265
01,Andalucía,Volumen total de agua registrada y distribuida,2005,295
01,Andalucía,Volumen total de agua registrada y distribuida,2004,281
01,Andalucía,Volumen total de agua registrada y distribuida,2003,268
01,Andalucía,Volumen total de agua registrada y distribuida,2002,259
01,Andalucía,Volumen total de agua registrada y distribuida,2001,259
01,Andalucía,Volumen total de agua registrada y distribuida,2000,250
01,Andalucía,Volumen de agua registrada y distribuida a los Hogares,2022,140
01,Andalucía,Volumen de agua registrada y distribuida a los Hogares,2020,138
01,Andalucía,Volumen de agua registrada y distribuida a los Hogares,2018,128
01,Andalucía,Volumen de agua registrada y distribuida a los Hogares,2016,129
01,Andalucía,Volumen de agua registrada y distribuida a los Hogares,2014,126
01,Andalucía,Volumen de agua registrada y distribuida a los Hogares,2013,120
01,Andalucía,Volumen de agua registrada y distribuida a los Hogares,2012,127
01,Andalucía,Volumen de agua registrada y distribuida a los Hogares,2011,139
01,Andalucía,Volumen de agua registrada y distribuida a los Hogares,2010,142
01,Andalucía,Volumen de agua registrada y distribuida a los Hogares,2009,154
01,Andalucía,Volumen de agua registrada y distribuida a los Hogares,2008,154
01,Andalucía,Volumen de agua registrada y distribuida a los Hogares,2007,156
01,Andalucía,Volumen de agua registrada y distribuida a los Hogares,2006,178
01,Andalucía,Volumen de agua registrada y distribuida a los Hogares,2005,196
01,Andalucía,Volumen de agua registrada y distribuida a los Hogares,2004,190
01,Andalucía,Volumen de agua registrada y distribuida a los Hogares,2003,185
01,Andalucía,Volumen de agua registrada y distribuida a los Hogares,2002,185
01,Andalucía,Volumen de agua registrada y distribuida a los Hogares,2001,182
01,Andalucía,Volumen de agua registrada y distribuida a los Hogares,2000,184
01,Andalucía,Volumen de agua no registrada,2022,67
01,Andalucía,Volumen de agua no registrada,2020,71
01,Andalucía,Volumen de agua no registrada,2018,66
01,Andalucía,Volumen de agua no registrada,2016,71
01,Andalucía,Volumen de agua no registrada,2014,71
01,Andalucía,Volumen de agua no registrada,2013,69
01,Andalucía,Volumen de agua no registrada,2012,71
01,Andalucía,Volumen de agua no registrada,2011,70
01,Andalucía,Volumen de agua no registrada,2010,72
01,Andalucía,Volumen de agua no registrada,2009,77
01,Andalucía,Volumen de agua no registrada,2008,66
01,Andalucía,Volumen de agua no registrada,2007,70
01,Andalucía,Volumen de agua no registrada,2006,..
01,Andalucía,Volumen de agua no registrada,2005,..
01,Andalucía,Volumen de agua no registrada,2004,..
01,Andalucía,Volumen de agua no registrada,2003,..
01,Andalucía,Volumen de agua no registrada,2002,..
01,Andalucía,Volumen de agua no registrada,2001,..
01,Andalucía,Volumen de agua no registrada,2000,..
01,Andalucía,Pérdidas reales,2022,44
01,Andalucía,Pérdidas reales,2020,42
01,Andalucía,Pérdidas reales,2018,40
01,Andalucía,Pérdidas reales,2016,50
01,Andalucía,Pérdidas reales,2014,50
01,Andalucía,Pérdidas reales,2013,46
01,Andalucía,Pérdidas reales,2012,41
01,Andalucía,Pérdidas reales,2011,47
01,Andalucía,Pérdidas reales,2010,45
01,Andalucía,Pérdidas reales,2009,49
01,Andalucía,Pérdidas reales,2008,45
01,Andalucía,Pérdidas reales,2007,43
01,Andalucía,Pérdidas reales,2006,51
01,Andalucía,Pérdidas reales,2005,64
01,Andalucía,Pérdidas reales,2004,70
01,Andalucía,Pérdidas reales,2003,72
01,Andalucía,Pérdidas reales,2002,65
01,Andalucía,Pérdidas reales,2001,61
01,Andalucía,Pérdidas reales,2000,58
01,Andalucía,Pérdidas aparentes,2022,23
01,Andalucía,Pérdidas aparentes,2020,29
01,Andalucía,Pérdidas aparentes,2018,26
01,Andalucía,Pérdidas aparentes,2016,21
01,Andalucía,Pérdidas aparentes,2014,21
01,Andalucía,Pérdidas aparentes,2013,23
01,Andalucía,Pérdidas aparentes,2012,30
01,Andalucía,Pérdidas aparentes,2011,23
01,Andalucía,Pérdidas aparentes,2010,27
01,Andalucía,Pérdidas aparentes,2009,28
01,Andalucía,Pérdidas aparentes,2008,21
01,Andalucía,Pérdidas aparentes,2007,27
01,Andalucía,Pérdidas aparentes,2006,..
01,Andalucía,Pérdidas aparentes,2005,..
01,Andalucía,Pérdidas aparentes,2004,..
01,Andalucía,Pérdidas aparentes,2003,..
01,Andalucía,Pérdidas aparentes,2002,..
01,Andalucía,Pérdidas aparentes,2001,..
01,Andalucía,Pérdidas aparentes,2000,..
01,Andalucía,Porcentaje de pérdidas reales sobre el volumen de agua suministrada,2022,"17,0"
01,Andalucía,Porcentaje de pérdidas reales sobre el volumen de agua suministrada,2020,"16,3"
01,Andalucía,Porcentaje de pérdidas reales sobre el volumen de agua suministrada,2018,"16,6"
01,Andalucía,Porcentaje de pérdidas reales sobre el volumen de agua suministrada,2016,"20,8"
01,Andalucía,Porcentaje de pérdidas reales sobre el volumen de agua suministrada,2014,"19,6"
01,Andalucía,Porcentaje de pérdidas reales sobre el volumen de agua suministrada,2013,"18,7"
01,Andalucía,Porcentaje de pérdidas reales sobre el volumen de agua suministrada,2012,"15,8"
01,Andalucía,Porcentaje de pérdidas reales sobre el volumen de agua suministrada,2011,"18,2"
01,Andalucía,Porcentaje de pérdidas reales sobre el volumen de agua suministrada,2010,"17,0"
01,Andalucía,Porcentaje de pérdidas reales sobre el volumen de agua suministrada,2009,"16,9"
01,Andalucía,Porcentaje de pérdidas reales sobre el volumen de agua suministrada,2008,"15,7"
01,Andalucía,Porcentaje de pérdidas reales sobre el volumen de agua suministrada,2007,"14,5"
01,Andalucía,Porcentaje de pérdidas reales sobre el volumen de agua suministrada,2006,"16,1"
01,Andalucía,Porcentaje de pérdidas reales sobre el volumen de agua suministrada,2005,"17,8"
01,Andalucía,Porcentaje de pérdidas reales sobre el volumen de agua suministrada,2004,"20,0"
01,Andalucía,Porcentaje de pérdidas reales sobre el volumen de agua suministrada,2003,"21,2"
01,Andalucía,Porcentaje de pérdidas reales sobre el volumen de agua suministrada,2002,"20,0"
01,Andalucía,Porcentaje de pérdidas reales sobre el volumen de agua suministrada,2001,"19,0"
01,Andalucía,Porcentaje de pérdidas reales sobre el volumen de agua suministrada,2000,"18,7"
02,Aragón,Volumen de agua disponible potabilizada,2022,492
02,Aragón,Volumen de agua disponible potabilizada,2020,315
02,Aragón,Volumen de agua disponible potabilizada,2018,314
02,Aragón,Volumen de agua disponible potabilizada,2016,381
02,Aragón,Volumen de agua disponible potabilizada,2014,332
02,Aragón,Volumen de agua disponible potabilizada,2013,328
02,Aragón,Volumen de agua disponible potabilizada,2012,391
02,Aragón,Volumen de agua disponible potabilizada,2011,339
02,Aragón,Volumen de agua disponible potabilizada,2010,348
02,Aragón,Volumen de agua disponible potabilizada,2009,362
02,Aragón,Volumen de agua disponible potabilizada,2008,356
02,Aragón,Volumen de agua disponible potabilizada,2007,340
02,Aragón,Volumen de agua disponible potabilizada,2006,341
02,Aragón,Volumen de agua disponible potabilizada,2005,494
02,Aragón,Volumen de agua disponible potabilizada,2004,466
02,Aragón,Volumen de agua disponible potabilizada,2003,479
02,Aragón,Volumen de agua disponible potabilizada,2002,420
02,Aragón,Volumen de agua disponible potabilizada,2001,426
02,Aragón,Volumen de agua disponible potabilizada,2000,425
02,Aragón,Volumen de agua suministrada a la red de abastecimiento público,2022,270
02,Aragón,Volumen de agua suministrada a la red de abastecimiento público,2020,296
02,Aragón,Volumen de agua suministrada a la red de abastecimiento público,2018,289
02,Aragón,Volumen de agua suministrada a la red de abastecimiento público,2016,280
02,Aragón,Volumen de agua suministrada a la red de abastecimiento público,2014,281
02,Aragón,Volumen de agua suministrada a la red de abastecimiento público,2013,289
02,Aragón,Volumen de agua suministrada a la red de abastecimiento público,2012,304
02,Aragón,Volumen de agua suministrada a la red de abastecimiento público,2011,278
02,Aragón,Volumen de agua suministrada a la red de abastecimiento público,2010,314
02,Aragón,Volumen de agua suministrada a la red de abastecimiento público,2009,327
02,Aragón,Volumen de agua suministrada a la red de abastecimiento público,2008,339
02,Aragón,Volumen de agua suministrada a la red de abastecimiento público,2007,321
02,Aragón,Volumen de agua suministrada a la red de abastecimiento público,2006,297
02,Aragón,Volumen de agua suministrada a la red de abastecimiento público,2005,330
02,Aragón,Volumen de agua suministrada a la red de abastecimiento público,2004,321
02,Aragón,Volumen de agua suministrada a la red de abastecimiento público,2003,365
02,Aragón,Volumen de agua suministrada a la red de abastecimiento público,2002,361
02,Aragón,Volumen de agua suministrada a la red de abastecimiento público,2001,365
02,Aragón,Volumen de agua suministrada a la red de abastecimiento público,2000,392
02,Aragón,Volumen total de agua registrada y distribuida,2022,191
02,Aragón,Volumen total de agua registrada y distribuida,2020,201
02,Aragón,Volumen total de agua registrada y distribuida,2018,212
02,Aragón,Volumen total de agua registrada y distribuida,2016,214
02,Aragón,Volumen total de agua registrada y distribuida,2014,200
02,Aragón,Volumen total de agua registrada y distribuida,2013,196
02,Aragón,Volumen total de agua registrada y distribuida,2012,217
02,Aragón,Volumen total de agua registrada y distribuida,2011,199
02,Aragón,Volumen total de agua registrada y distribuida,2010,213
02,Aragón,Volumen total de agua registrada y distribuida,2009,221
02,Aragón,Volumen total de agua registrada y distribuida,2008,232
02,Aragón,Volumen total de agua registrada y distribuida,2007,213
02,Aragón,Volumen total de agua registrada y distribuida,2006,239
02,Aragón,Volumen total de agua registrada y distribuida,2005,251
02,Aragón,Volumen total de agua registrada y distribuida,2004,251
02,Aragón,Volumen total de agua registrada y distribuida,2003,279
02,Aragón,Volumen total de agua registrada y distribuida,2002,261
02,Aragón,Volumen total de agua registrada y distribuida,2001,248
02,Aragón,Volumen total de agua registrada y distribuida,2000,252
02,Aragón,Volumen de agua registrada y distribuida a los Hogares,2022,110
02,Aragón,Volumen de agua registrada y distribuida a los Hogares,2020,134
02,Aragón,Volumen de agua registrada y distribuida a los Hogares,2018,129
02,Aragón,Volumen de agua registrada y distribuida a los Hogares,2016,137
02,Aragón,Volumen de agua registrada y distribuida a los Hogares,2014,130
02,Aragón,Volumen de agua registrada y distribuida a los Hogares,2013,129
02,Aragón,Volumen de agua registrada y distribuida a los Hogares,2012,135
02,Aragón,Volumen de agua registrada y distribuida a los Hogares,2011,129
02,Aragón,Volumen de agua registrada y distribuida a los Hogares,2010,141
02,Aragón,Volumen de agua registrada y distribuida a los Hogares,2009,145
02,Aragón,Volumen de agua registrada y distribuida a los Hogares,2008,146
02,Aragón,Volumen de agua registrada y distribuida a los Hogares,2007,139
02,Aragón,Volumen de agua registrada y distribuida a los Hogares,2006,149
02,Aragón,Volumen de agua registrada y distribuida a los Hogares,2005,154
02,Aragón,Volumen de agua registrada y distribuida a los Hogares,2004,163
02,Aragón,Volumen de agua registrada y distribuida a los Hogares,2003,168
02,Aragón,Volumen de agua registrada y distribuida a los Hogares,2002,170
02,Aragón,Volumen de agua registrada y distribuida a los Hogares,2001,174
02,Aragón,Volumen de agua registrada y distribuida a los Hogares,2000,174
02,Aragón,Volumen de agua no registrada,2022,79
02,Aragón,Volumen de agua no registrada,2020,95
02,Aragón,Volumen de agua no registrada,2018,77
02,Aragón,Volumen de agua no registrada,2016,66
02,Aragón,Volumen de agua no registrada,2014,81
02,Aragón,Volumen de agua no registrada,2013,93
02,Aragón,Volumen de agua no registrada,2012,87
02,Aragón,Volumen de agua no registrada,2011,79
02,Aragón,Volumen de agua no registrada,2010,101
02,Aragón,Volumen de agua no registrada,2009,106
02,Aragón,Volumen de agua no registrada,2008,107
02,Aragón,Volumen de agua no registrada,2007,108
02,Aragón,Volumen de agua no registrada,2006,..
02,Aragón,Volumen de agua no registrada,2005,..
02,Aragón,Volumen de agua no registrada,2004,..
02,Aragón,Volumen de agua no registrada,2003,..
02,Aragón,Volumen de agua no registrada,2002,..
02,Aragón,Volumen de agua no registrada,2001,..
02,Aragón,Volumen de agua no registrada,2000,..
02,Aragón,Pérdidas reales,2022,67
02,Aragón,Pérdidas reales,2020,63
02,Aragón,Pérdidas reales,2018,53
02,Aragón,Pérdidas reales,2016,47
02,Aragón,Pérdidas reales,2014,56
02,Aragón,Pérdidas reales,2013,58
02,Aragón,Pérdidas reales,2012,53
02,Aragón,Pérdidas reales,2011,56
02,Aragón,Pérdidas reales,2010,77
02,Aragón,Pérdidas reales,2009,75
02,Aragón,Pérdidas reales,2008,70
02,Aragón,Pérdidas reales,2007,69
02,Aragón,Pérdidas reales,2006,58
02,Aragón,Pérdidas reales,2005,80
02,Aragón,Pérdidas reales,2004,70
02,Aragón,Pérdidas reales,2003,86
02,Aragón,Pérdidas reales,2002,100
02,Aragón,Pérdidas reales,2001,116
02,Aragón,Pérdidas reales,2000,140
02,Aragón,Pérdidas aparentes,2022,13
02,Aragón,Pérdidas aparentes,2020,32
02,Aragón,Pérdidas aparentes,2018,24
02,Aragón,Pérdidas aparentes,2016,19
02,Aragón,Pérdidas aparentes,2014,25
02,Aragón,Pérdidas aparentes,2013,35
02,Aragón,Pérdidas aparentes,2012,34
02,Aragón,Pérdidas aparentes,2011,23
02,Aragón,Pérdidas aparentes,2010,24
02,Aragón,Pérdidas aparentes,2009,31
02,Aragón,Pérdidas aparentes,2008,37
02,Aragón,Pérdidas aparentes,2007,39
02,Aragón,Pérdidas aparentes,2006,..
02,Aragón,Pérdidas aparentes,2005,..
02,Aragón,Pérdidas aparentes,2004,..
02,Aragón,Pérdidas aparentes,2003,..
02,Aragón,Pérdidas aparentes,2002,..
02,Aragón,Pérdidas aparentes,2001,..
02,Aragón,Pérdidas aparentes,2000,..
02,Aragón,Porcentaje de pérdidas reales sobre el volumen de agua suministrada,2022,"24,6"
02,Aragón,Porcentaje de pérdidas reales sobre el volumen de agua suministrada,2020,"21,1"
02,Aragón,Porcentaje de pérdidas reales sobre el volumen de agua suministrada,2018,"18,3"
02,Aragón,Porcentaje de pérdidas reales sobre el volumen de agua suministrada,2016,"16,7"
02,Aragón,Porcentaje de pérdidas reales sobre el volumen de agua suministrada,2014,"19,9"
02,Aragón,Porcentaje de pérdidas reales sobre el volumen de agua suministrada,2013,"20,1"
02,Aragón,Porcentaje de pérdidas reales sobre el volumen de agua suministrada,2012,"17,5"
02,Aragón,Porcentaje de pérdidas reales sobre el volumen de agua suministrada,2011,"20,2"
02,Aragón,Porcentaje de pérdidas reales sobre el volumen de agua suministrada,2010,"24,5"
02,Aragón,Porcentaje de pérdidas reales sobre el volumen de agua suministrada,2009,"23,0"
02,Aragón,Porcentaje de pérdidas reales sobre el volumen de agua suministrada,2008,"20,7"
02,Aragón,Porcentaje de pérdidas reales sobre el volumen de agua suministrada,2007,"21,5"
02,Aragón,Porcentaje de pérdidas reales sobre el volumen de agua suministrada,2006,"19,5"
02,Aragón,Porcentaje de pérdidas reales sobre el volumen de agua suministrada,2005,"24,1"
02,Aragón,Porcentaje de pérdidas reales sobre el volumen de agua suministrada,2004,"21,9"
02,Aragón,Porcentaje de pérdidas reales sobre el volumen de agua suministrada,2003,"23,5"
02,Aragón,Porcentaje de pérdidas reales sobre el volumen de agua suministrada,2002,"27,7"
02,Aragón,Porcentaje de pérdidas reales sobre el volumen de agua suministrada,2001,"31,9"
02,Aragón,Porcentaje de pérdidas reales sobre el volumen de agua suministrada,2000,"35,7"
03,"Asturias, Principado de",Volumen de agua disponible potabilizada,2022,331
03,"Asturias, Principado de",Volumen de agua disponible potabilizada,2020,375
03,"Asturias, Principado de",Volumen de agua disponible potabilizada,2018,318
03,"Asturias, Principado de",Volumen de agua disponible potabilizada,2016,405
03,"Asturias, Principado de",Volumen de agua disponible potabilizada,2014,428
03,"Asturias, Principado de",Volumen de agua disponible potabilizada,2013,351
03,"Asturias, Principado de",Volumen de agua disponible potabilizada,2012,334
03,"Asturias, Principado de",Volumen de agua disponible potabilizada,2011,337
03,"Asturias, Principado de",Volumen de agua disponible potabilizada,2010,342
03,"Asturias, Principado de",Volumen de agua disponible potabilizada,2009,358
03,"Asturias, Principado de",Volumen de agua disponible potabilizada,2008,388
03,"Asturias, Principado de",Volumen de agua disponible potabilizada,2007,383
03,"Asturias, Principado de",Volumen de agua disponible potabilizada,2006,388
03,"Asturias, Principado de",Volumen de agua disponible potabilizada,2005,497
03,"Asturias, Principado de",Volumen de agua disponible potabilizada,2004,446
03,"Asturias, Principado de",Volumen de agua disponible potabilizada,2003,368
03,"Asturias, Principado de",Volumen de agua disponible potabilizada,2002,356
03,"Asturias, Principado de",Volumen de agua disponible potabilizada,2001,320
03,"Asturias, Principado de",Volumen de agua disponible potabilizada,2000,292
03,"Asturias, Principado de",Volumen de agua suministrada a la red de abastecimiento público,2022,316
03,"Asturias, Principado de",Volumen de agua suministrada a la red de abastecimiento público,2020,280
03,"Asturias, Principado de",Volumen de agua suministrada a la red de abastecimiento público,2018,281
03,"Asturias, Principado de",Volumen de agua suministrada a la red de abastecimiento público,2016,317
03,"Asturias, Principado de",Volumen de agua suministrada a la red de abastecimiento público,2014,297
03,"Asturias, Principado de",Volumen de agua suministrada a la red de abastecimiento público,2013,299
03,"Asturias, Principado de",Volumen de agua suministrada a la red de abastecimiento público,2012,294
03,"Asturias, Principado de",Volumen de agua suministrada a la red de abastecimiento público,2011,306
03,"Asturias, Principado de",Volumen de agua suministrada a la red de abastecimiento público,2010,309
03,"Asturias, Principado de",Volumen de agua suministrada a la red de abastecimiento público,2009,314
03,"Asturias, Principado de",Volumen de agua suministrada a la red de abastecimiento público,2008,327
03,"Asturias, Principado de",Volumen de agua suministrada a la red de abastecimiento público,2007,341
03,"Asturias, Principado de",Volumen de agua suministrada a la red de abastecimiento público,2006,312
03,"Asturias, Principado de",Volumen de agua suministrada a la red de abastecimiento público,2005,312
03,"Asturias, Principado de",Volumen de agua suministrada a la red de abastecimiento público,2004,331
03,"Asturias, Principado de",Volumen de agua suministrada a la red de abastecimiento público,2003,302
03,"Asturias, Principado de",Volumen de agua suministrada a la red de abastecimiento público,2002,282
03,"Asturias, Principado de",Volumen de agua suministrada a la red de abastecimiento público,2001,299
03,"Asturias, Principado de",Volumen de agua suministrada a la red de abastecimiento público,2000,280
03,"Asturias, Principado de",Volumen total de agua registrada y distribuida,2022,192
03,"Asturias, Principado de",Volumen total de agua registrada y distribuida,2020,191
03,"Asturias, Principado de",Volumen total de agua registrada y distribuida,2018,204
03,"Asturias, Principado de",Volumen total de agua registrada y distribuida,2016,221
03,"Asturias, Principado de",Volumen total de agua registrada y distribuida,2014,205
03,"Asturias, Principado de",Volumen total de agua registrada y distribuida,2013,193
03,"Asturias, Principado de",Volumen total de agua registrada y distribuida,2012,198
03,"Asturias, Principado de",Volumen total de agua registrada y distribuida,2011,211
03,"Asturias, Principado de",Volumen total de agua registrada y distribuida,2010,221
03,"Asturias, Principado de",Volumen total de agua registrada y distribuida,2009,220
03,"Asturias, Principado de",Volumen total de agua registrada y distribuida,2008,252
03,"Asturias, Principado de",Volumen total de agua registrada y distribuida,2007,265
03,"Asturias, Principado de",Volumen total de agua registrada y distribuida,2006,282
03,"Asturias, Principado de",Volumen total de agua registrada y distribuida,2005,273
03,"Asturias, Principado de",Volumen total de agua registrada y distribuida,2004,267
03,"Asturias, Principado de",Volumen total de agua registrada y distribuida,2003,247
03,"Asturias, Principado de",Volumen total de agua registrada y distribuida,2002,238
03,"Asturias, Principado de",Volumen total de agua registrada y distribuida,2001,242
03,"Asturias, Principado de",Volumen total de agua registrada y distribuida,2000,214
03,"Asturias, Principado de",Volumen de agua registrada y distribuida a los Hogares,2022,143
03,"Asturias, Principado de",Volumen de agua registrada y distribuida a los Hogares,2020,136
03,"Asturias, Principado de",Volumen de agua registrada y distribuida a los Hogares,2018,140
03,"Asturias, Principado de",Volumen de agua registrada y distribuida a los Hogares,2016,150
03,"Asturias, Principado de",Volumen de agua registrada y distribuida a los Hogares,2014,134
03,"Asturias, Principado de",Volumen de agua registrada y distribuida a los Hogares,2013,122
03,"Asturias, Principado de",Volumen de agua registrada y distribuida a los Hogares,2012,128
03,"Asturias, Principado de",Volumen de agua registrada y distribuida a los Hogares,2011,150
03,"Asturias, Principado de",Volumen de agua registrada y distribuida a los Hogares,2010,156
03,"Asturias, Principado de",Volumen de agua registrada y distribuida a los Hogares,2009,163
03,"Asturias, Principado de",Volumen de agua registrada y distribuida a los Hogares,2008,175
03,"Asturias, Principado de",Volumen de agua registrada y distribuida a los Hogares,2007,183
03,"Asturias, Principado de",Volumen de agua registrada y distribuida a los Hogares,2006,187
03,"Asturias, Principado de",Volumen de agua registrada y distribuida a los Hogares,2005,183
03,"Asturias, Principado de",Volumen de agua registrada y distribuida a los Hogares,2004,174
03,"Asturias, Principado de",Volumen de agua registrada y distribuida a los Hogares,2003,163
03,"Asturias, Principado de",Volumen de agua registrada y distribuida a los Hogares,2002,160
03,"Asturias, Principado de",Volumen de agua registrada y distribuida a los Hogares,2001,155
03,"Asturias, Principado de",Volumen de agua registrada y distribuida a los Hogares,2000,152
03,"Asturias, Principado de",Volumen de agua no registrada,2022,124
03,"Asturias, Principado de",Volumen de agua no registrada,2020,89
03,"Asturias, Principado de",Volumen de agua no registrada,2018,77
03,"Asturias, Principado de",Volumen de agua no registrada,2016,96
03,"Asturias, Principado de",Volumen de agua no registrada,2014,92
03,"Asturias, Principado de",Volumen de agua no registrada,2013,106
03,"Asturias, Principado de",Volumen de agua no registrada,2012,96
03,"Asturias, Principado de",Volumen de agua no registrada,2011,95
03,"Asturias, Principado de",Volumen de agua no registrada,2010,88
03,"Asturias, Principado de",Volumen de agua no registrada,2009,94
03,"Asturias, Principado de",Volumen de agua no registrada,2008,75
03,"Asturias, Principado de",Volumen de agua no registrada,2007,76
03,"Asturias, Principado de",Volumen de agua no registrada,2006,..
03,"Asturias, Principado de",Volumen de agua no registrada,2005,..
03,"Asturias, Principado de",Volumen de agua no registrada,2004,..
03,"Asturias, Principado de",Volumen de agua no registrada,2003,..
03,"Asturias, Principado de",Volumen de agua no registrada,2002,..
03,"Asturias, Principado de",Volumen de agua no registrada,2001,..
03,"Asturias, Principado de",Volumen de agua no registrada,2000,..
03,"Asturias, Principado de",Pérdidas reales,2022,77
03,"Asturias, Principado de",Pérdidas reales,2020,55
03,"Asturias, Principado de",Pérdidas reales,2018,42
03,"Asturias, Principado de",Pérdidas reales,2016,55
03,"Asturias, Principado de",Pérdidas reales,2014,52
03,"Asturias, Principado de",Pérdidas reales,2013,61
03,"Asturias, Principado de",Pérdidas reales,2012,50
03,"Asturias, Principado de",Pérdidas reales,2011,59
03,"Asturias, Principado de",Pérdidas reales,2010,57
03,"Asturias, Principado de",Pérdidas reales,2009,62
03,"Asturias, Principado de",Pérdidas reales,2008,52
03,"Asturias, Principado de",Pérdidas reales,2007,49
03,"Asturias, Principado de",Pérdidas reales,2006,30
03,"Asturias, Principado de",Pérdidas reales,2005,38
03,"Asturias, Principado de",Pérdidas reales,2004,64
03,"Asturias, Principado de",Pérdidas reales,2003,54
03,"Asturias, Principado de",Pérdidas reales,2002,45
03,"Asturias, Principado de",Pérdidas reales,2001,58
03,"Asturias, Principado de",Pérdidas reales,2000,66
03,"Asturias, Principado de",Pérdidas aparentes,2022,47
03,"Asturias, Principado de",Pérdidas aparentes,2020,34
03,"Asturias, Principado de",Pérdidas aparentes,2018,35
03,"Asturias, Principado de",Pérdidas aparentes,2016,41
03,"Asturias, Principado de",Pérdidas aparentes,2014,40
03,"Asturias, Principado de",Pérdidas aparentes,2013,45
03,"Asturias, Principado de",Pérdidas aparentes,2012,46
03,"Asturias, Principado de",Pérdidas aparentes,2011,36
03,"Asturias, Principado de",Pérdidas aparentes,2010,31
03,"Asturias, Principado de",Pérdidas aparentes,2009,32
03,"Asturias, Principado de",Pérdidas aparentes,2008,23
03,"Asturias, Principado de",Pérdidas aparentes,2007,27
03,"Asturias, Principado de",Pérdidas aparentes,2006,..
03,"Asturias, Principado de",Pérdidas aparentes,2005,..
03,"Asturias, Principado de",Pérdidas aparentes,2004,..
03,"Asturias, Principado de",Pérdidas aparentes,2003,..
03,"Asturias, Principado de",Pérdidas aparentes,2002,..
03,"Asturias, Principado de",Pérdidas aparentes,2001,..
03,"Asturias, Principado de",Pérdidas aparentes,2000,..
03,"Asturias, Principado de",Porcentaje de pérdidas reales sobre el volumen de agua suministrada,2022,"24,4"
03,"Asturias, Principado de",Porcentaje de pérdidas reales sobre el volumen de agua suministrada,2020,"19,5"
03,"Asturias, Principado de",Porcentaje de pérdidas reales sobre el volumen de agua suministrada,2018,"15,0"
03,"Asturias, Principado de",Porcentaje de pérdidas reales sobre el volumen de agua suministrada,2016,"17,4"
03,"Asturias, Principado de",Porcentaje de pérdidas reales sobre el volumen de agua suministrada,2014,"17,4"
03,"Asturias, Principado de",Porcentaje de pérdidas reales sobre el volumen de agua suministrada,2013,"20,3"
03,"Asturias, Principado de",Porcentaje de pérdidas reales sobre el volumen de agua suministrada,2012,"17,0"
03,"Asturias, Principado de",Porcentaje de pérdidas reales sobre el volumen de agua suministrada,2011,"19,2"
03,"Asturias, Principado de",Porcentaje de pérdidas reales sobre el volumen de agua suministrada,2010,"18,3"
03,"Asturias, Principado de",Porcentaje de pérdidas reales sobre el volumen de agua suministrada,2009,"19,8"
03,"Asturias, Principado de",Porcentaje de pérdidas reales sobre el volumen de agua suministrada,2008,"15,8"
03,"Asturias, Principado de",Porcentaje de pérdidas reales sobre el volumen de agua suministrada,2007,"14,4"
03,"Asturias, Principado de",Porcentaje de pérdidas reales sobre el volumen de agua suministrada,2006,"9,6"
03,"Asturias, Principado de",Porcentaje de pérdidas reales sobre el volumen de agua suministrada,2005,"12,3"
03,"Asturias, Principado de",Porcentaje de pérdidas reales sobre el volumen de agua suministrada,2004,"19,4"
03,"Asturias, Principado de",Porcentaje de pérdidas reales sobre el volumen de agua suministrada,2003,"17,9"
03,"Asturias, Principado de",Porcentaje de pérdidas reales sobre el volumen de agua suministrada,2002,"15,9"
03,"Asturias, Principado de",Porcentaje de pérdidas reales sobre el volumen de agua suministrada,2001,"19,3"
03,"Asturias, Principado de",Porcentaje de pérdidas reales sobre el volumen de agua suministrada,2000,"23,6"
04,"Balears, Illes",Volumen de agua disponible potabilizada,2022,292
04,"Balears, Illes",Volumen de agua disponible potabilizada,2020,259
04,"Balears, Illes",Volumen de agua disponible potabilizada,2018,279
04,"Balears, Illes",Volumen de agua disponible potabilizada,2016,396
04,"Balears, Illes",Volumen de agua disponible potabilizada,2014,284
04,"Balears, Illes",Volumen de agua disponible potabilizada,2013,315
04,"Balears, Illes",Volumen de agua disponible potabilizada,2012,278
04,"Balears, Illes",Volumen de agua disponible potabilizada,2011,263
04,"Balears, Illes",Volumen de agua disponible potabilizada,2010,262
04,"Balears, Illes",Volumen de agua disponible potabilizada,2009,287
04,"Balears, Illes",Volumen de agua disponible potabilizada,2008,306
04,"Balears, Illes",Volumen de agua disponible potabilizada,2007,325
04,"Balears, Illes",Volumen de agua disponible potabilizada,2006,380
04,"Balears, Illes",Volumen de agua disponible potabilizada,2005,428
04,"Balears, Illes",Volumen de agua disponible potabilizada,2004,407
04,"Balears, Illes",Volumen de agua disponible potabilizada,2003,331
04,"Balears, Illes",Volumen de agua disponible potabilizada,2002,325
04,"Balears, Illes",Volumen de agua disponible potabilizada,2001,275
04,"Balears, Illes",Volumen de agua disponible potabilizada,2000,326
04,"Balears, Illes",Volumen de agua suministrada a la red de abastecimiento público,2022,257
04,"Balears, Illes",Volumen de agua suministrada a la red de abastecimiento público,2020,251
04,"Balears, Illes",Volumen de agua suministrada a la red de abastecimiento público,2018,265
04,"Balears, Illes",Volumen de agua suministrada a la red de abastecimiento público,2016,301
04,"Balears, Illes",Volumen de agua suministrada a la red de abastecimiento público,2014,272
04,"Balears, Illes",Volumen de agua suministrada a la red de abastecimiento público,2013,269
04,"Balears, Illes",Volumen de agua suministrada a la red de abastecimiento público,2012,265
04,"Balears, Illes",Volumen de agua suministrada a la red de abastecimiento público,2011,254
04,"Balears, Illes",Volumen de agua suministrada a la red de abastecimiento público,2010,249
04,"Balears, Illes",Volumen de agua suministrada a la red de abastecimiento público,2009,274
04,"Balears, Illes",Volumen de agua suministrada a la red de abastecimiento público,2008,294
04,"Balears, Illes",Volumen de agua suministrada a la red de abastecimiento público,2007,299
04,"Balears, Illes",Volumen de agua suministrada a la red de abastecimiento público,2006,330
04,"Balears, Illes",Volumen de agua suministrada a la red de abastecimiento público,2005,329
04,"Balears, Illes",Volumen de agua suministrada a la red de abastecimiento público,2004,356
04,"Balears, Illes",Volumen de agua suministrada a la red de abastecimiento público,2003,303
04,"Balears, Illes",Volumen de agua suministrada a la red de abastecimiento público,2002,296
04,"Balears, Illes",Volumen de agua suministrada a la red de abastecimiento público,2001,284
04,"Balears, Illes",Volumen de agua suministrada a la red de abastecimiento público,2000,291
04,"Balears, Illes",Volumen total de agua registrada y distribuida,2022,199
04,"Balears, Illes",Volumen total de agua registrada y distribuida,2020,187
04,"Balears, Illes",Volumen total de agua registrada y distribuida,2018,204
04,"Balears, Illes",Volumen total de agua registrada y distribuida,2016,226
04,"Balears, Illes",Volumen total de agua registrada y distribuida,2014,209
04,"Balears, Illes",Volumen total de agua registrada y distribuida,2013,209
04,"Balears, Illes",Volumen total de agua registrada y distribuida,2012,203
04,"Balears, Illes",Volumen total de agua registrada y distribuida,2011,186
04,"Balears, Illes",Volumen total de agua registrada y distribuida,2010,186
04,"Balears, Illes",Volumen total de agua registrada y distribuida,2009,208
04,"Balears, Illes",Volumen total de agua registrada y distribuida,2008,230
04,"Balears, Illes",Volumen total de agua registrada y distribuida,2007,230
04,"Balears, Illes",Volumen total de agua registrada y distribuida,2006,266
04,"Balears, Illes",Volumen total de agua registrada y distribuida,2005,262
04,"Balears, Illes",Volumen total de agua registrada y distribuida,2004,274
04,"Balears, Illes",Volumen total de agua registrada y distribuida,2003,236
04,"Balears, Illes",Volumen total de agua registrada y distribuida,2002,227
04,"Balears, Illes",Volumen total de agua registrada y distribuida,2001,215
04,"Balears, Illes",Volumen total de agua registrada y distribuida,2000,224
04,"Balears, Illes",Volumen de agua registrada y distribuida a los Hogares,2022,126
04,"Balears, Illes",Volumen de agua registrada y distribuida a los Hogares,2020,117
04,"Balears, Illes",Volumen de agua registrada y distribuida a los Hogares,2018,121
04,"Balears, Illes",Volumen de agua registrada y distribuida a los Hogares,2016,134
04,"Balears, Illes",Volumen de agua registrada y distribuida a los Hogares,2014,124
04,"Balears, Illes",Volumen de agua registrada y distribuida a los Hogares,2013,141
04,"Balears, Illes",Volumen de agua registrada y distribuida a los Hogares,2012,132
04,"Balears, Illes",Volumen de agua registrada y distribuida a los Hogares,2011,124
04,"Balears, Illes",Volumen de agua registrada y distribuida a los Hogares,2010,120
04,"Balears, Illes",Volumen de agua registrada y distribuida a los Hogares,2009,126
04,"Balears, Illes",Volumen de agua registrada y distribuida a los Hogares,2008,137
04,"Balears, Illes",Volumen de agua registrada y distribuida a los Hogares,2007,135
04,"Balears, Illes",Volumen de agua registrada y distribuida a los Hogares,2006,152
04,"Balears, Illes",Volumen de agua registrada y distribuida a los Hogares,2005,143
04,"Balears, Illes",Volumen de agua registrada y distribuida a los Hogares,2004,147
04,"Balears, Illes",Volumen de agua registrada y distribuida a los Hogares,2003,137
04,"Balears, Illes",Volumen de agua registrada y distribuida a los Hogares,2002,135
04,"Balears, Illes",Volumen de agua registrada y distribuida a los Hogares,2001,125
04,"Balears, Illes",Volumen de agua registrada y distribuida a los Hogares,2000,132
04,"Balears, Illes",Volumen de agua no registrada,2022,58
04,"Balears, Illes",Volumen de agua no registrada,2020,64
04,"Balears, Illes",Volumen de agua no registrada,2018,61
04,"Balears, Illes",Volumen de agua no registrada,2016,75
04,"Balears, Illes",Volumen de agua no registrada,2014,63
04,"Balears, Illes",Volumen de agua no registrada,2013,60
04,"Balears, Illes",Volumen de agua no registrada,2012,62
04,"Balears, Illes",Volumen de agua no registrada,2011,68
04,"Balears, Illes",Volumen de agua no registrada,2010,63
04,"Balears, Illes",Volumen de agua no registrada,2009,66
04,"Balears, Illes",Volumen de agua no registrada,2008,64
04,"Balears, Illes",Volumen de agua no registrada,2007,69
04,"Balears, Illes",Volumen de agua no registrada,2006,..
04,"Balears, Illes",Volumen de agua no registrada,2005,..
04,"Balears, Illes",Volumen de agua no registrada,2004,..
04,"Balears, Illes",Volumen de agua no registrada,2003,..
04,"Balears, Illes",Volumen de agua no registrada,2002,..
04,"Balears, Illes",Volumen de agua no registrada,2001,..
04,"Balears, Illes",Volumen de agua no registrada,2000,..
04,"Balears, Illes",Pérdidas reales,2022,42
04,"Balears, Illes",Pérdidas reales,2020,45
04,"Balears, Illes",Pérdidas reales,2018,47
04,"Balears, Illes",Pérdidas reales,2016,55
04,"Balears, Illes",Pérdidas reales,2014,45
04,"Balears, Illes",Pérdidas reales,2013,42
04,"Balears, Illes",Pérdidas reales,2012,46
04,"Balears, Illes",Pérdidas reales,2011,48
04,"Balears, Illes",Pérdidas reales,2010,42
04,"Balears, Illes",Pérdidas reales,2009,44
04,"Balears, Illes",Pérdidas reales,2008,43
04,"Balears, Illes",Pérdidas reales,2007,41
04,"Balears, Illes",Pérdidas reales,2006,64
04,"Balears, Illes",Pérdidas reales,2005,66
04,"Balears, Illes",Pérdidas reales,2004,82
04,"Balears, Illes",Pérdidas reales,2003,67
04,"Balears, Illes",Pérdidas reales,2002,69
04,"Balears, Illes",Pérdidas reales,2001,69
04,"Balears, Illes",Pérdidas reales,2000,67
04,"Balears, Illes",Pérdidas aparentes,2022,16
04,"Balears, Illes",Pérdidas aparentes,2020,19
04,"Balears, Illes",Pérdidas aparentes,2018,14
04,"Balears, Illes",Pérdidas aparentes,2016,20
04,"Balears, Illes",Pérdidas aparentes,2014,18
04,"Balears, Illes",Pérdidas aparentes,2013,18
04,"Balears, Illes",Pérdidas aparentes,2012,16
04,"Balears, Illes",Pérdidas aparentes,2011,20
04,"Balears, Illes",Pérdidas aparentes,2010,21
04,"Balears, Illes",Pérdidas aparentes,2009,22
04,"Balears, Illes",Pérdidas aparentes,2008,21
04,"Balears, Illes",Pérdidas aparentes,2007,28
04,"Balears, Illes",Pérdidas aparentes,2006,..
04,"Balears, Illes",Pérdidas aparentes,2005,..
04,"Balears, Illes",Pérdidas aparentes,2004,..
04,"Balears, Illes",Pérdidas aparentes,2003,..
04,"Balears, Illes",Pérdidas aparentes,2002,..
04,"Balears, Illes",Pérdidas aparentes,2001,..
04,"Balears, Illes",Pérdidas aparentes,2000,..
04,"Balears, Illes",Porcentaje de pérdidas reales sobre el volumen de agua suministrada,2022,"16,4"
04,"Balears, Illes",Porcentaje de pérdidas reales sobre el volumen de agua suministrada,2020,"18,0"
04,"Balears, Illes",Porcentaje de pérdidas reales sobre el volumen de agua suministrada,2018,"17,7"
04,"Balears, Illes",Porcentaje de pérdidas reales sobre el volumen de agua suministrada,2016,"18,2"
04,"Balears, Illes",Porcentaje de pérdidas reales sobre el volumen de agua suministrada,2014,"16,7"
04,"Balears, Illes",Porcentaje de pérdidas reales sobre el volumen de agua suministrada,2013,"15,7"
04,"Balears, Illes",Porcentaje de pérdidas reales sobre el volumen de agua suministrada,2012,"17,2"
04,"Balears, Illes",Porcentaje de pérdidas reales sobre el volumen de agua suministrada,2011,"18,8"
04,"Balears, Illes",Porcentaje de pérdidas reales sobre el volumen de agua suministrada,2010,"16,9"
04,"Balears, Illes",Porcentaje de pérdidas reales sobre el volumen de agua suministrada,2009,"16,0"
04,"Balears, Illes",Porcentaje de pérdidas reales sobre el volumen de agua suministrada,2008,"14,6"
04,"Balears, Illes",Porcentaje de pérdidas reales sobre el volumen de agua suministrada,2007,"13,8"
04,"Balears, Illes",Porcentaje de pérdidas reales sobre el volumen de agua suministrada,2006,"19,5"
04,"Balears, Illes",Porcentaje de pérdidas reales sobre el volumen de agua suministrada,2005,"20,2"
04,"Balears, Illes",Porcentaje de pérdidas reales sobre el volumen de agua suministrada,2004,"23,0"
04,"Balears, Illes",Porcentaje de pérdidas reales sobre el volumen de agua suministrada,2003,"22,1"
04,"Balears, Illes",Porcentaje de pérdidas reales sobre el volumen de agua suministrada,2002,"23,2"
04,"Balears, Illes",Porcentaje de pérdidas reales sobre el volumen de agua suministrada,2001,"24,3"
04,"Balears, Illes",Porcentaje de pérdidas reales sobre el volumen de agua suministrada,2000,"22,9"
05,Canarias,Volumen de agua disponible potabilizada,2022,755
05,Canarias,Volumen de agua disponible potabilizada,2020,354
05,Canarias,Volumen de agua disponible potabilizada,2018,341
05,Canarias,Volumen de agua disponible potabilizada,2016,394
05,Canarias,Volumen de agua disponible potabilizada,2014,327
05,Canarias,Volumen de agua disponible potabilizada,2013,351
05,Canarias,Volumen de agua disponible potabilizada,2012,386
05,Canarias,Volumen de agua disponible potabilizada,2011,358
05,Canarias,Volumen de agua disponible potabilizada,2010,349
05,Canarias,Volumen de agua disponible potabilizada,2009,371
05,Canarias,Volumen de agua disponible potabilizada,2008,361
05,Canarias,Volumen de agua disponible potabilizada,2007,407
05,Canarias,Volumen de agua disponible potabilizada,2006,353
05,Canarias,Volumen de agua disponible potabilizada,2005,420
05,Canarias,Volumen de agua disponible potabilizada,2004,409
05,Canarias,Volumen de agua disponible potabilizada,2003,362
05,Canarias,Volumen de agua disponible potabilizada,2002,349
05,Canarias,Volumen de agua disponible potabilizada,2001,328
05,Canarias,Volumen de agua disponible potabilizada,2000,298
05,Canarias,Volumen de agua suministrada a la red de abastecimiento público,2022,441
05,Canarias,Volumen de agua suministrada a la red de abastecimiento público,2020,258
05,Canarias,Volumen de agua suministrada a la red de abastecimiento público,2018,267
05,Canarias,Volumen de agua suministrada a la red de abastecimiento público,2016,290
05,Canarias,Volumen de agua suministrada a la red de abastecimiento público,2014,264
05,Canarias,Volumen de agua suministrada a la red de abastecimiento público,2013,286
05,Canarias,Volumen de agua suministrada a la red de abastecimiento público,2012,297
05,Canarias,Volumen de agua suministrada a la red de abastecimiento público,2011,289
05,Canarias,Volumen de agua suministrada a la red de abastecimiento público,2010,271
05,Canarias,Volumen de agua suministrada a la red de abastecimiento público,2009,286
05,Canarias,Volumen de agua suministrada a la red de abastecimiento público,2008,331
05,Canarias,Volumen de agua suministrada a la red de abastecimiento público,2007,331
05,Canarias,Volumen de agua suministrada a la red de abastecimiento público,2006,268
05,Canarias,Volumen de agua suministrada a la red de abastecimiento público,2005,339
05,Canarias,Volumen de agua suministrada a la red de abastecimiento público,2004,330
05,Canarias,Volumen de agua suministrada a la red de abastecimiento público,2003,293
05,Canarias,Volumen de agua suministrada a la red de abastecimiento público,2002,293
05,Canarias,Volumen de agua suministrada a la red de abastecimiento público,2001,278
05,Canarias,Volumen de agua suministrada a la red de abastecimiento público,2000,291
05,Canarias,Volumen total de agua registrada y distribuida,2022,316
05,Canarias,Volumen total de agua registrada y distribuida,2020,172
05,Canarias,Volumen total de agua registrada y distribuida,2018,185
05,Canarias,Volumen total de agua registrada y distribuida,2016,201
05,Canarias,Volumen total de agua registrada y distribuida,2014,187
05,Canarias,Volumen total de agua registrada y distribuida,2013,206
05,Canarias,Volumen total de agua registrada y distribuida,2012,213
05,Canarias,Volumen total de agua registrada y distribuida,2011,211
05,Canarias,Volumen total de agua registrada y distribuida,2010,206
05,Canarias,Volumen total de agua registrada y distribuida,2009,207
05,Canarias,Volumen total de agua registrada y distribuida,2008,246
05,Canarias,Volumen total de agua registrada y distribuida,2007,248
05,Canarias,Volumen total de agua registrada y distribuida,2006,220
05,Canarias,Volumen total de agua registrada y distribuida,2005,272
05,Canarias,Volumen total de agua registrada y distribuida,2004,266
05,Canarias,Volumen total de agua registrada y distribuida,2003,240
05,Canarias,Volumen total de agua registrada y distribuida,2002,238
05,Canarias,Volumen total de agua registrada y distribuida,2001,215
05,Canarias,Volumen total de agua registrada y distribuida,2000,227
05,Canarias,Volumen de agua registrada y distribuida a los Hogares,2022,115
05,Canarias,Volumen de agua registrada y distribuida a los Hogares,2020,125
05,Canarias,Volumen de agua registrada y distribuida a los Hogares,2018,135
05,Canarias,Volumen de agua registrada y distribuida a los Hogares,2016,150
05,Canarias,Volumen de agua registrada y distribuida a los Hogares,2014,144
05,Canarias,Volumen de agua registrada y distribuida a los Hogares,2013,143
05,Canarias,Volumen de agua registrada y distribuida a los Hogares,2012,151
05,Canarias,Volumen de agua registrada y distribuida a los Hogares,2011,152
05,Canarias,Volumen de agua registrada y distribuida a los Hogares,2010,151
05,Canarias,Volumen de agua registrada y distribuida a los Hogares,2009,144
05,Canarias,Volumen de agua registrada y distribuida a los Hogares,2008,159
05,Canarias,Volumen de agua registrada y distribuida a los Hogares,2007,156
05,Canarias,Volumen de agua registrada y distribuida a los Hogares,2006,146
05,Canarias,Volumen de agua registrada y distribuida a los Hogares,2005,152
05,Canarias,Volumen de agua registrada y distribuida a los Hogares,2004,154
05,Canarias,Volumen de agua registrada y distribuida a los Hogares,2003,144
05,Canarias,Volumen de agua registrada y distribuida a los Hogares,2002,143
05,Canarias,Volumen de agua registrada y distribuida a los Hogares,2001,135
05,Canarias,Volumen de agua registrada y distribuida a los Hogares,2000,143
05,Canarias,Volumen de agua no registrada,2022,125
05,Canarias,Volumen de agua no registrada,2020,86
05,Canarias,Volumen de agua no registrada,2018,82
05,Canarias,Volumen de agua no registrada,2016,89
05,Canarias,Volumen de agua no registrada,2014,77
05,Canarias,Volumen de agua no registrada,2013,80
05,Canarias,Volumen de agua no registrada,2012,84
05,Canarias,Volumen de agua no registrada,2011,78
05,Canarias,Volumen de agua no registrada,2010,65
05,Canarias,Volumen de agua no registrada,2009,79
05,Canarias,Volumen de agua no registrada,2008,85
05,Canarias,Volumen de agua no registrada,2007,83
05,Canarias,Volumen de agua no registrada,2006,..
05,Canarias,Volumen de agua no registrada,2005,..
05,Canarias,Volumen de agua no registrada,2004,..
05,Canarias,Volumen de agua no registrada,2003,..
05,Canarias,Volumen de agua no registrada,2002,..
05,Canarias,Volumen de agua no registrada,2001,..
05,Canarias,Volumen de agua no registrada,2000,..
05,Canarias,Pérdidas reales,2022,97
05,Canarias,Pérdidas reales,2020,63
05,Canarias,Pérdidas reales,2018,64
05,Canarias,Pérdidas reales,2016,67
05,Canarias,Pérdidas reales,2014,53
05,Canarias,Pérdidas reales,2013,58
05,Canarias,Pérdidas reales,2012,58
05,Canarias,Pérdidas reales,2011,61
05,Canarias,Pérdidas reales,2010,57
05,Canarias,Pérdidas reales,2009,66
05,Canarias,Pérdidas reales,2008,70
05,Canarias,Pérdidas reales,2007,68
05,Canarias,Pérdidas reales,2006,49
05,Canarias,Pérdidas reales,2005,67
05,Canarias,Pérdidas reales,2004,64
05,Canarias,Pérdidas reales,2003,54
05,Canarias,Pérdidas reales,2002,56
05,Canarias,Pérdidas reales,2001,62
05,Canarias,Pérdidas reales,2000,64
05,Canarias,Pérdidas aparentes,2022,28
05,Canarias,Pérdidas aparentes,2020,23
05,Canarias,Pérdidas aparentes,2018,18
05,Canarias,Pérdidas aparentes,2016,22
05,Canarias,Pérdidas aparentes,2014,24
05,Canarias,Pérdidas aparentes,2013,22
05,Canarias,Pérdidas aparentes,2012,26
05,Canarias,Pérdidas aparentes,2011,17
05,Canarias,Pérdidas aparentes,2010,8
05,Canarias,Pérdidas aparentes,2009,13
05,Canarias,Pérdidas aparentes,2008,15
05,Canarias,Pérdidas aparentes,2007,15
05,Canarias,Pérdidas aparentes,2006,..
05,Canarias,Pérdidas aparentes,2005,..
05,Canarias,Pérdidas aparentes,2004,..
05,Canarias,Pérdidas aparentes,2003,..
05,Canarias,Pérdidas aparentes,2002,..
05,Canarias,Pérdidas aparentes,2001,..
05,Canarias,Pérdidas aparentes,2000,..
05,Canarias,Porcentaje de pérdidas reales sobre el volumen de agua suministrada,2022,"22,0"
05,Canarias,Porcentaje de pérdidas reales sobre el volumen de agua suministrada,2020,"24,4"
05,Canarias,Porcentaje de pérdidas reales sobre el volumen de agua suministrada,2018,"23,9"
05,Canarias,Porcentaje de pérdidas reales sobre el volumen de agua suministrada,2016,"23,0"
05,Canarias,Porcentaje de pérdidas reales sobre el volumen de agua suministrada,2014,"20,3"
05,Canarias,Porcentaje de pérdidas reales sobre el volumen de agua suministrada,2013,"20,2"
05,Canarias,Porcentaje de pérdidas reales sobre el volumen de agua suministrada,2012,"19,4"
05,Canarias,Porcentaje de pérdidas reales sobre el volumen de agua suministrada,2011,"21,2"
05,Canarias,Porcentaje de pérdidas reales sobre el volumen de agua suministrada,2010,"21,2"
05,Canarias,Porcentaje de pérdidas reales sobre el volumen de agua suministrada,2009,"23,2"
05,Canarias,Porcentaje de pérdidas reales sobre el volumen de agua suministrada,2008,"21,2"
05,Canarias,Porcentaje de pérdidas reales sobre el volumen de agua suministrada,2007,"20,6"
05,Canarias,Porcentaje de pérdidas reales sobre el volumen de agua suministrada,2006,"18,1"
05,Canarias,Porcentaje de pérdidas reales sobre el volumen de agua suministrada,2005,"19,9"
05,Canarias,Porcentaje de pérdidas reales sobre el volumen de agua suministrada,2004,"19,4"
05,Canarias,Porcentaje de pérdidas reales sobre el volumen de agua suministrada,2003,"18,3"
05,Canarias,Porcentaje de pérdidas reales sobre el volumen de agua suministrada,2002,"18,9"
05,Canarias,Porcentaje de pérdidas reales sobre el volumen de agua suministrada,2001,"22,5"
05,Canarias,Porcentaje de pérdidas reales sobre el volumen de agua suministrada,2000,..
06,Cantabria,Volumen de agua disponible potabilizada,2022,417
06,Cantabria,Volumen de agua disponible potabilizada,2020,352
06,Cantabria,Volumen de agua disponible potabilizada,2018,384
06,Cantabria,Volumen de agua disponible potabilizada,2016,400
06,Cantabria,Volumen de agua disponible potabilizada,2014,373
06,Cantabria,Volumen de agua disponible potabilizada,2013,345
06,Cantabria,Volumen de agua disponible potabilizada,2012,360
06,Cantabria,Volumen de agua disponible potabilizada,2011,374
06,Cantabria,Volumen de agua disponible potabilizada,2010,366
06,Cantabria,Volumen de agua disponible potabilizada,2009,404
06,Cantabria,Volumen de agua disponible potabilizada,2008,392
06,Cantabria,Volumen de agua disponible potabilizada,2007,381
06,Cantabria,Volumen de agua disponible potabilizada,2006,438
06,Cantabria,Volumen de agua disponible potabilizada,2005,441
06,Cantabria,Volumen de agua disponible potabilizada,2004,419
06,Cantabria,Volumen de agua disponible potabilizada,2003,409
06,Cantabria,Volumen de agua disponible potabilizada,2002,418
06,Cantabria,Volumen de agua disponible potabilizada,2001,434
06,Cantabria,Volumen de agua disponible potabilizada,2000,434
06,Cantabria,Volumen de agua suministrada a la red de abastecimiento público,2022,360
06,Cantabria,Volumen de agua suministrada a la red de abastecimiento público,2020,333
06,Cantabria,Volumen de agua suministrada a la red de abastecimiento público,2018,343
06,Cantabria,Volumen de agua suministrada a la red de abastecimiento público,2016,354
06,Cantabria,Volumen de agua suministrada a la red de abastecimiento público,2014,347
06,Cantabria,Volumen de agua suministrada a la red de abastecimiento público,2013,336
06,Cantabria,Volumen de agua suministrada a la red de abastecimiento público,2012,346
06,Cantabria,Volumen de agua suministrada a la red de abastecimiento público,2011,359
06,Cantabria,Volumen de agua suministrada a la red de abastecimiento público,2010,349
06,Cantabria,Volumen de agua suministrada a la red de abastecimiento público,2009,350
06,Cantabria,Volumen de agua suministrada a la red de abastecimiento público,2008,383
06,Cantabria,Volumen de agua suministrada a la red de abastecimiento público,2007,372
06,Cantabria,Volumen de agua suministrada a la red de abastecimiento público,2006,423
06,Cantabria,Volumen de agua suministrada a la red de abastecimiento público,2005,396
06,Cantabria,Volumen de agua suministrada a la red de abastecimiento público,2004,385
06,Cantabria,Volumen de agua suministrada a la red de abastecimiento público,2003,391
06,Cantabria,Volumen de agua suministrada a la red de abastecimiento público,2002,413
06,Cantabria,Volumen de agua suministrada a la red de abastecimiento público,2001,421
06,Cantabria,Volumen de agua suministrada a la red de abastecimiento público,2000,409
06,Cantabria,Volumen total de agua registrada y distribuida,2022,243
06,Cantabria,Volumen total de agua registrada y distribuida,2020,233
06,Cantabria,Volumen total de agua registrada y distribuida,2018,220
06,Cantabria,Volumen total de agua registrada y distribuida,2016,213
06,Cantabria,Volumen total de agua registrada y distribuida,2014,225
06,Cantabria,Volumen total de agua registrada y distribuida,2013,222
06,Cantabria,Volumen total de agua registrada y distribuida,2012,235
06,Cantabria,Volumen total de agua registrada y distribuida,2011,232
06,Cantabria,Volumen total de agua registrada y distribuida,2010,238
06,Cantabria,Volumen total de agua registrada y distribuida,2009,249
06,Cantabria,Volumen total de agua registrada y distribuida,2008,281
06,Cantabria,Volumen total de agua registrada y distribuida,2007,268
06,Cantabria,Volumen total de agua registrada y distribuida,2006,318
06,Cantabria,Volumen total de agua registrada y distribuida,2005,315
06,Cantabria,Volumen total de agua registrada y distribuida,2004,305
06,Cantabria,Volumen total de agua registrada y distribuida,2003,346
06,Cantabria,Volumen total de agua registrada y distribuida,2002,334
06,Cantabria,Volumen total de agua registrada y distribuida,2001,338
06,Cantabria,Volumen total de agua registrada y distribuida,2000,329
06,Cantabria,Volumen de agua registrada y distribuida a los Hogares,2022,187
06,Cantabria,Volumen de agua registrada y distribuida a los Hogares,2020,165
06,Cantabria,Volumen de agua registrada y distribuida a los Hogares,2018,172
06,Cantabria,Volumen de agua registrada y distribuida a los Hogares,2016,155
06,Cantabria,Volumen de agua registrada y distribuida a los Hogares,2014,152
06,Cantabria,Volumen de agua registrada y distribuida a los Hogares,2013,144
06,Cantabria,Volumen de agua registrada y distribuida a los Hogares,2012,151
06,Cantabria,Volumen de agua registrada y distribuida a los Hogares,2011,158
06,Cantabria,Volumen de agua registrada y distribuida a los Hogares,2010,170
06,Cantabria,Volumen de agua registrada y distribuida a los Hogares,2009,177
06,Cantabria,Volumen de agua registrada y distribuida a los Hogares,2008,184
06,Cantabria,Volumen de agua registrada y distribuida a los Hogares,2007,186
06,Cantabria,Volumen de agua registrada y distribuida a los Hogares,2006,202
06,Cantabria,Volumen de agua registrada y distribuida a los Hogares,2005,193
06,Cantabria,Volumen de agua registrada y distribuida a los Hogares,2004,188
06,Cantabria,Volumen de agua registrada y distribuida a los Hogares,2003,187
06,Cantabria,Volumen de agua registrada y distribuida a los Hogares,2002,183
06,Cantabria,Volumen de agua registrada y distribuida a los Hogares,2001,174
06,Cantabria,Volumen de agua registrada y distribuida a los Hogares,2000,187
06,Cantabria,Volumen de agua no registrada,2022,117
06,Cantabria,Volumen de agua no registrada,2020,100
06,Cantabria,Volumen de agua no registrada,2018,123
06,Cantabria,Volumen de agua no registrada,2016,141
06,Cantabria,Volumen de agua no registrada,2014,122
06,Cantabria,Volumen de agua no registrada,2013,114
06,Cantabria,Volumen de agua no registrada,2012,111
06,Cantabria,Volumen de agua no registrada,2011,127
06,Cantabria,Volumen de agua no registrada,2010,111
06,Cantabria,Volumen de agua no registrada,2009,101
06,Cantabria,Volumen de agua no registrada,2008,102
06,Cantabria,Volumen de agua no registrada,2007,104
06,Cantabria,Volumen de agua no registrada,2006,..
06,Cantabria,Volumen de agua no registrada,2005,..
06,Cantabria,Volumen de agua no registrada,2004,..
06,Cantabria,Volumen de agua no registrada,2003,..
06,Cantabria,Volumen de agua no registrada,2002,..
06,Cantabria,Volumen de agua no registrada,2001,..
06,Cantabria,Volumen de agua no registrada,2000,..
06,Cantabria,Pérdidas reales,2022,86
06,Cantabria,Pérdidas reales,2020,68
06,Cantabria,Pérdidas reales,2018,86
06,Cantabria,Pérdidas reales,2016,108
06,Cantabria,Pérdidas reales,2014,87
06,Cantabria,Pérdidas reales,2013,87
06,Cantabria,Pérdidas reales,2012,86
06,Cantabria,Pérdidas reales,2011,101
06,Cantabria,Pérdidas reales,2010,92
06,Cantabria,Pérdidas reales,2009,70
06,Cantabria,Pérdidas reales,2008,66
06,Cantabria,Pérdidas reales,2007,66
06,Cantabria,Pérdidas reales,2006,105
06,Cantabria,Pérdidas reales,2005,80
06,Cantabria,Pérdidas reales,2004,79
06,Cantabria,Pérdidas reales,2003,45
06,Cantabria,Pérdidas reales,2002,79
06,Cantabria,Pérdidas reales,2001,83
06,Cantabria,Pérdidas reales,2000,80
06,Cantabria,Pérdidas aparentes,2022,31
06,Cantabria,Pérdidas aparentes,2020,32
06,Cantabria,Pérdidas aparentes,2018,37
06,Cantabria,Pérdidas aparentes,2016,33
06,Cantabria,Pérdidas aparentes,2014,35
06,Cantabria,Pérdidas aparentes,2013,27
06,Cantabria,Pérdidas aparentes,2012,25
06,Cantabria,Pérdidas aparentes,2011,26
06,Cantabria,Pérdidas aparentes,2010,19
06,Cantabria,Pérdidas aparentes,2009,31
06,Cantabria,Pérdidas aparentes,2008,36
06,Cantabria,Pérdidas aparentes,2007,38
06,Cantabria,Pérdidas aparentes,2006,..
06,Cantabria,Pérdidas aparentes,2005,..
06,Cantabria,Pérdidas aparentes,2004,..
06,Cantabria,Pérdidas aparentes,2003,..
06,Cantabria,Pérdidas aparentes,2002,..
06,Cantabria,Pérdidas aparentes,2001,..
06,Cantabria,Pérdidas aparentes,2000,..
06,Cantabria,Porcentaje de pérdidas reales sobre el volumen de agua suministrada,2022,"23,9"
06,Cantabria,Porcentaje de pérdidas reales sobre el volumen de agua suministrada,2020,"20,4"
06,Cantabria,Porcentaje de pérdidas reales sobre el volumen de agua suministrada,2018,"25,0"
06,Cantabria,Porcentaje de pérdidas reales sobre el volumen de agua suministrada,2016,"30,5"
06,Cantabria,Porcentaje de pérdidas reales sobre el volumen de agua suministrada,2014,"25,1"
06,Cantabria,Porcentaje de pérdidas reales sobre el volumen de agua suministrada,2013,"26,0"
06,Cantabria,Porcentaje de pérdidas reales sobre el volumen de agua suministrada,2012,"24,9"
06,Cantabria,Porcentaje de pérdidas reales sobre el volumen de agua suministrada,2011,"28,0"
06,Cantabria,Porcentaje de pérdidas reales sobre el volumen de agua suministrada,2010,"26,5"
06,Cantabria,Porcentaje de pérdidas reales sobre el volumen de agua suministrada,2009,"20,1"
06,Cantabria,Porcentaje de pérdidas reales sobre el volumen de agua suministrada,2008,"17,3"
06,Cantabria,Porcentaje de pérdidas reales sobre el volumen de agua suministrada,2007,"17,8"
06,Cantabria,Porcentaje de pérdidas reales sobre el volumen de agua suministrada,2006,"24,8"
06,Cantabria,Porcentaje de pérdidas reales sobre el volumen de agua suministrada,2005,"20,3"
06,Cantabria,Porcentaje de pérdidas reales sobre el volumen de agua suministrada,2004,"20,6"
06,Cantabria,Porcentaje de pérdidas reales sobre el volumen de agua suministrada,2003,"11,4"
06,Cantabria,Porcentaje de pérdidas reales sobre el volumen de agua suministrada,2002,"19,2"
06,Cantabria,Porcentaje de pérdidas reales sobre el volumen de agua suministrada,2001,"19,7"
06,Cantabria,Porcentaje de pérdidas reales sobre el volumen de agua suministrada,2000,"19,5"
07,Castilla y León,Volumen de agua disponible potabilizada,2022,311
07,Castilla y León,Volumen de agua disponible potabilizada,2020,304
07,Castilla y León,Volumen de agua disponible potabilizada,2018,326
07,Castilla y León,Volumen de agua disponible potabilizada,2016,427
07,Castilla y León,Volumen de agua disponible potabilizada,2014,418
07,Castilla y León,Volumen de agua disponible potabilizada,2013,468
07,Castilla y León,Volumen de agua disponible potabilizada,2012,377
07,Castilla y León,Volumen de agua disponible potabilizada,2011,375
07,Castilla y León,Volumen de agua disponible potabilizada,2010,347
07,Castilla y León,Volumen de agua disponible potabilizada,2009,315
07,Castilla y León,Volumen de agua disponible potabilizada,2008,331
07,Castilla y León,Volumen de agua disponible potabilizada,2007,348
07,Castilla y León,Volumen de agua disponible potabilizada,2006,413
07,Castilla y León,Volumen de agua disponible potabilizada,2005,410
07,Castilla y León,Volumen de agua disponible potabilizada,2004,431
07,Castilla y León,Volumen de agua disponible potabilizada,2003,446
07,Castilla y León,Volumen de agua disponible potabilizada,2002,400
07,Castilla y León,Volumen de agua disponible potabilizada,2001,385
07,Castilla y León,Volumen de agua disponible potabilizada,2000,414
07,Castilla y León,Volumen de agua suministrada a la red de abastecimiento público,2022,298
07,Castilla y León,Volumen de agua suministrada a la red de abastecimiento público,2020,285
07,Castilla y León,Volumen de agua suministrada a la red de abastecimiento público,2018,281
07,Castilla y León,Volumen de agua suministrada a la red de abastecimiento público,2016,299
07,Castilla y León,Volumen de agua suministrada a la red de abastecimiento público,2014,329
07,Castilla y León,Volumen de agua suministrada a la red de abastecimiento público,2013,317
07,Castilla y León,Volumen de agua suministrada a la red de abastecimiento público,2012,321
07,Castilla y León,Volumen de agua suministrada a la red de abastecimiento público,2011,335
07,Castilla y León,Volumen de agua suministrada a la red de abastecimiento público,2010,345
07,Castilla y León,Volumen de agua suministrada a la red de abastecimiento público,2009,314
07,Castilla y León,Volumen de agua suministrada a la red de abastecimiento público,2008,315
07,Castilla y León,Volumen de agua suministrada a la red de abastecimiento público,2007,315
07,Castilla y León,Volumen de agua suministrada a la red de abastecimiento público,2006,305
07,Castilla y León,Volumen de agua suministrada a la red de abastecimiento público,2005,327
07,Castilla y León,Volumen de agua suministrada a la red de abastecimiento público,2004,355
07,Castilla y León,Volumen de agua suministrada a la red de abastecimiento público,2003,375
07,Castilla y León,Volumen de agua suministrada a la red de abastecimiento público,2002,361
07,Castilla y León,Volumen de agua suministrada a la red de abastecimiento público,2001,360
07,Castilla y León,Volumen de agua suministrada a la red de abastecimiento público,2000,378
07,Castilla y León,Volumen total de agua registrada y distribuida,2022,220
07,Castilla y León,Volumen total de agua registrada y distribuida,2020,214
07,Castilla y León,Volumen total de agua registrada y distribuida,2018,211
07,Castilla y León,Volumen total de agua registrada y distribuida,2016,215
07,Castilla y León,Volumen total de agua registrada y distribuida,2014,252
07,Castilla y León,Volumen total de agua registrada y distribuida,2013,233
07,Castilla y León,Volumen total de agua registrada y distribuida,2012,230
07,Castilla y León,Volumen total de agua registrada y distribuida,2011,246
07,Castilla y León,Volumen total de agua registrada y distribuida,2010,238
07,Castilla y León,Volumen total de agua registrada y distribuida,2009,215
07,Castilla y León,Volumen total de agua registrada y distribuida,2008,223
07,Castilla y León,Volumen total de agua registrada y distribuida,2007,215
07,Castilla y León,Volumen total de agua registrada y distribuida,2006,252
07,Castilla y León,Volumen total de agua registrada y distribuida,2005,263
07,Castilla y León,Volumen total de agua registrada y distribuida,2004,282
07,Castilla y León,Volumen total de agua registrada y distribuida,2003,318
07,Castilla y León,Volumen total de agua registrada y distribuida,2002,290
07,Castilla y León,Volumen total de agua registrada y distribuida,2001,275
07,Castilla y León,Volumen total de agua registrada y distribuida,2000,293
07,Castilla y León,Volumen de agua registrada y distribuida a los Hogares,2022,146
07,Castilla y León,Volumen de agua registrada y distribuida a los Hogares,2020,144
07,Castilla y León,Volumen de agua registrada y distribuida a los Hogares,2018,148
07,Castilla y León,Volumen de agua registrada y distribuida a los Hogares,2016,152
07,Castilla y León,Volumen de agua registrada y distribuida a los Hogares,2014,166
07,Castilla y León,Volumen de agua registrada y distribuida a los Hogares,2013,157
07,Castilla y León,Volumen de agua registrada y distribuida a los Hogares,2012,149
07,Castilla y León,Volumen de agua registrada y distribuida a los Hogares,2011,167
07,Castilla y León,Volumen de agua registrada y distribuida a los Hogares,2010,164
07,Castilla y León,Volumen de agua registrada y distribuida a los Hogares,2009,159
07,Castilla y León,Volumen de agua registrada y distribuida a los Hogares,2008,150
07,Castilla y León,Volumen de agua registrada y distribuida a los Hogares,2007,152
07,Castilla y León,Volumen de agua registrada y distribuida a los Hogares,2006,148
07,Castilla y León,Volumen de agua registrada y distribuida a los Hogares,2005,162
07,Castilla y León,Volumen de agua registrada y distribuida a los Hogares,2004,173
07,Castilla y León,Volumen de agua registrada y distribuida a los Hogares,2003,169
07,Castilla y León,Volumen de agua registrada y distribuida a los Hogares,2002,157
07,Castilla y León,Volumen de agua registrada y distribuida a los Hogares,2001,146
07,Castilla y León,Volumen de agua registrada y distribuida a los Hogares,2000,154
07,Castilla y León,Volumen de agua no registrada,2022,78
07,Castilla y León,Volumen de agua no registrada,2020,71
07,Castilla y León,Volumen de agua no registrada,2018,70
07,Castilla y León,Volumen de agua no registrada,2016,84
07,Castilla y León,Volumen de agua no registrada,2014,77
07,Castilla y León,Volumen de agua no registrada,2013,84
07,Castilla y León,Volumen de agua no registrada,2012,91
07,Castilla y León,Volumen de agua no registrada,2011,89
07,Castilla y León,Volumen de agua no registrada,2010,107
07,Castilla y León,Volumen de agua no registrada,2009,99
07,Castilla y León,Volumen de agua no registrada,2008,92
07,Castilla y León,Volumen de agua no registrada,2007,100
07,Castilla y León,Volumen de agua no registrada,2006,..
07,Castilla y León,Volumen de agua no registrada,2005,..
07,Castilla y León,Volumen de agua no registrada,2004,..
07,Castilla y León,Volumen de agua no registrada,2003,..
07,Castilla y León,Volumen de agua no registrada,2002,..
07,Castilla y León,Volumen de agua no registrada,2001,..
07,Castilla y León,Volumen de agua no registrada,2000,..
07,Castilla y León,Pérdidas reales,2022,50
07,Castilla y León,Pérdidas reales,2020,43
07,Castilla y León,Pérdidas reales,2018,47
07,Castilla y León,Pérdidas reales,2016,48
07,Castilla y León,Pérdidas reales,2014,54
07,Castilla y León,Pérdidas reales,2013,64
07,Castilla y León,Pérdidas reales,2012,55
07,Castilla y León,Pérdidas reales,2011,68
07,Castilla y León,Pérdidas reales,2010,70
07,Castilla y León,Pérdidas reales,2009,67
07,Castilla y León,Pérdidas reales,2008,61
07,Castilla y León,Pérdidas reales,2007,55
07,Castilla y León,Pérdidas reales,2006,53
07,Castilla y León,Pérdidas reales,2005,63
07,Castilla y León,Pérdidas reales,2004,73
07,Castilla y León,Pérdidas reales,2003,57
07,Castilla y León,Pérdidas reales,2002,71
07,Castilla y León,Pérdidas reales,2001,84
07,Castilla y León,Pérdidas reales,2000,84
07,Castilla y León,Pérdidas aparentes,2022,27
07,Castilla y León,Pérdidas aparentes,2020,28
07,Castilla y León,Pérdidas aparentes,2018,23
07,Castilla y León,Pérdidas aparentes,2016,36
07,Castilla y León,Pérdidas aparentes,2014,23
07,Castilla y León,Pérdidas aparentes,2013,20
07,Castilla y León,Pérdidas aparentes,2012,36
07,Castilla y León,Pérdidas aparentes,2011,21
07,Castilla y León,Pérdidas aparentes,2010,37
07,Castilla y León,Pérdidas aparentes,2009,32
07,Castilla y León,Pérdidas aparentes,2008,31
07,Castilla y León,Pérdidas aparentes,2007,45
07,Castilla y León,Pérdidas aparentes,2006,..
07,Castilla y León,Pérdidas aparentes,2005,..
07,Castilla y León,Pérdidas aparentes,2004,..
07,Castilla y León,Pérdidas aparentes,2003,..
07,Castilla y León,Pérdidas aparentes,2002,..
07,Castilla y León,Pérdidas aparentes,2001,..
07,Castilla y León,Pérdidas aparentes,2000,..
07,Castilla y León,Porcentaje de pérdidas reales sobre el volumen de agua suministrada,2022,"16,9"
07,Castilla y León,Porcentaje de pérdidas reales sobre el volumen de agua suministrada,2020,"15,0"
07,Castilla y León,Porcentaje de pérdidas reales sobre el volumen de agua suministrada,2018,"16,7"
07,Castilla y León,Porcentaje de pérdidas reales sobre el volumen de agua suministrada,2016,"15,9"
07,Castilla y León,Porcentaje de pérdidas reales sobre el volumen de agua suministrada,2014,"16,5"
07,Castilla y León,Porcentaje de pérdidas reales sobre el volumen de agua suministrada,2013,"20,1"
07,Castilla y León,Porcentaje de pérdidas reales sobre el volumen de agua suministrada,2012,"17,2"
07,Castilla y León,Porcentaje de pérdidas reales sobre el volumen de agua suministrada,2011,"20,5"
07,Castilla y León,Porcentaje de pérdidas reales sobre el volumen de agua suministrada,2010,"20,4"
07,Castilla y León,Porcentaje de pérdidas reales sobre el volumen de agua suministrada,2009,"21,3"
07,Castilla y León,Porcentaje de pérdidas reales sobre el volumen de agua suministrada,2008,"19,5"
07,Castilla y León,Porcentaje de pérdidas reales sobre el volumen de agua suministrada,2007,"17,5"
07,Castilla y León,Porcentaje de pérdidas reales sobre el volumen de agua suministrada,2006,"17,3"
07,Castilla y León,Porcentaje de pérdidas reales sobre el volumen de agua suministrada,2005,"19,4"
07,Castilla y León,Porcentaje de pérdidas reales sobre el volumen de agua suministrada,2004,"20,5"
07,Castilla y León,Porcentaje de pérdidas reales sobre el volumen de agua suministrada,2003,"15,2"
07,Castilla y León,Porcentaje de pérdidas reales sobre el volumen de agua suministrada,2002,"19,5"
07,Castilla y León,Porcentaje de pérdidas reales sobre el volumen de agua suministrada,2001,"23,4"
07,Castilla y León,Porcentaje de pérdidas reales sobre el volumen de agua suministrada,2000,"22,3"
08,Castilla - La Mancha,Volumen de agua disponible potabilizada,2022,336
08,Castilla - La Mancha,Volumen de agua disponible potabilizada,2020,318
08,Castilla - La Mancha,Volumen de agua disponible potabilizada,2018,313
08,Castilla - La Mancha,Volumen de agua disponible potabilizada,2016,298
08,Castilla - La Mancha,Volumen de agua disponible potabilizada,2014,318
08,Castilla - La Mancha,Volumen de agua disponible potabilizada,2013,347
08,Castilla - La Mancha,Volumen de agua disponible potabilizada,2012,287
08,Castilla - La Mancha,Volumen de agua disponible potabilizada,2011,341
08,Castilla - La Mancha,Volumen de agua disponible potabilizada,2010,319
08,Castilla - La Mancha,Volumen de agua disponible potabilizada,2009,322
08,Castilla - La Mancha,Volumen de agua disponible potabilizada,2008,314
08,Castilla - La Mancha,Volumen de agua disponible potabilizada,2007,326
08,Castilla - La Mancha,Volumen de agua disponible potabilizada,2006,334
08,Castilla - La Mancha,Volumen de agua disponible potabilizada,2005,339
08,Castilla - La Mancha,Volumen de agua disponible potabilizada,2004,376
08,Castilla - La Mancha,Volumen de agua disponible potabilizada,2003,390
08,Castilla - La Mancha,Volumen de agua disponible potabilizada,2002,337
08,Castilla - La Mancha,Volumen de agua disponible potabilizada,2001,362
08,Castilla - La Mancha,Volumen de agua disponible potabilizada,2000,337
08,Castilla - La Mancha,Volumen de agua suministrada a la red de abastecimiento público,2022,287
08,Castilla - La Mancha,Volumen de agua suministrada a la red de abastecimiento público,2020,280
08,Castilla - La Mancha,Volumen de agua suministrada a la red de abastecimiento público,2018,275
08,Castilla - La Mancha,Volumen de agua suministrada a la red de abastecimiento público,2016,271
08,Castilla - La Mancha,Volumen de agua suministrada a la red de abastecimiento público,2014,265
08,Castilla - La Mancha,Volumen de agua suministrada a la red de abastecimiento público,2013,281
08,Castilla - La Mancha,Volumen de agua suministrada a la red de abastecimiento público,2012,266
08,Castilla - La Mancha,Volumen de agua suministrada a la red de abastecimiento público,2011,277
08,Castilla - La Mancha,Volumen de agua suministrada a la red de abastecimiento público,2010,270
08,Castilla - La Mancha,Volumen de agua suministrada a la red de abastecimiento público,2009,277
08,Castilla - La Mancha,Volumen de agua suministrada a la red de abastecimiento público,2008,286
08,Castilla - La Mancha,Volumen de agua suministrada a la red de abastecimiento público,2007,301
08,Castilla - La Mancha,Volumen de agua suministrada a la red de abastecimiento público,2006,293
08,Castilla - La Mancha,Volumen de agua suministrada a la red de abastecimiento público,2005,305
08,Castilla - La Mancha,Volumen de agua suministrada a la red de abastecimiento público,2004,307
08,Castilla - La Mancha,Volumen de agua suministrada a la red de abastecimiento público,2003,330
08,Castilla - La Mancha,Volumen de agua suministrada a la red de abastecimiento público,2002,300
08,Castilla - La Mancha,Volumen de agua suministrada a la red de abastecimiento público,2001,325
08,Castilla - La Mancha,Volumen de agua suministrada a la red de abastecimiento público,2000,324
08,Castilla - La Mancha,Volumen total de agua registrada y distribuida,2022,178
08,Castilla - La Mancha,Volumen total de agua registrada y distribuida,2020,192
08,Castilla - La Mancha,Volumen total de agua registrada y distribuida,2018,193
08,Castilla - La Mancha,Volumen total de agua registrada y distribuida,2016,201
08,Castilla - La Mancha,Volumen total de agua registrada y distribuida,2014,195
08,Castilla - La Mancha,Volumen total de agua registrada y distribuida,2013,211
08,Castilla - La Mancha,Volumen total de agua registrada y distribuida,2012,197
08,Castilla - La Mancha,Volumen total de agua registrada y distribuida,2011,203
08,Castilla - La Mancha,Volumen total de agua registrada y distribuida,2010,187
08,Castilla - La Mancha,Volumen total de agua registrada y distribuida,2009,197
08,Castilla - La Mancha,Volumen total de agua registrada y distribuida,2008,212
08,Castilla - La Mancha,Volumen total de agua registrada y distribuida,2007,224
08,Castilla - La Mancha,Volumen total de agua registrada y distribuida,2006,238
08,Castilla - La Mancha,Volumen total de agua registrada y distribuida,2005,250
08,Castilla - La Mancha,Volumen total de agua registrada y distribuida,2004,250
08,Castilla - La Mancha,Volumen total de agua registrada y distribuida,2003,265
08,Castilla - La Mancha,Volumen total de agua registrada y distribuida,2002,246
08,Castilla - La Mancha,Volumen total de agua registrada y distribuida,2001,269
08,Castilla - La Mancha,Volumen total de agua registrada y distribuida,2000,270
08,Castilla - La Mancha,Volumen de agua registrada y distribuida a los Hogares,2022,134
08,Castilla - La Mancha,Volumen de agua registrada y distribuida a los Hogares,2020,126
08,Castilla - La Mancha,Volumen de agua registrada y distribuida a los Hogares,2018,135
08,Castilla - La Mancha,Volumen de agua registrada y distribuida a los Hogares,2016,128
08,Castilla - La Mancha,Volumen de agua registrada y distribuida a los Hogares,2014,125
08,Castilla - La Mancha,Volumen de agua registrada y distribuida a los Hogares,2013,140
08,Castilla - La Mancha,Volumen de agua registrada y distribuida a los Hogares,2012,142
08,Castilla - La Mancha,Volumen de agua registrada y distribuida a los Hogares,2011,152
08,Castilla - La Mancha,Volumen de agua registrada y distribuida a los Hogares,2010,148
08,Castilla - La Mancha,Volumen de agua registrada y distribuida a los Hogares,2009,142
08,Castilla - La Mancha,Volumen de agua registrada y distribuida a los Hogares,2008,149
08,Castilla - La Mancha,Volumen de agua registrada y distribuida a los Hogares,2007,157
08,Castilla - La Mancha,Volumen de agua registrada y distribuida a los Hogares,2006,165
08,Castilla - La Mancha,Volumen de agua registrada y distribuida a los Hogares,2005,174
08,Castilla - La Mancha,Volumen de agua registrada y distribuida a los Hogares,2004,179
08,Castilla - La Mancha,Volumen de agua registrada y distribuida a los Hogares,2003,184
08,Castilla - La Mancha,Volumen de agua registrada y distribuida a los Hogares,2002,185
08,Castilla - La Mancha,Volumen de agua registrada y distribuida a los Hogares,2001,200
08,Castilla - La Mancha,Volumen de agua registrada y distribuida a los Hogares,2000,186
08,Castilla - La Mancha,Volumen de agua no registrada,2022,109
08,Castilla - La Mancha,Volumen de agua no registrada,2020,88
08,Castilla - La Mancha,Volumen de agua no registrada,2018,82
08,Castilla - La Mancha,Volumen de agua no registrada,2016,70
08,Castilla - La Mancha,Volumen de agua no registrada,2014,70
08,Castilla - La Mancha,Volumen de agua no registrada,2013,70
08,Castilla - La Mancha,Volumen de agua no registrada,2012,69
08,Castilla - La Mancha,Volumen de agua no registrada,2011,74
08,Castilla - La Mancha,Volumen de agua no registrada,2010,83
08,Castilla - La Mancha,Volumen de agua no registrada,2009,80
08,Castilla - La Mancha,Volumen de agua no registrada,2008,74
08,Castilla - La Mancha,Volumen de agua no registrada,2007,77
08,Castilla - La Mancha,Volumen de agua no registrada,2006,..
08,Castilla - La Mancha,Volumen de agua no registrada,2005,..
08,Castilla - La Mancha,Volumen de agua no registrada,2004,..
08,Castilla - La Mancha,Volumen de agua no registrada,2003,..
08,Castilla - La Mancha,Volumen de agua no registrada,2002,..
08,Castilla - La Mancha,Volumen de agua no registrada,2001,..
08,Castilla - La Mancha,Volumen de agua no registrada,2000,..
08,Castilla - La Mancha,Pérdidas reales,2022,67
08,Castilla - La Mancha,Pérdidas reales,2020,60
08,Castilla - La Mancha,Pérdidas reales,2018,56
08,Castilla - La Mancha,Pérdidas reales,2016,46
08,Castilla - La Mancha,Pérdidas reales,2014,50
08,Castilla - La Mancha,Pérdidas reales,2013,47
08,Castilla - La Mancha,Pérdidas reales,2012,54
08,Castilla - La Mancha,Pérdidas reales,2011,66
08,Castilla - La Mancha,Pérdidas reales,2010,67
08,Castilla - La Mancha,Pérdidas reales,2009,66
08,Castilla - La Mancha,Pérdidas reales,2008,56
08,Castilla - La Mancha,Pérdidas reales,2007,45
08,Castilla - La Mancha,Pérdidas reales,2006,55
08,Castilla - La Mancha,Pérdidas reales,2005,55
08,Castilla - La Mancha,Pérdidas reales,2004,56
08,Castilla - La Mancha,Pérdidas reales,2003,65
08,Castilla - La Mancha,Pérdidas reales,2002,54
08,Castilla - La Mancha,Pérdidas reales,2001,56
08,Castilla - La Mancha,Pérdidas reales,2000,53
08,Castilla - La Mancha,Pérdidas aparentes,2022,42
08,Castilla - La Mancha,Pérdidas aparentes,2020,28
08,Castilla - La Mancha,Pérdidas aparentes,2018,26
08,Castilla - La Mancha,Pérdidas aparentes,2016,24
08,Castilla - La Mancha,Pérdidas aparentes,2014,20
08,Castilla - La Mancha,Pérdidas aparentes,2013,23
08,Castilla - La Mancha,Pérdidas aparentes,2012,15
08,Castilla - La Mancha,Pérdidas aparentes,2011,8
08,Castilla - La Mancha,Pérdidas aparentes,2010,16
08,Castilla - La Mancha,Pérdidas aparentes,2009,14
08,Castilla - La Mancha,Pérdidas aparentes,2008,18
08,Castilla - La Mancha,Pérdidas aparentes,2007,32
08,Castilla - La Mancha,Pérdidas aparentes,2006,..
08,Castilla - La Mancha,Pérdidas aparentes,2005,..
08,Castilla - La Mancha,Pérdidas aparentes,2004,..
08,Castilla - La Mancha,Pérdidas aparentes,2003,..
08,Castilla - La Mancha,Pérdidas aparentes,2002,..
08,Castilla - La Mancha,Pérdidas aparentes,2001,..
08,Castilla - La Mancha,Pérdidas aparentes,2000,..
08,Castilla - La Mancha,Porcentaje de pérdidas reales sobre el volumen de agua suministrada,2022,"23,5"
08,Castilla - La Mancha,Porcentaje de pérdidas reales sobre el volumen de agua suministrada,2020,"21,4"
08,Castilla - La Mancha,Porcentaje de pérdidas reales sobre el volumen de agua suministrada,2018,"20,5"
08,Castilla - La Mancha,Porcentaje de pérdidas reales sobre el volumen de agua suministrada,2016,"17,0"
08,Castilla - La Mancha,Porcentaje de pérdidas reales sobre el volumen de agua suministrada,2014,"19,0"
08,Castilla - La Mancha,Porcentaje de pérdidas reales sobre el volumen de agua suministrada,2013,"16,7"
08,Castilla - La Mancha,Porcentaje de pérdidas reales sobre el volumen de agua suministrada,2012,"20,3"
08,Castilla - La Mancha,Porcentaje de pérdidas reales sobre el volumen de agua suministrada,2011,"23,7"
08,Castilla - La Mancha,Porcentaje de pérdidas reales sobre el volumen de agua suministrada,2010,"24,8"
08,Castilla - La Mancha,Porcentaje de pérdidas reales sobre el volumen de agua suministrada,2009,"24,0"
08,Castilla - La Mancha,Porcentaje de pérdidas reales sobre el volumen de agua suministrada,2008,"19,4"
08,Castilla - La Mancha,Porcentaje de pérdidas reales sobre el volumen de agua suministrada,2007,"14,8"
08,Castilla - La Mancha,Porcentaje de pérdidas reales sobre el volumen de agua suministrada,2006,"18,7"
08,Castilla - La Mancha,Porcentaje de pérdidas reales sobre el volumen de agua suministrada,2005,"17,9"
08,Castilla - La Mancha,Porcentaje de pérdidas reales sobre el volumen de agua suministrada,2004,"18,4"
08,Castilla - La Mancha,Porcentaje de pérdidas reales sobre el volumen de agua suministrada,2003,"19,6"
08,Castilla - La Mancha,Porcentaje de pérdidas reales sobre el volumen de agua suministrada,2002,"18,1"
08,Castilla - La Mancha,Porcentaje de pérdidas reales sobre el volumen de agua suministrada,2001,"17,4"
08,Castilla - La Mancha,Porcentaje de pérdidas reales sobre el volumen de agua suministrada,2000,"16,5"
09,Cataluña,Volumen de agua disponible potabilizada,2022,202
09,Cataluña,Volumen de agua disponible potabilizada,2020,221
09,Cataluña,Volumen de agua disponible potabilizada,2018,257
09,Cataluña,Volumen de agua disponible potabilizada,2016,278
09,Cataluña,Volumen de agua disponible potabilizada,2014,263
09,Cataluña,Volumen de agua disponible potabilizada,2013,271
09,Cataluña,Volumen de agua disponible potabilizada,2012,250
09,Cataluña,Volumen de agua disponible potabilizada,2011,247
09,Cataluña,Volumen de agua disponible potabilizada,2010,255
09,Cataluña,Volumen de agua disponible potabilizada,2009,253
09,Cataluña,Volumen de agua disponible potabilizada,2008,271
09,Cataluña,Volumen de agua disponible potabilizada,2007,308
09,Cataluña,Volumen de agua disponible potabilizada,2006,327
09,Cataluña,Volumen de agua disponible potabilizada,2005,302
09,Cataluña,Volumen de agua disponible potabilizada,2004,322
09,Cataluña,Volumen de agua disponible potabilizada,2003,352
09,Cataluña,Volumen de agua disponible potabilizada,2002,397
09,Cataluña,Volumen de agua disponible potabilizada,2001,399
09,Cataluña,Volumen de agua disponible potabilizada,2000,394
09,Cataluña,Volumen de agua suministrada a la red de abastecimiento público,2022,202
09,Cataluña,Volumen de agua suministrada a la red de abastecimiento público,2020,215
09,Cataluña,Volumen de agua suministrada a la red de abastecimiento público,2018,219
09,Cataluña,Volumen de agua suministrada a la red de abastecimiento público,2016,228
09,Cataluña,Volumen de agua suministrada a la red de abastecimiento público,2014,219
09,Cataluña,Volumen de agua suministrada a la red de abastecimiento público,2013,227
09,Cataluña,Volumen de agua suministrada a la red de abastecimiento público,2012,237
09,Cataluña,Volumen de agua suministrada a la red de abastecimiento público,2011,239
09,Cataluña,Volumen de agua suministrada a la red de abastecimiento público,2010,246
09,Cataluña,Volumen de agua suministrada a la red de abastecimiento público,2009,245
09,Cataluña,Volumen de agua suministrada a la red de abastecimiento público,2008,268
09,Cataluña,Volumen de agua suministrada a la red de abastecimiento público,2007,294
09,Cataluña,Volumen de agua suministrada a la red de abastecimiento público,2006,270
09,Cataluña,Volumen de agua suministrada a la red de abastecimiento público,2005,257
09,Cataluña,Volumen de agua suministrada a la red de abastecimiento público,2004,279
09,Cataluña,Volumen de agua suministrada a la red de abastecimiento público,2003,304
09,Cataluña,Volumen de agua suministrada a la red de abastecimiento público,2002,327
09,Cataluña,Volumen de agua suministrada a la red de abastecimiento público,2001,338
09,Cataluña,Volumen de agua suministrada a la red de abastecimiento público,2000,359
09,Cataluña,Volumen total de agua registrada y distribuida,2022,157
09,Cataluña,Volumen total de agua registrada y distribuida,2020,163
09,Cataluña,Volumen total de agua registrada y distribuida,2018,170
09,Cataluña,Volumen total de agua registrada y distribuida,2016,172
09,Cataluña,Volumen total de agua registrada y distribuida,2014,169
09,Cataluña,Volumen total de agua registrada y distribuida,2013,170
09,Cataluña,Volumen total de agua registrada y distribuida,2012,184
09,Cataluña,Volumen total de agua registrada y distribuida,2011,186
09,Cataluña,Volumen total de agua registrada y distribuida,2010,189
09,Cataluña,Volumen total de agua registrada y distribuida,2009,188
09,Cataluña,Volumen total de agua registrada y distribuida,2008,203
09,Cataluña,Volumen total de agua registrada y distribuida,2007,232
09,Cataluña,Volumen total de agua registrada y distribuida,2006,229
09,Cataluña,Volumen total de agua registrada y distribuida,2005,214
09,Cataluña,Volumen total de agua registrada y distribuida,2004,233
09,Cataluña,Volumen total de agua registrada y distribuida,2003,255
09,Cataluña,Volumen total de agua registrada y distribuida,2002,268
09,Cataluña,Volumen total de agua registrada y distribuida,2001,286
09,Cataluña,Volumen total de agua registrada y distribuida,2000,286
09,Cataluña,Volumen de agua registrada y distribuida a los Hogares,2022,113
09,Cataluña,Volumen de agua registrada y distribuida a los Hogares,2020,124
09,Cataluña,Volumen de agua registrada y distribuida a los Hogares,2018,123
09,Cataluña,Volumen de agua registrada y distribuida a los Hogares,2016,127
09,Cataluña,Volumen de agua registrada y distribuida a los Hogares,2014,118
09,Cataluña,Volumen de agua registrada y distribuida a los Hogares,2013,117
09,Cataluña,Volumen de agua registrada y distribuida a los Hogares,2012,123
09,Cataluña,Volumen de agua registrada y distribuida a los Hogares,2011,127
09,Cataluña,Volumen de agua registrada y distribuida a los Hogares,2010,130
09,Cataluña,Volumen de agua registrada y distribuida a los Hogares,2009,130
09,Cataluña,Volumen de agua registrada y distribuida a los Hogares,2008,136
09,Cataluña,Volumen de agua registrada y distribuida a los Hogares,2007,148
09,Cataluña,Volumen de agua registrada y distribuida a los Hogares,2006,151
09,Cataluña,Volumen de agua registrada y distribuida a los Hogares,2005,163
09,Cataluña,Volumen de agua registrada y distribuida a los Hogares,2004,175
09,Cataluña,Volumen de agua registrada y distribuida a los Hogares,2003,185
09,Cataluña,Volumen de agua registrada y distribuida a los Hogares,2002,183
09,Cataluña,Volumen de agua registrada y distribuida a los Hogares,2001,184
09,Cataluña,Volumen de agua registrada y distribuida a los Hogares,2000,185
09,Cataluña,Volumen de agua no registrada,2022,45
09,Cataluña,Volumen de agua no registrada,2020,52
09,Cataluña,Volumen de agua no registrada,2018,49
09,Cataluña,Volumen de agua no registrada,2016,56
09,Cataluña,Volumen de agua no registrada,2014,50
09,Cataluña,Volumen de agua no registrada,2013,57
09,Cataluña,Volumen de agua no registrada,2012,53
09,Cataluña,Volumen de agua no registrada,2011,53
09,Cataluña,Volumen de agua no registrada,2010,57
09,Cataluña,Volumen de agua no registrada,2009,57
09,Cataluña,Volumen de agua no registrada,2008,65
09,Cataluña,Volumen de agua no registrada,2007,62
09,Cataluña,Volumen de agua no registrada,2006,..
09,Cataluña,Volumen de agua no registrada,2005,..
09,Cataluña,Volumen de agua no registrada,2004,..
09,Cataluña,Volumen de agua no registrada,2003,..
09,Cataluña,Volumen de agua no registrada,2002,..
09,Cataluña,Volumen de agua no registrada,2001,..
09,Cataluña,Volumen de agua no registrada,2000,..
09,Cataluña,Pérdidas reales,2022,26
09,Cataluña,Pérdidas reales,2020,31
09,Cataluña,Pérdidas reales,2018,30
09,Cataluña,Pérdidas reales,2016,33
09,Cataluña,Pérdidas reales,2014,25
09,Cataluña,Pérdidas reales,2013,26
09,Cataluña,Pérdidas reales,2012,32
09,Cataluña,Pérdidas reales,2011,35
09,Cataluña,Pérdidas reales,2010,38
09,Cataluña,Pérdidas reales,2009,37
09,Cataluña,Pérdidas reales,2008,40
09,Cataluña,Pérdidas reales,2007,46
09,Cataluña,Pérdidas reales,2006,41
09,Cataluña,Pérdidas reales,2005,44
09,Cataluña,Pérdidas reales,2004,46
09,Cataluña,Pérdidas reales,2003,49
09,Cataluña,Pérdidas reales,2002,59
09,Cataluña,Pérdidas reales,2001,52
09,Cataluña,Pérdidas reales,2000,73
09,Cataluña,Pérdidas aparentes,2022,19
09,Cataluña,Pérdidas aparentes,2020,21
09,Cataluña,Pérdidas aparentes,2018,19
09,Cataluña,Pérdidas aparentes,2016,23
09,Cataluña,Pérdidas aparentes,2014,25
09,Cataluña,Pérdidas aparentes,2013,31
09,Cataluña,Pérdidas aparentes,2012,21
09,Cataluña,Pérdidas aparentes,2011,18
09,Cataluña,Pérdidas aparentes,2010,19
09,Cataluña,Pérdidas aparentes,2009,20
09,Cataluña,Pérdidas aparentes,2008,25
09,Cataluña,Pérdidas aparentes,2007,16
09,Cataluña,Pérdidas aparentes,2006,..
09,Cataluña,Pérdidas aparentes,2005,..
09,Cataluña,Pérdidas aparentes,2004,..
09,Cataluña,Pérdidas aparentes,2003,..
09,Cataluña,Pérdidas aparentes,2002,..
09,Cataluña,Pérdidas aparentes,2001,..
09,Cataluña,Pérdidas aparentes,2000,..
09,Cataluña,Porcentaje de pérdidas reales sobre el volumen de agua suministrada,2022,"12,9"
09,Cataluña,Porcentaje de pérdidas reales sobre el volumen de agua suministrada,2020,"14,3"
09,Cataluña,Porcentaje de pérdidas reales sobre el volumen de agua suministrada,2018,"13,7"
09,Cataluña,Porcentaje de pérdidas reales sobre el volumen de agua suministrada,2016,"14,5"
09,Cataluña,Porcentaje de pérdidas reales sobre el volumen de agua suministrada,2014,"11,2"
09,Cataluña,Porcentaje de pérdidas reales sobre el volumen de agua suministrada,2013,"11,7"
09,Cataluña,Porcentaje de pérdidas reales sobre el volumen de agua suministrada,2012,"13,7"
09,Cataluña,Porcentaje de pérdidas reales sobre el volumen de agua suministrada,2011,"14,5"
09,Cataluña,Porcentaje de pérdidas reales sobre el volumen de agua suministrada,2010,"15,2"
09,Cataluña,Porcentaje de pérdidas reales sobre el volumen de agua suministrada,2009,"15,1"
09,Cataluña,Porcentaje de pérdidas reales sobre el volumen de agua suministrada,2008,"15,1"
09,Cataluña,Porcentaje de pérdidas reales sobre el volumen de agua suministrada,2007,"15,5"
09,Cataluña,Porcentaje de pérdidas reales sobre el volumen de agua suministrada,2006,"15,1"
09,Cataluña,Porcentaje de pérdidas reales sobre el volumen de agua suministrada,2005,"17,0"
09,Cataluña,Porcentaje de pérdidas reales sobre el volumen de agua suministrada,2004,"16,6"
09,Cataluña,Porcentaje de pérdidas reales sobre el volumen de agua suministrada,2003,"16,0"
09,Cataluña,Porcentaje de pérdidas reales sobre el volumen de agua suministrada,2002,"18,1"
09,Cataluña,Porcentaje de pérdidas reales sobre el volumen de agua suministrada,2001,"15,3"
09,Cataluña,Porcentaje de pérdidas reales sobre el volumen de agua suministrada,2000,"20,3"
10,Comunitat Valenciana,Volumen de agua disponible potabilizada,2022,228
10,Comunitat Valenciana,Volumen de agua disponible potabilizada,2020,288
10,Comunitat Valenciana,Volumen de agua disponible potabilizada,2018,323
10,Comunitat Valenciana,Volumen de agua disponible potabilizada,2016,311
10,Comunitat Valenciana,Volumen de agua disponible potabilizada,2014,279
10,Comunitat Valenciana,Volumen de agua disponible potabilizada,2013,282
10,Comunitat Valenciana,Volumen de agua disponible potabilizada,2012,284
10,Comunitat Valenciana,Volumen de agua disponible potabilizada,2011,278
10,Comunitat Valenciana,Volumen de agua disponible potabilizada,2010,281
10,Comunitat Valenciana,Volumen de agua disponible potabilizada,2009,296
10,Comunitat Valenciana,Volumen de agua disponible potabilizada,2008,372
10,Comunitat Valenciana,Volumen de agua disponible potabilizada,2007,394
10,Comunitat Valenciana,Volumen de agua disponible potabilizada,2006,368
10,Comunitat Valenciana,Volumen de agua disponible potabilizada,2005,362
10,Comunitat Valenciana,Volumen de agua disponible potabilizada,2004,409
10,Comunitat Valenciana,Volumen de agua disponible potabilizada,2003,396
10,Comunitat Valenciana,Volumen de agua disponible potabilizada,2002,372
10,Comunitat Valenciana,Volumen de agua disponible potabilizada,2001,365
10,Comunitat Valenciana,Volumen de agua disponible potabilizada,2000,356
10,Comunitat Valenciana,Volumen de agua suministrada a la red de abastecimiento público,2022,249
10,Comunitat Valenciana,Volumen de agua suministrada a la red de abastecimiento público,2020,274
10,Comunitat Valenciana,Volumen de agua suministrada a la red de abastecimiento público,2018,307
10,Comunitat Valenciana,Volumen de agua suministrada a la red de abastecimiento público,2016,270
10,Comunitat Valenciana,Volumen de agua suministrada a la red de abastecimiento público,2014,271
10,Comunitat Valenciana,Volumen de agua suministrada a la red de abastecimiento público,2013,266
10,Comunitat Valenciana,Volumen de agua suministrada a la red de abastecimiento público,2012,278
10,Comunitat Valenciana,Volumen de agua suministrada a la red de abastecimiento público,2011,266
10,Comunitat Valenciana,Volumen de agua suministrada a la red de abastecimiento público,2010,279
10,Comunitat Valenciana,Volumen de agua suministrada a la red de abastecimiento público,2009,290
10,Comunitat Valenciana,Volumen de agua suministrada a la red de abastecimiento público,2008,336
10,Comunitat Valenciana,Volumen de agua suministrada a la red de abastecimiento público,2007,329
10,Comunitat Valenciana,Volumen de agua suministrada a la red de abastecimiento público,2006,316
10,Comunitat Valenciana,Volumen de agua suministrada a la red de abastecimiento público,2005,307
10,Comunitat Valenciana,Volumen de agua suministrada a la red de abastecimiento público,2004,343
10,Comunitat Valenciana,Volumen de agua suministrada a la red de abastecimiento público,2003,340
10,Comunitat Valenciana,Volumen de agua suministrada a la red de abastecimiento público,2002,307
10,Comunitat Valenciana,Volumen de agua suministrada a la red de abastecimiento público,2001,322
10,Comunitat Valenciana,Volumen de agua suministrada a la red de abastecimiento público,2000,350
10,Comunitat Valenciana,Volumen total de agua registrada y distribuida,2022,190
10,Comunitat Valenciana,Volumen total de agua registrada y distribuida,2020,212
10,Comunitat Valenciana,Volumen total de agua registrada y distribuida,2018,226
10,Comunitat Valenciana,Volumen total de agua registrada y distribuida,2016,205
10,Comunitat Valenciana,Volumen total de agua registrada y distribuida,2014,212
10,Comunitat Valenciana,Volumen total de agua registrada y distribuida,2013,201
10,Comunitat Valenciana,Volumen total de agua registrada y distribuida,2012,202
10,Comunitat Valenciana,Volumen total de agua registrada y distribuida,2011,195
10,Comunitat Valenciana,Volumen total de agua registrada y distribuida,2010,200
10,Comunitat Valenciana,Volumen total de agua registrada y distribuida,2009,218
10,Comunitat Valenciana,Volumen total de agua registrada y distribuida,2008,242
10,Comunitat Valenciana,Volumen total de agua registrada y distribuida,2007,237
10,Comunitat Valenciana,Volumen total de agua registrada y distribuida,2006,244
10,Comunitat Valenciana,Volumen total de agua registrada y distribuida,2005,233
10,Comunitat Valenciana,Volumen total de agua registrada y distribuida,2004,258
10,Comunitat Valenciana,Volumen total de agua registrada y distribuida,2003,243
10,Comunitat Valenciana,Volumen total de agua registrada y distribuida,2002,226
10,Comunitat Valenciana,Volumen total de agua registrada y distribuida,2001,240
10,Comunitat Valenciana,Volumen total de agua registrada y distribuida,2000,245
10,Comunitat Valenciana,Volumen de agua registrada y distribuida a los Hogares,2022,139
10,Comunitat Valenciana,Volumen de agua registrada y distribuida a los Hogares,2020,157
10,Comunitat Valenciana,Volumen de agua registrada y distribuida a los Hogares,2018,175
10,Comunitat Valenciana,Volumen de agua registrada y distribuida a los Hogares,2016,163
10,Comunitat Valenciana,Volumen de agua registrada y distribuida a los Hogares,2014,162
10,Comunitat Valenciana,Volumen de agua registrada y distribuida a los Hogares,2013,158
10,Comunitat Valenciana,Volumen de agua registrada y distribuida a los Hogares,2012,161
10,Comunitat Valenciana,Volumen de agua registrada y distribuida a los Hogares,2011,152
10,Comunitat Valenciana,Volumen de agua registrada y distribuida a los Hogares,2010,157
10,Comunitat Valenciana,Volumen de agua registrada y distribuida a los Hogares,2009,175
10,Comunitat Valenciana,Volumen de agua registrada y distribuida a los Hogares,2008,186
10,Comunitat Valenciana,Volumen de agua registrada y distribuida a los Hogares,2007,182
10,Comunitat Valenciana,Volumen de agua registrada y distribuida a los Hogares,2006,188
10,Comunitat Valenciana,Volumen de agua registrada y distribuida a los Hogares,2005,174
10,Comunitat Valenciana,Volumen de agua registrada y distribuida a los Hogares,2004,180
10,Comunitat Valenciana,Volumen de agua registrada y distribuida a los Hogares,2003,166
10,Comunitat Valenciana,Volumen de agua registrada y distribuida a los Hogares,2002,161
10,Comunitat Valenciana,Volumen de agua registrada y distribuida a los Hogares,2001,157
10,Comunitat Valenciana,Volumen de agua registrada y distribuida a los Hogares,2000,166
10,Comunitat Valenciana,Volumen de agua no registrada,2022,59
10,Comunitat Valenciana,Volumen de agua no registrada,2020,62
10,Comunitat Valenciana,Volumen de agua no registrada,2018,81
10,Comunitat Valenciana,Volumen de agua no registrada,2016,65
10,Comunitat Valenciana,Volumen de agua no registrada,2014,59
10,Comunitat Valenciana,Volumen de agua no registrada,2013,65
10,Comunitat Valenciana,Volumen de agua no registrada,2012,76
10,Comunitat Valenciana,Volumen de agua no registrada,2011,71
10,Comunitat Valenciana,Volumen de agua no registrada,2010,79
10,Comunitat Valenciana,Volumen de agua no registrada,2009,72
10,Comunitat Valenciana,Volumen de agua no registrada,2008,94
10,Comunitat Valenciana,Volumen de agua no registrada,2007,92
10,Comunitat Valenciana,Volumen de agua no registrada,2006,..
10,Comunitat Valenciana,Volumen de agua no registrada,2005,..
10,Comunitat Valenciana,Volumen de agua no registrada,2004,..
10,Comunitat Valenciana,Volumen de agua no registrada,2003,..
10,Comunitat Valenciana,Volumen de agua no registrada,2002,..
10,Comunitat Valenciana,Volumen de agua no registrada,2001,..
10,Comunitat Valenciana,Volumen de agua no registrada,2000,..
10,Comunitat Valenciana,Pérdidas reales,2022,42
10,Comunitat Valenciana,Pérdidas reales,2020,42
10,Comunitat Valenciana,Pérdidas reales,2018,55
10,Comunitat Valenciana,Pérdidas reales,2016,47
10,Comunitat Valenciana,Pérdidas reales,2014,43
10,Comunitat Valenciana,Pérdidas reales,2013,47
10,Comunitat Valenciana,Pérdidas reales,2012,56
10,Comunitat Valenciana,Pérdidas reales,2011,55
10,Comunitat Valenciana,Pérdidas reales,2010,62
10,Comunitat Valenciana,Pérdidas reales,2009,56
10,Comunitat Valenciana,Pérdidas reales,2008,71
10,Comunitat Valenciana,Pérdidas reales,2007,74
10,Comunitat Valenciana,Pérdidas reales,2006,72
10,Comunitat Valenciana,Pérdidas reales,2005,74
10,Comunitat Valenciana,Pérdidas reales,2004,85
10,Comunitat Valenciana,Pérdidas reales,2003,96
10,Comunitat Valenciana,Pérdidas reales,2002,81
10,Comunitat Valenciana,Pérdidas reales,2001,82
10,Comunitat Valenciana,Pérdidas reales,2000,105
10,Comunitat Valenciana,Pérdidas aparentes,2022,16
10,Comunitat Valenciana,Pérdidas aparentes,2020,20
10,Comunitat Valenciana,Pérdidas aparentes,2018,26
10,Comunitat Valenciana,Pérdidas aparentes,2016,18
10,Comunitat Valenciana,Pérdidas aparentes,2014,16
10,Comunitat Valenciana,Pérdidas aparentes,2013,18
10,Comunitat Valenciana,Pérdidas aparentes,2012,20
10,Comunitat Valenciana,Pérdidas aparentes,2011,16
10,Comunitat Valenciana,Pérdidas aparentes,2010,17
10,Comunitat Valenciana,Pérdidas aparentes,2009,16
10,Comunitat Valenciana,Pérdidas aparentes,2008,23
10,Comunitat Valenciana,Pérdidas aparentes,2007,18
10,Comunitat Valenciana,Pérdidas aparentes,2006,..
10,Comunitat Valenciana,Pérdidas aparentes,2005,..
10,Comunitat Valenciana,Pérdidas aparentes,2004,..
10,Comunitat Valenciana,Pérdidas aparentes,2003,..
10,Comunitat Valenciana,Pérdidas aparentes,2002,..
10,Comunitat Valenciana,Pérdidas aparentes,2001,..
10,Comunitat Valenciana,Pérdidas aparentes,2000,..
10,Comunitat Valenciana,Porcentaje de pérdidas reales sobre el volumen de agua suministrada,2022,"17,0"
10,Comunitat Valenciana,Porcentaje de pérdidas reales sobre el volumen de agua suministrada,2020,"15,2"
10,Comunitat Valenciana,Porcentaje de pérdidas reales sobre el volumen de agua suministrada,2018,"18,0"
10,Comunitat Valenciana,Porcentaje de pérdidas reales sobre el volumen de agua suministrada,2016,"17,4"
10,Comunitat Valenciana,Porcentaje de pérdidas reales sobre el volumen de agua suministrada,2014,"15,8"
10,Comunitat Valenciana,Porcentaje de pérdidas reales sobre el volumen de agua suministrada,2013,"17,8"
10,Comunitat Valenciana,Porcentaje de pérdidas reales sobre el volumen de agua suministrada,2012,"20,3"
10,Comunitat Valenciana,Porcentaje de pérdidas reales sobre el volumen de agua suministrada,2011,"20,7"
10,Comunitat Valenciana,Porcentaje de pérdidas reales sobre el volumen de agua suministrada,2010,"22,4"
10,Comunitat Valenciana,Porcentaje de pérdidas reales sobre el volumen de agua suministrada,2009,"19,4"
10,Comunitat Valenciana,Porcentaje de pérdidas reales sobre el volumen de agua suministrada,2008,"21,2"
10,Comunitat Valenciana,Porcentaje de pérdidas reales sobre el volumen de agua suministrada,2007,"22,4"
10,Comunitat Valenciana,Porcentaje de pérdidas reales sobre el volumen de agua suministrada,2006,"22,8"
10,Comunitat Valenciana,Porcentaje de pérdidas reales sobre el volumen de agua suministrada,2005,"24,2"
10,Comunitat Valenciana,Porcentaje de pérdidas reales sobre el volumen de agua suministrada,2004,"24,8"
10,Comunitat Valenciana,Porcentaje de pérdidas reales sobre el volumen de agua suministrada,2003,"28,4"
10,Comunitat Valenciana,Porcentaje de pérdidas reales sobre el volumen de agua suministrada,2002,"26,3"
10,Comunitat Valenciana,Porcentaje de pérdidas reales sobre el volumen de agua suministrada,2001,"25,6"
10,Comunitat Valenciana,Porcentaje de pérdidas reales sobre el volumen de agua suministrada,2000,"30,0"
11,Extremadura,Volumen de agua disponible potabilizada,2022,268
11,Extremadura,Volumen de agua disponible potabilizada,2020,264
11,Extremadura,Volumen de agua disponible potabilizada,2018,302
11,Extremadura,Volumen de agua disponible potabilizada,2016,304
11,Extremadura,Volumen de agua disponible potabilizada,2014,310
11,Extremadura,Volumen de agua disponible potabilizada,2013,332
11,Extremadura,Volumen de agua disponible potabilizada,2012,337
11,Extremadura,Volumen de agua disponible potabilizada,2011,377
11,Extremadura,Volumen de agua disponible potabilizada,2010,418
11,Extremadura,Volumen de agua disponible potabilizada,2009,418
11,Extremadura,Volumen de agua disponible potabilizada,2008,479
11,Extremadura,Volumen de agua disponible potabilizada,2007,423
11,Extremadura,Volumen de agua disponible potabilizada,2006,466
11,Extremadura,Volumen de agua disponible potabilizada,2005,454
11,Extremadura,Volumen de agua disponible potabilizada,2004,488
11,Extremadura,Volumen de agua disponible potabilizada,2003,409
11,Extremadura,Volumen de agua disponible potabilizada,2002,391
11,Extremadura,Volumen de agua disponible potabilizada,2001,415
11,Extremadura,Volumen de agua disponible potabilizada,2000,375
11,Extremadura,Volumen de agua suministrada a la red de abastecimiento público,2022,258
11,Extremadura,Volumen de agua suministrada a la red de abastecimiento público,2020,239
11,Extremadura,Volumen de agua suministrada a la red de abastecimiento público,2018,260
11,Extremadura,Volumen de agua suministrada a la red de abastecimiento público,2016,284
11,Extremadura,Volumen de agua suministrada a la red de abastecimiento público,2014,262
11,Extremadura,Volumen de agua suministrada a la red de abastecimiento público,2013,279
11,Extremadura,Volumen de agua suministrada a la red de abastecimiento público,2012,288
11,Extremadura,Volumen de agua suministrada a la red de abastecimiento público,2011,273
11,Extremadura,Volumen de agua suministrada a la red de abastecimiento público,2010,288
11,Extremadura,Volumen de agua suministrada a la red de abastecimiento público,2009,284
11,Extremadura,Volumen de agua suministrada a la red de abastecimiento público,2008,311
11,Extremadura,Volumen de agua suministrada a la red de abastecimiento público,2007,346
11,Extremadura,Volumen de agua suministrada a la red de abastecimiento público,2006,347
11,Extremadura,Volumen de agua suministrada a la red de abastecimiento público,2005,359
11,Extremadura,Volumen de agua suministrada a la red de abastecimiento público,2004,374
11,Extremadura,Volumen de agua suministrada a la red de abastecimiento público,2003,352
11,Extremadura,Volumen de agua suministrada a la red de abastecimiento público,2002,302
11,Extremadura,Volumen de agua suministrada a la red de abastecimiento público,2001,291
11,Extremadura,Volumen de agua suministrada a la red de abastecimiento público,2000,256
11,Extremadura,Volumen total de agua registrada y distribuida,2022,173
11,Extremadura,Volumen total de agua registrada y distribuida,2020,160
11,Extremadura,Volumen total de agua registrada y distribuida,2018,172
11,Extremadura,Volumen total de agua registrada y distribuida,2016,185
11,Extremadura,Volumen total de agua registrada y distribuida,2014,170
11,Extremadura,Volumen total de agua registrada y distribuida,2013,174
11,Extremadura,Volumen total de agua registrada y distribuida,2012,188
11,Extremadura,Volumen total de agua registrada y distribuida,2011,184
11,Extremadura,Volumen total de agua registrada y distribuida,2010,195
11,Extremadura,Volumen total de agua registrada y distribuida,2009,199
11,Extremadura,Volumen total de agua registrada y distribuida,2008,228
11,Extremadura,Volumen total de agua registrada y distribuida,2007,249
11,Extremadura,Volumen total de agua registrada y distribuida,2006,283
11,Extremadura,Volumen total de agua registrada y distribuida,2005,278
11,Extremadura,Volumen total de agua registrada y distribuida,2004,295
11,Extremadura,Volumen total de agua registrada y distribuida,2003,294
11,Extremadura,Volumen total de agua registrada y distribuida,2002,252
11,Extremadura,Volumen total de agua registrada y distribuida,2001,246
11,Extremadura,Volumen total de agua registrada y distribuida,2000,212
11,Extremadura,Volumen de agua registrada y distribuida a los Hogares,2022,127
11,Extremadura,Volumen de agua registrada y distribuida a los Hogares,2020,120
11,Extremadura,Volumen de agua registrada y distribuida a los Hogares,2018,126
11,Extremadura,Volumen de agua registrada y distribuida a los Hogares,2016,129
11,Extremadura,Volumen de agua registrada y distribuida a los Hogares,2014,125
11,Extremadura,Volumen de agua registrada y distribuida a los Hogares,2013,140
11,Extremadura,Volumen de agua registrada y distribuida a los Hogares,2012,137
11,Extremadura,Volumen de agua registrada y distribuida a los Hogares,2011,141
11,Extremadura,Volumen de agua registrada y distribuida a los Hogares,2010,158
11,Extremadura,Volumen de agua registrada y distribuida a los Hogares,2009,161
11,Extremadura,Volumen de agua registrada y distribuida a los Hogares,2008,156
11,Extremadura,Volumen de agua registrada y distribuida a los Hogares,2007,185
11,Extremadura,Volumen de agua registrada y distribuida a los Hogares,2006,184
11,Extremadura,Volumen de agua registrada y distribuida a los Hogares,2005,175
11,Extremadura,Volumen de agua registrada y distribuida a los Hogares,2004,180
11,Extremadura,Volumen de agua registrada y distribuida a los Hogares,2003,165
11,Extremadura,Volumen de agua registrada y distribuida a los Hogares,2002,168
11,Extremadura,Volumen de agua registrada y distribuida a los Hogares,2001,169
11,Extremadura,Volumen de agua registrada y distribuida a los Hogares,2000,158
11,Extremadura,Volumen de agua no registrada,2022,85
11,Extremadura,Volumen de agua no registrada,2020,79
11,Extremadura,Volumen de agua no registrada,2018,88
11,Extremadura,Volumen de agua no registrada,2016,99
11,Extremadura,Volumen de agua no registrada,2014,92
11,Extremadura,Volumen de agua no registrada,2013,105
11,Extremadura,Volumen de agua no registrada,2012,100
11,Extremadura,Volumen de agua no registrada,2011,89
11,Extremadura,Volumen de agua no registrada,2010,93
11,Extremadura,Volumen de agua no registrada,2009,85
11,Extremadura,Volumen de agua no registrada,2008,83
11,Extremadura,Volumen de agua no registrada,2007,97
11,Extremadura,Volumen de agua no registrada,2006,..
11,Extremadura,Volumen de agua no registrada,2005,..
11,Extremadura,Volumen de agua no registrada,2004,..
11,Extremadura,Volumen de agua no registrada,2003,..
11,Extremadura,Volumen de agua no registrada,2002,..
11,Extremadura,Volumen de agua no registrada,2001,..
11,Extremadura,Volumen de agua no registrada,2000,..
11,Extremadura,Pérdidas reales,2022,63
11,Extremadura,Pérdidas reales,2020,52
11,Extremadura,Pérdidas reales,2018,62
11,Extremadura,Pérdidas reales,2016,72
11,Extremadura,Pérdidas reales,2014,63
11,Extremadura,Pérdidas reales,2013,66
11,Extremadura,Pérdidas reales,2012,69
11,Extremadura,Pérdidas reales,2011,59
11,Extremadura,Pérdidas reales,2010,61
11,Extremadura,Pérdidas reales,2009,50
11,Extremadura,Pérdidas reales,2008,56
11,Extremadura,Pérdidas reales,2007,52
11,Extremadura,Pérdidas reales,2006,64
11,Extremadura,Pérdidas reales,2005,81
11,Extremadura,Pérdidas reales,2004,79
11,Extremadura,Pérdidas reales,2003,57
11,Extremadura,Pérdidas reales,2002,51
11,Extremadura,Pérdidas reales,2001,45
11,Extremadura,Pérdidas reales,2000,44
11,Extremadura,Pérdidas aparentes,2022,21
11,Extremadura,Pérdidas aparentes,2020,27
11,Extremadura,Pérdidas aparentes,2018,26
11,Extremadura,Pérdidas aparentes,2016,26
11,Extremadura,Pérdidas aparentes,2014,29
11,Extremadura,Pérdidas aparentes,2013,39
11,Extremadura,Pérdidas aparentes,2012,31
11,Extremadura,Pérdidas aparentes,2011,30
11,Extremadura,Pérdidas aparentes,2010,32
11,Extremadura,Pérdidas aparentes,2009,35
11,Extremadura,Pérdidas aparentes,2008,27
11,Extremadura,Pérdidas aparentes,2007,45
11,Extremadura,Pérdidas aparentes,2006,..
11,Extremadura,Pérdidas aparentes,2005,..
11,Extremadura,Pérdidas aparentes,2004,..
11,Extremadura,Pérdidas aparentes,2003,..
11,Extremadura,Pérdidas aparentes,2002,..
11,Extremadura,Pérdidas aparentes,2001,..
11,Extremadura,Pérdidas aparentes,2000,..
11,Extremadura,Porcentaje de pérdidas reales sobre el volumen de agua suministrada,2022,"24,6"
11,Extremadura,Porcentaje de pérdidas reales sobre el volumen de agua suministrada,2020,"22,0"
11,Extremadura,Porcentaje de pérdidas reales sobre el volumen de agua suministrada,2018,"24,0"
11,Extremadura,Porcentaje de pérdidas reales sobre el volumen de agua suministrada,2016,"25,0"
11,Extremadura,Porcentaje de pérdidas reales sobre el volumen de agua suministrada,2014,"24,0"
11,Extremadura,Porcentaje de pérdidas reales sobre el volumen de agua suministrada,2013,"23,5"
11,Extremadura,Porcentaje de pérdidas reales sobre el volumen de agua suministrada,2012,"24,0"
11,Extremadura,Porcentaje de pérdidas reales sobre el volumen de agua suministrada,2011,"21,4"
11,Extremadura,Porcentaje de pérdidas reales sobre el volumen de agua suministrada,2010,"21,1"
11,Extremadura,Porcentaje de pérdidas reales sobre el volumen de agua suministrada,2009,"17,7"
11,Extremadura,Porcentaje de pérdidas reales sobre el volumen de agua suministrada,2008,"17,8"
11,Extremadura,Porcentaje de pérdidas reales sobre el volumen de agua suministrada,2007,"14,9"
11,Extremadura,Porcentaje de pérdidas reales sobre el volumen de agua suministrada,2006,"18,5"
11,Extremadura,Porcentaje de pérdidas reales sobre el volumen de agua suministrada,2005,"22,6"
11,Extremadura,Porcentaje de pérdidas reales sobre el volumen de agua suministrada,2004,"21,2"
11,Extremadura,Porcentaje de pérdidas reales sobre el volumen de agua suministrada,2003,"16,3"
11,Extremadura,Porcentaje de pérdidas reales sobre el volumen de agua suministrada,2002,"16,8"
11,Extremadura,Porcentaje de pérdidas reales sobre el volumen de agua suministrada,2001,"15,3"
11,Extremadura,Porcentaje de pérdidas reales sobre el volumen de agua suministrada,2000,"17,2"
12,Galicia,Volumen de agua disponible potabilizada,2022,390
12,Galicia,Volumen de agua disponible potabilizada,2020,254
12,Galicia,Volumen de agua disponible potabilizada,2018,256
12,Galicia,Volumen de agua disponible potabilizada,2016,293
12,Galicia,Volumen de agua disponible potabilizada,2014,304
12,Galicia,Volumen de agua disponible potabilizada,2013,271
12,Galicia,Volumen de agua disponible potabilizada,2012,279
12,Galicia,Volumen de agua disponible potabilizada,2011,282
12,Galicia,Volumen de agua disponible potabilizada,2010,276
12,Galicia,Volumen de agua disponible potabilizada,2009,290
12,Galicia,Volumen de agua disponible potabilizada,2008,301
12,Galicia,Volumen de agua disponible potabilizada,2007,319
12,Galicia,Volumen de agua disponible potabilizada,2006,297
12,Galicia,Volumen de agua disponible potabilizada,2005,330
12,Galicia,Volumen de agua disponible potabilizada,2004,360
12,Galicia,Volumen de agua disponible potabilizada,2003,349
12,Galicia,Volumen de agua disponible potabilizada,2002,357
12,Galicia,Volumen de agua disponible potabilizada,2001,347
12,Galicia,Volumen de agua disponible potabilizada,2000,330
12,Galicia,Volumen de agua suministrada a la red de abastecimiento público,2022,288
12,Galicia,Volumen de agua suministrada a la red de abastecimiento público,2020,247
12,Galicia,Volumen de agua suministrada a la red de abastecimiento público,2018,241
12,Galicia,Volumen de agua suministrada a la red de abastecimiento público,2016,261
12,Galicia,Volumen de agua suministrada a la red de abastecimiento público,2014,243
12,Galicia,Volumen de agua suministrada a la red de abastecimiento público,2013,246
12,Galicia,Volumen de agua suministrada a la red de abastecimiento público,2012,258
12,Galicia,Volumen de agua suministrada a la red de abastecimiento público,2011,238
12,Galicia,Volumen de agua suministrada a la red de abastecimiento público,2010,250
12,Galicia,Volumen de agua suministrada a la red de abastecimiento público,2009,276
12,Galicia,Volumen de agua suministrada a la red de abastecimiento público,2008,289
12,Galicia,Volumen de agua suministrada a la red de abastecimiento público,2007,283
12,Galicia,Volumen de agua suministrada a la red de abastecimiento público,2006,277
12,Galicia,Volumen de agua suministrada a la red de abastecimiento público,2005,284
12,Galicia,Volumen de agua suministrada a la red de abastecimiento público,2004,298
12,Galicia,Volumen de agua suministrada a la red de abastecimiento público,2003,295
12,Galicia,Volumen de agua suministrada a la red de abastecimiento público,2002,318
12,Galicia,Volumen de agua suministrada a la red de abastecimiento público,2001,324
12,Galicia,Volumen de agua suministrada a la red de abastecimiento público,2000,300
12,Galicia,Volumen total de agua registrada y distribuida,2022,174
12,Galicia,Volumen total de agua registrada y distribuida,2020,181
12,Galicia,Volumen total de agua registrada y distribuida,2018,180
12,Galicia,Volumen total de agua registrada y distribuida,2016,190
12,Galicia,Volumen total de agua registrada y distribuida,2014,186
12,Galicia,Volumen total de agua registrada y distribuida,2013,184
12,Galicia,Volumen total de agua registrada y distribuida,2012,188
12,Galicia,Volumen total de agua registrada y distribuida,2011,181
12,Galicia,Volumen total de agua registrada y distribuida,2010,187
12,Galicia,Volumen total de agua registrada y distribuida,2009,195
12,Galicia,Volumen total de agua registrada y distribuida,2008,205
12,Galicia,Volumen total de agua registrada y distribuida,2007,213
12,Galicia,Volumen total de agua registrada y distribuida,2006,230
12,Galicia,Volumen total de agua registrada y distribuida,2005,236
12,Galicia,Volumen total de agua registrada y distribuida,2004,242
12,Galicia,Volumen total de agua registrada y distribuida,2003,240
12,Galicia,Volumen total de agua registrada y distribuida,2002,265
12,Galicia,Volumen total de agua registrada y distribuida,2001,275
12,Galicia,Volumen total de agua registrada y distribuida,2000,260
12,Galicia,Volumen de agua registrada y distribuida a los Hogares,2022,128
12,Galicia,Volumen de agua registrada y distribuida a los Hogares,2020,130
12,Galicia,Volumen de agua registrada y distribuida a los Hogares,2018,125
12,Galicia,Volumen de agua registrada y distribuida a los Hogares,2016,138
12,Galicia,Volumen de agua registrada y distribuida a los Hogares,2014,129
12,Galicia,Volumen de agua registrada y distribuida a los Hogares,2013,119
12,Galicia,Volumen de agua registrada y distribuida a los Hogares,2012,132
12,Galicia,Volumen de agua registrada y distribuida a los Hogares,2011,132
12,Galicia,Volumen de agua registrada y distribuida a los Hogares,2010,131
12,Galicia,Volumen de agua registrada y distribuida a los Hogares,2009,138
12,Galicia,Volumen de agua registrada y distribuida a los Hogares,2008,145
12,Galicia,Volumen de agua registrada y distribuida a los Hogares,2007,142
12,Galicia,Volumen de agua registrada y distribuida a los Hogares,2006,161
12,Galicia,Volumen de agua registrada y distribuida a los Hogares,2005,154
12,Galicia,Volumen de agua registrada y distribuida a los Hogares,2004,157
12,Galicia,Volumen de agua registrada y distribuida a los Hogares,2003,145
12,Galicia,Volumen de agua registrada y distribuida a los Hogares,2002,132
12,Galicia,Volumen de agua registrada y distribuida a los Hogares,2001,124
12,Galicia,Volumen de agua registrada y distribuida a los Hogares,2000,130
12,Galicia,Volumen de agua no registrada,2022,114
12,Galicia,Volumen de agua no registrada,2020,66
12,Galicia,Volumen de agua no registrada,2018,61
12,Galicia,Volumen de agua no registrada,2016,71
12,Galicia,Volumen de agua no registrada,2014,57
12,Galicia,Volumen de agua no registrada,2013,62
12,Galicia,Volumen de agua no registrada,2012,70
12,Galicia,Volumen de agua no registrada,2011,57
12,Galicia,Volumen de agua no registrada,2010,63
12,Galicia,Volumen de agua no registrada,2009,81
12,Galicia,Volumen de agua no registrada,2008,84
12,Galicia,Volumen de agua no registrada,2007,70
12,Galicia,Volumen de agua no registrada,2006,..
12,Galicia,Volumen de agua no registrada,2005,..
12,Galicia,Volumen de agua no registrada,2004,..
12,Galicia,Volumen de agua no registrada,2003,..
12,Galicia,Volumen de agua no registrada,2002,..
12,Galicia,Volumen de agua no registrada,2001,..
12,Galicia,Volumen de agua no registrada,2000,..
12,Galicia,Pérdidas reales,2022,75
12,Galicia,Pérdidas reales,2020,40
12,Galicia,Pérdidas reales,2018,41
12,Galicia,Pérdidas reales,2016,56
12,Galicia,Pérdidas reales,2014,40
12,Galicia,Pérdidas reales,2013,44
12,Galicia,Pérdidas reales,2012,48
12,Galicia,Pérdidas reales,2011,40
12,Galicia,Pérdidas reales,2010,49
12,Galicia,Pérdidas reales,2009,40
12,Galicia,Pérdidas reales,2008,53
12,Galicia,Pérdidas reales,2007,44
12,Galicia,Pérdidas reales,2006,46
12,Galicia,Pérdidas reales,2005,48
12,Galicia,Pérdidas reales,2004,56
12,Galicia,Pérdidas reales,2003,56
12,Galicia,Pérdidas reales,2002,53
12,Galicia,Pérdidas reales,2001,49
12,Galicia,Pérdidas reales,2000,41
12,Galicia,Pérdidas aparentes,2022,40
12,Galicia,Pérdidas aparentes,2020,26
12,Galicia,Pérdidas aparentes,2018,20
12,Galicia,Pérdidas aparentes,2016,15
12,Galicia,Pérdidas aparentes,2014,17
12,Galicia,Pérdidas aparentes,2013,18
12,Galicia,Pérdidas aparentes,2012,22
12,Galicia,Pérdidas aparentes,2011,17
12,Galicia,Pérdidas aparentes,2010,14
12,Galicia,Pérdidas aparentes,2009,41
12,Galicia,Pérdidas aparentes,2008,31
12,Galicia,Pérdidas aparentes,2007,26
12,Galicia,Pérdidas aparentes,2006,..
12,Galicia,Pérdidas aparentes,2005,..
12,Galicia,Pérdidas aparentes,2004,..
12,Galicia,Pérdidas aparentes,2003,..
12,Galicia,Pérdidas aparentes,2002,..
12,Galicia,Pérdidas aparentes,2001,..
12,Galicia,Pérdidas aparentes,2000,..
12,Galicia,Porcentaje de pérdidas reales sobre el volumen de agua suministrada,2022,"25,8"
12,Galicia,Porcentaje de pérdidas reales sobre el volumen de agua suministrada,2020,"16,2"
12,Galicia,Porcentaje de pérdidas reales sobre el volumen de agua suministrada,2018,"16,9"
12,Galicia,Porcentaje de pérdidas reales sobre el volumen de agua suministrada,2016,"21,5"
12,Galicia,Porcentaje de pérdidas reales sobre el volumen de agua suministrada,2014,"16,4"
12,Galicia,Porcentaje de pérdidas reales sobre el volumen de agua suministrada,2013,"18,0"
12,Galicia,Porcentaje de pérdidas reales sobre el volumen de agua suministrada,2012,"18,7"
12,Galicia,Porcentaje de pérdidas reales sobre el volumen de agua suministrada,2011,"16,9"
12,Galicia,Porcentaje de pérdidas reales sobre el volumen de agua suministrada,2010,"19,6"
12,Galicia,Porcentaje de pérdidas reales sobre el volumen de agua suministrada,2009,"14,4"
12,Galicia,Porcentaje de pérdidas reales sobre el volumen de agua suministrada,2008,"18,3"
12,Galicia,Porcentaje de pérdidas reales sobre el volumen de agua suministrada,2007,"15,7"
12,Galicia,Porcentaje de pérdidas reales sobre el volumen de agua suministrada,2006,"16,8"
12,Galicia,Porcentaje de pérdidas reales sobre el volumen de agua suministrada,2005,"16,8"
12,Galicia,Porcentaje de pérdidas reales sobre el volumen de agua suministrada,2004,"18,9"
12,Galicia,Porcentaje de pérdidas reales sobre el volumen de agua suministrada,2003,"18,9"
12,Galicia,Porcentaje de pérdidas reales sobre el volumen de agua suministrada,2002,"16,7"
12,Galicia,Porcentaje de pérdidas reales sobre el volumen de agua suministrada,2001,"15,0"
12,Galicia,Porcentaje de pérdidas reales sobre el volumen de agua suministrada,2000,"13,6"
13,"Madrid, Comunidad de",Volumen de agua disponible potabilizada,2022,208
13,"Madrid, Comunidad de",Volumen de agua disponible potabilizada,2020,206
13,"Madrid, Comunidad de",Volumen de agua disponible potabilizada,2018,205
13,"Madrid, Comunidad de",Volumen de agua disponible potabilizada,2016,214
13,"Madrid, Comunidad de",Volumen de agua disponible potabilizada,2014,220
13,"Madrid, Comunidad de",Volumen de agua disponible potabilizada,2013,221
13,"Madrid, Comunidad de",Volumen de agua disponible potabilizada,2012,234
13,"Madrid, Comunidad de",Volumen de agua disponible potabilizada,2011,237
13,"Madrid, Comunidad de",Volumen de agua disponible potabilizada,2010,239
13,"Madrid, Comunidad de",Volumen de agua disponible potabilizada,2009,248
13,"Madrid, Comunidad de",Volumen de agua disponible potabilizada,2008,250
13,"Madrid, Comunidad de",Volumen de agua disponible potabilizada,2007,262
13,"Madrid, Comunidad de",Volumen de agua disponible potabilizada,2006,298
13,"Madrid, Comunidad de",Volumen de agua disponible potabilizada,2005,310
13,"Madrid, Comunidad de",Volumen de agua disponible potabilizada,2004,317
13,"Madrid, Comunidad de",Volumen de agua disponible potabilizada,2003,328
13,"Madrid, Comunidad de",Volumen de agua disponible potabilizada,2002,310
13,"Madrid, Comunidad de",Volumen de agua disponible potabilizada,2001,320
13,"Madrid, Comunidad de",Volumen de agua disponible potabilizada,2000,316
13,"Madrid, Comunidad de",Volumen de agua suministrada a la red de abastecimiento público,2022,205
13,"Madrid, Comunidad de",Volumen de agua suministrada a la red de abastecimiento público,2020,203
13,"Madrid, Comunidad de",Volumen de agua suministrada a la red de abastecimiento público,2018,204
13,"Madrid, Comunidad de",Volumen de agua suministrada a la red de abastecimiento público,2016,209
13,"Madrid, Comunidad de",Volumen de agua suministrada a la red de abastecimiento público,2014,217
13,"Madrid, Comunidad de",Volumen de agua suministrada a la red de abastecimiento público,2013,218
13,"Madrid, Comunidad de",Volumen de agua suministrada a la red de abastecimiento público,2012,224
13,"Madrid, Comunidad de",Volumen de agua suministrada a la red de abastecimiento público,2011,237
13,"Madrid, Comunidad de",Volumen de agua suministrada a la red de abastecimiento público,2010,236
13,"Madrid, Comunidad de",Volumen de agua suministrada a la red de abastecimiento público,2009,243
13,"Madrid, Comunidad de",Volumen de agua suministrada a la red de abastecimiento público,2008,245
13,"Madrid, Comunidad de",Volumen de agua suministrada a la red de abastecimiento público,2007,255
13,"Madrid, Comunidad de",Volumen de agua suministrada a la red de abastecimiento público,2006,234
13,"Madrid, Comunidad de",Volumen de agua suministrada a la red de abastecimiento público,2005,261
13,"Madrid, Comunidad de",Volumen de agua suministrada a la red de abastecimiento público,2004,279
13,"Madrid, Comunidad de",Volumen de agua suministrada a la red de abastecimiento público,2003,292
13,"Madrid, Comunidad de",Volumen de agua suministrada a la red de abastecimiento público,2002,277
13,"Madrid, Comunidad de",Volumen de agua suministrada a la red de abastecimiento público,2001,291
13,"Madrid, Comunidad de",Volumen de agua suministrada a la red de abastecimiento público,2000,286
13,"Madrid, Comunidad de",Volumen total de agua registrada y distribuida,2022,177
13,"Madrid, Comunidad de",Volumen total de agua registrada y distribuida,2020,177
13,"Madrid, Comunidad de",Volumen total de agua registrada y distribuida,2018,175
13,"Madrid, Comunidad de",Volumen total de agua registrada y distribuida,2016,178
13,"Madrid, Comunidad de",Volumen total de agua registrada y distribuida,2014,175
13,"Madrid, Comunidad de",Volumen total de agua registrada y distribuida,2013,178
13,"Madrid, Comunidad de",Volumen total de agua registrada y distribuida,2012,183
13,"Madrid, Comunidad de",Volumen total de agua registrada y distribuida,2011,191
13,"Madrid, Comunidad de",Volumen total de agua registrada y distribuida,2010,189
13,"Madrid, Comunidad de",Volumen total de agua registrada y distribuida,2009,194
13,"Madrid, Comunidad de",Volumen total de agua registrada y distribuida,2008,201
13,"Madrid, Comunidad de",Volumen total de agua registrada y distribuida,2007,207
13,"Madrid, Comunidad de",Volumen total de agua registrada y distribuida,2006,206
13,"Madrid, Comunidad de",Volumen total de agua registrada y distribuida,2005,227
13,"Madrid, Comunidad de",Volumen total de agua registrada y distribuida,2004,241
13,"Madrid, Comunidad de",Volumen total de agua registrada y distribuida,2003,251
13,"Madrid, Comunidad de",Volumen total de agua registrada y distribuida,2002,240
13,"Madrid, Comunidad de",Volumen total de agua registrada y distribuida,2001,251
13,"Madrid, Comunidad de",Volumen total de agua registrada y distribuida,2000,247
13,"Madrid, Comunidad de",Volumen de agua registrada y distribuida a los Hogares,2022,125
13,"Madrid, Comunidad de",Volumen de agua registrada y distribuida a los Hogares,2020,129
13,"Madrid, Comunidad de",Volumen de agua registrada y distribuida a los Hogares,2018,125
13,"Madrid, Comunidad de",Volumen de agua registrada y distribuida a los Hogares,2016,133
13,"Madrid, Comunidad de",Volumen de agua registrada y distribuida a los Hogares,2014,131
13,"Madrid, Comunidad de",Volumen de agua registrada y distribuida a los Hogares,2013,131
13,"Madrid, Comunidad de",Volumen de agua registrada y distribuida a los Hogares,2012,135
13,"Madrid, Comunidad de",Volumen de agua registrada y distribuida a los Hogares,2011,140
13,"Madrid, Comunidad de",Volumen de agua registrada y distribuida a los Hogares,2010,139
13,"Madrid, Comunidad de",Volumen de agua registrada y distribuida a los Hogares,2009,144
13,"Madrid, Comunidad de",Volumen de agua registrada y distribuida a los Hogares,2008,141
13,"Madrid, Comunidad de",Volumen de agua registrada y distribuida a los Hogares,2007,147
13,"Madrid, Comunidad de",Volumen de agua registrada y distribuida a los Hogares,2006,148
13,"Madrid, Comunidad de",Volumen de agua registrada y distribuida a los Hogares,2005,160
13,"Madrid, Comunidad de",Volumen de agua registrada y distribuida a los Hogares,2004,171
13,"Madrid, Comunidad de",Volumen de agua registrada y distribuida a los Hogares,2003,166
13,"Madrid, Comunidad de",Volumen de agua registrada y distribuida a los Hogares,2002,165
13,"Madrid, Comunidad de",Volumen de agua registrada y distribuida a los Hogares,2001,171
13,"Madrid, Comunidad de",Volumen de agua registrada y distribuida a los Hogares,2000,171
13,"Madrid, Comunidad de",Volumen de agua no registrada,2022,28
13,"Madrid, Comunidad de",Volumen de agua no registrada,2020,26
13,"Madrid, Comunidad de",Volumen de agua no registrada,2018,29
13,"Madrid, Comunidad de",Volumen de agua no registrada,2016,31
13,"Madrid, Comunidad de",Volumen de agua no registrada,2014,42
13,"Madrid, Comunidad de",Volumen de agua no registrada,2013,40
13,"Madrid, Comunidad de",Volumen de agua no registrada,2012,41
13,"Madrid, Comunidad de",Volumen de agua no registrada,2011,46
13,"Madrid, Comunidad de",Volumen de agua no registrada,2010,47
13,"Madrid, Comunidad de",Volumen de agua no registrada,2009,49
13,"Madrid, Comunidad de",Volumen de agua no registrada,2008,44
13,"Madrid, Comunidad de",Volumen de agua no registrada,2007,48
13,"Madrid, Comunidad de",Volumen de agua no registrada,2006,..
13,"Madrid, Comunidad de",Volumen de agua no registrada,2005,..
13,"Madrid, Comunidad de",Volumen de agua no registrada,2004,..
13,"Madrid, Comunidad de",Volumen de agua no registrada,2003,..
13,"Madrid, Comunidad de",Volumen de agua no registrada,2002,..
13,"Madrid, Comunidad de",Volumen de agua no registrada,2001,..
13,"Madrid, Comunidad de",Volumen de agua no registrada,2000,..
13,"Madrid, Comunidad de",Pérdidas reales,2022,4
13,"Madrid, Comunidad de",Pérdidas reales,2020,8
13,"Madrid, Comunidad de",Pérdidas reales,2018,4
13,"Madrid, Comunidad de",Pérdidas reales,2016,6
13,"Madrid, Comunidad de",Pérdidas reales,2014,10
13,"Madrid, Comunidad de",Pérdidas reales,2013,13
13,"Madrid, Comunidad de",Pérdidas reales,2012,14
13,"Madrid, Comunidad de",Pérdidas reales,2011,16
13,"Madrid, Comunidad de",Pérdidas reales,2010,16
13,"Madrid, Comunidad de",Pérdidas reales,2009,19
13,"Madrid, Comunidad de",Pérdidas reales,2008,21
13,"Madrid, Comunidad de",Pérdidas reales,2007,25
13,"Madrid, Comunidad de",Pérdidas reales,2006,29
13,"Madrid, Comunidad de",Pérdidas reales,2005,34
13,"Madrid, Comunidad de",Pérdidas reales,2004,38
13,"Madrid, Comunidad de",Pérdidas reales,2003,41
13,"Madrid, Comunidad de",Pérdidas reales,2002,37
13,"Madrid, Comunidad de",Pérdidas reales,2001,40
13,"Madrid, Comunidad de",Pérdidas reales,2000,39
13,"Madrid, Comunidad de",Pérdidas aparentes,2022,24
13,"Madrid, Comunidad de",Pérdidas aparentes,2020,18
13,"Madrid, Comunidad de",Pérdidas aparentes,2018,25
13,"Madrid, Comunidad de",Pérdidas aparentes,2016,25
13,"Madrid, Comunidad de",Pérdidas aparentes,2014,32
13,"Madrid, Comunidad de",Pérdidas aparentes,2013,27
13,"Madrid, Comunidad de",Pérdidas aparentes,2012,27
13,"Madrid, Comunidad de",Pérdidas aparentes,2011,30
13,"Madrid, Comunidad de",Pérdidas aparentes,2010,31
13,"Madrid, Comunidad de",Pérdidas aparentes,2009,30
13,"Madrid, Comunidad de",Pérdidas aparentes,2008,23
13,"Madrid, Comunidad de",Pérdidas aparentes,2007,23
13,"Madrid, Comunidad de",Pérdidas aparentes,2006,..
13,"Madrid, Comunidad de",Pérdidas aparentes,2005,..
13,"Madrid, Comunidad de",Pérdidas aparentes,2004,..
13,"Madrid, Comunidad de",Pérdidas aparentes,2003,..
13,"Madrid, Comunidad de",Pérdidas aparentes,2002,..
13,"Madrid, Comunidad de",Pérdidas aparentes,2001,..
13,"Madrid, Comunidad de",Pérdidas aparentes,2000,..
13,"Madrid, Comunidad de",Porcentaje de pérdidas reales sobre el volumen de agua suministrada,2022,"1,9"
13,"Madrid, Comunidad de",Porcentaje de pérdidas reales sobre el volumen de agua suministrada,2020,"4,0"
13,"Madrid, Comunidad de",Porcentaje de pérdidas reales sobre el volumen de agua suministrada,2018,"2,1"
13,"Madrid, Comunidad de",Porcentaje de pérdidas reales sobre el volumen de agua suministrada,2016,"2,8"
13,"Madrid, Comunidad de",Porcentaje de pérdidas reales sobre el volumen de agua suministrada,2014,"4,6"
13,"Madrid, Comunidad de",Porcentaje de pérdidas reales sobre el volumen de agua suministrada,2013,"5,9"
13,"Madrid, Comunidad de",Porcentaje de pérdidas reales sobre el volumen de agua suministrada,2012,"6,1"
13,"Madrid, Comunidad de",Porcentaje de pérdidas reales sobre el volumen de agua suministrada,2011,"6,6"
13,"Madrid, Comunidad de",Porcentaje de pérdidas reales sobre el volumen de agua suministrada,2010,"6,6"
13,"Madrid, Comunidad de",Porcentaje de pérdidas reales sobre el volumen de agua suministrada,2009,"7,8"
13,"Madrid, Comunidad de",Porcentaje de pérdidas reales sobre el volumen de agua suministrada,2008,"8,6"
13,"Madrid, Comunidad de",Porcentaje de pérdidas reales sobre el volumen de agua suministrada,2007,"9,7"
13,"Madrid, Comunidad de",Porcentaje de pérdidas reales sobre el volumen de agua suministrada,2006,"12,3"
13,"Madrid, Comunidad de",Porcentaje de pérdidas reales sobre el volumen de agua suministrada,2005,"13,0"
13,"Madrid, Comunidad de",Porcentaje de pérdidas reales sobre el volumen de agua suministrada,2004,"13,8"
13,"Madrid, Comunidad de",Porcentaje de pérdidas reales sobre el volumen de agua suministrada,2003,"14,1"
13,"Madrid, Comunidad de",Porcentaje de pérdidas reales sobre el volumen de agua suministrada,2002,"13,3"
13,"Madrid, Comunidad de",Porcentaje de pérdidas reales sobre el volumen de agua suministrada,2001,"13,8"
13,"Madrid, Comunidad de",Porcentaje de pérdidas reales sobre el volumen de agua suministrada,2000,"13,6"
14,"Murcia, Región de",Volumen de agua disponible potabilizada,2022,230
14,"Murcia, Región de",Volumen de agua disponible potabilizada,2020,235
14,"Murcia, Región de",Volumen de agua disponible potabilizada,2018,234
14,"Murcia, Región de",Volumen de agua disponible potabilizada,2016,250
14,"Murcia, Región de",Volumen de agua disponible potabilizada,2014,235
14,"Murcia, Región de",Volumen de agua disponible potabilizada,2013,239
14,"Murcia, Región de",Volumen de agua disponible potabilizada,2012,253
14,"Murcia, Región de",Volumen de agua disponible potabilizada,2011,259
14,"Murcia, Región de",Volumen de agua disponible potabilizada,2010,261
14,"Murcia, Región de",Volumen de agua disponible potabilizada,2009,275
14,"Murcia, Región de",Volumen de agua disponible potabilizada,2008,294
14,"Murcia, Región de",Volumen de agua disponible potabilizada,2007,367
14,"Murcia, Región de",Volumen de agua disponible potabilizada,2006,308
14,"Murcia, Región de",Volumen de agua disponible potabilizada,2005,342
14,"Murcia, Región de",Volumen de agua disponible potabilizada,2004,344
14,"Murcia, Región de",Volumen de agua disponible potabilizada,2003,320
14,"Murcia, Región de",Volumen de agua disponible potabilizada,2002,299
14,"Murcia, Región de",Volumen de agua disponible potabilizada,2001,379
14,"Murcia, Región de",Volumen de agua disponible potabilizada,2000,253
14,"Murcia, Región de",Volumen de agua suministrada a la red de abastecimiento público,2022,242
14,"Murcia, Región de",Volumen de agua suministrada a la red de abastecimiento público,2020,234
14,"Murcia, Región de",Volumen de agua suministrada a la red de abastecimiento público,2018,231
14,"Murcia, Región de",Volumen de agua suministrada a la red de abastecimiento público,2016,240
14,"Murcia, Región de",Volumen de agua suministrada a la red de abastecimiento público,2014,235
14,"Murcia, Región de",Volumen de agua suministrada a la red de abastecimiento público,2013,232
14,"Murcia, Región de",Volumen de agua suministrada a la red de abastecimiento público,2012,249
14,"Murcia, Región de",Volumen de agua suministrada a la red de abastecimiento público,2011,251
14,"Murcia, Región de",Volumen de agua suministrada a la red de abastecimiento público,2010,254
14,"Murcia, Región de",Volumen de agua suministrada a la red de abastecimiento público,2009,272
14,"Murcia, Región de",Volumen de agua suministrada a la red de abastecimiento público,2008,284
14,"Murcia, Región de",Volumen de agua suministrada a la red de abastecimiento público,2007,284
14,"Murcia, Región de",Volumen de agua suministrada a la red de abastecimiento público,2006,282
14,"Murcia, Región de",Volumen de agua suministrada a la red de abastecimiento público,2005,288
14,"Murcia, Región de",Volumen de agua suministrada a la red de abastecimiento público,2004,309
14,"Murcia, Región de",Volumen de agua suministrada a la red de abastecimiento público,2003,264
14,"Murcia, Región de",Volumen de agua suministrada a la red de abastecimiento público,2002,278
14,"Murcia, Región de",Volumen de agua suministrada a la red de abastecimiento público,2001,285
14,"Murcia, Región de",Volumen de agua suministrada a la red de abastecimiento público,2000,217
14,"Murcia, Región de",Volumen total de agua registrada y distribuida,2022,196
14,"Murcia, Región de",Volumen total de agua registrada y distribuida,2020,191
14,"Murcia, Región de",Volumen total de agua registrada y distribuida,2018,191
14,"Murcia, Región de",Volumen total de agua registrada y distribuida,2016,194
14,"Murcia, Región de",Volumen total de agua registrada y distribuida,2014,189
14,"Murcia, Región de",Volumen total de agua registrada y distribuida,2013,186
14,"Murcia, Región de",Volumen total de agua registrada y distribuida,2012,200
14,"Murcia, Región de",Volumen total de agua registrada y distribuida,2011,202
14,"Murcia, Región de",Volumen total de agua registrada y distribuida,2010,201
14,"Murcia, Región de",Volumen total de agua registrada y distribuida,2009,215
14,"Murcia, Región de",Volumen total de agua registrada y distribuida,2008,216
14,"Murcia, Región de",Volumen total de agua registrada y distribuida,2007,223
14,"Murcia, Región de",Volumen total de agua registrada y distribuida,2006,241
14,"Murcia, Región de",Volumen total de agua registrada y distribuida,2005,253
14,"Murcia, Región de",Volumen total de agua registrada y distribuida,2004,249
14,"Murcia, Región de",Volumen total de agua registrada y distribuida,2003,223
14,"Murcia, Región de",Volumen total de agua registrada y distribuida,2002,229
14,"Murcia, Región de",Volumen total de agua registrada y distribuida,2001,231
14,"Murcia, Región de",Volumen total de agua registrada y distribuida,2000,172
14,"Murcia, Región de",Volumen de agua registrada y distribuida a los Hogares,2022,133
14,"Murcia, Región de",Volumen de agua registrada y distribuida a los Hogares,2020,150
14,"Murcia, Región de",Volumen de agua registrada y distribuida a los Hogares,2018,149
14,"Murcia, Región de",Volumen de agua registrada y distribuida a los Hogares,2016,132
14,"Murcia, Región de",Volumen de agua registrada y distribuida a los Hogares,2014,126
14,"Murcia, Región de",Volumen de agua registrada y distribuida a los Hogares,2013,124
14,"Murcia, Región de",Volumen de agua registrada y distribuida a los Hogares,2012,145
14,"Murcia, Región de",Volumen de agua registrada y distribuida a los Hogares,2011,152
14,"Murcia, Región de",Volumen de agua registrada y distribuida a los Hogares,2010,159
14,"Murcia, Región de",Volumen de agua registrada y distribuida a los Hogares,2009,165
14,"Murcia, Región de",Volumen de agua registrada y distribuida a los Hogares,2008,157
14,"Murcia, Región de",Volumen de agua registrada y distribuida a los Hogares,2007,162
14,"Murcia, Región de",Volumen de agua registrada y distribuida a los Hogares,2006,166
14,"Murcia, Región de",Volumen de agua registrada y distribuida a los Hogares,2005,162
14,"Murcia, Región de",Volumen de agua registrada y distribuida a los Hogares,2004,161
14,"Murcia, Región de",Volumen de agua registrada y distribuida a los Hogares,2003,150
14,"Murcia, Región de",Volumen de agua registrada y distribuida a los Hogares,2002,146
14,"Murcia, Región de",Volumen de agua registrada y distribuida a los Hogares,2001,152
14,"Murcia, Región de",Volumen de agua registrada y distribuida a los Hogares,2000,142
14,"Murcia, Región de",Volumen de agua no registrada,2022,46
14,"Murcia, Región de",Volumen de agua no registrada,2020,43
14,"Murcia, Región de",Volumen de agua no registrada,2018,40
14,"Murcia, Región de",Volumen de agua no registrada,2016,46
14,"Murcia, Región de",Volumen de agua no registrada,2014,46
14,"Murcia, Región de",Volumen de agua no registrada,2013,46
14,"Murcia, Región de",Volumen de agua no registrada,2012,49
14,"Murcia, Región de",Volumen de agua no registrada,2011,49
14,"Murcia, Región de",Volumen de agua no registrada,2010,53
14,"Murcia, Región de",Volumen de agua no registrada,2009,57
14,"Murcia, Región de",Volumen de agua no registrada,2008,68
14,"Murcia, Región de",Volumen de agua no registrada,2007,61
14,"Murcia, Región de",Volumen de agua no registrada,2006,..
14,"Murcia, Región de",Volumen de agua no registrada,2005,..
14,"Murcia, Región de",Volumen de agua no registrada,2004,..
14,"Murcia, Región de",Volumen de agua no registrada,2003,..
14,"Murcia, Región de",Volumen de agua no registrada,2002,..
14,"Murcia, Región de",Volumen de agua no registrada,2001,..
14,"Murcia, Región de",Volumen de agua no registrada,2000,..
14,"Murcia, Región de",Pérdidas reales,2022,31
14,"Murcia, Región de",Pérdidas reales,2020,27
14,"Murcia, Región de",Pérdidas reales,2018,27
14,"Murcia, Región de",Pérdidas reales,2016,31
14,"Murcia, Región de",Pérdidas reales,2014,32
14,"Murcia, Región de",Pérdidas reales,2013,29
14,"Murcia, Región de",Pérdidas reales,2012,36
14,"Murcia, Región de",Pérdidas reales,2011,40
14,"Murcia, Región de",Pérdidas reales,2010,38
14,"Murcia, Región de",Pérdidas reales,2009,39
14,"Murcia, Región de",Pérdidas reales,2008,42
14,"Murcia, Región de",Pérdidas reales,2007,38
14,"Murcia, Región de",Pérdidas reales,2006,41
14,"Murcia, Región de",Pérdidas reales,2005,35
14,"Murcia, Región de",Pérdidas reales,2004,60
14,"Murcia, Región de",Pérdidas reales,2003,41
14,"Murcia, Región de",Pérdidas reales,2002,49
14,"Murcia, Región de",Pérdidas reales,2001,54
14,"Murcia, Región de",Pérdidas reales,2000,45
14,"Murcia, Región de",Pérdidas aparentes,2022,15
14,"Murcia, Región de",Pérdidas aparentes,2020,16
14,"Murcia, Región de",Pérdidas aparentes,2018,13
14,"Murcia, Región de",Pérdidas aparentes,2016,15
14,"Murcia, Región de",Pérdidas aparentes,2014,14
14,"Murcia, Región de",Pérdidas aparentes,2013,17
14,"Murcia, Región de",Pérdidas aparentes,2012,13
14,"Murcia, Región de",Pérdidas aparentes,2011,9
14,"Murcia, Región de",Pérdidas aparentes,2010,15
14,"Murcia, Región de",Pérdidas aparentes,2009,18
14,"Murcia, Región de",Pérdidas aparentes,2008,26
14,"Murcia, Región de",Pérdidas aparentes,2007,23
14,"Murcia, Región de",Pérdidas aparentes,2006,..
14,"Murcia, Región de",Pérdidas aparentes,2005,..
14,"Murcia, Región de",Pérdidas aparentes,2004,..
14,"Murcia, Región de",Pérdidas aparentes,2003,..
14,"Murcia, Región de",Pérdidas aparentes,2002,..
14,"Murcia, Región de",Pérdidas aparentes,2001,..
14,"Murcia, Región de",Pérdidas aparentes,2000,..
14,"Murcia, Región de",Porcentaje de pérdidas reales sobre el volumen de agua suministrada,2022,"12,8"
14,"Murcia, Región de",Porcentaje de pérdidas reales sobre el volumen de agua suministrada,2020,"11,4"
14,"Murcia, Región de",Porcentaje de pérdidas reales sobre el volumen de agua suministrada,2018,"11,7"
14,"Murcia, Región de",Porcentaje de pérdidas reales sobre el volumen de agua suministrada,2016,"13,0"
14,"Murcia, Región de",Porcentaje de pérdidas reales sobre el volumen de agua suministrada,2014,"13,5"
14,"Murcia, Región de",Porcentaje de pérdidas reales sobre el volumen de agua suministrada,2013,"12,6"
14,"Murcia, Región de",Porcentaje de pérdidas reales sobre el volumen de agua suministrada,2012,"14,3"
14,"Murcia, Región de",Porcentaje de pérdidas reales sobre el volumen de agua suministrada,2011,"16,0"
14,"Murcia, Región de",Porcentaje de pérdidas reales sobre el volumen de agua suministrada,2010,"14,9"
14,"Murcia, Región de",Porcentaje de pérdidas reales sobre el volumen de agua suministrada,2009,"14,5"
14,"Murcia, Región de",Porcentaje de pérdidas reales sobre el volumen de agua suministrada,2008,"14,8"
14,"Murcia, Región de",Porcentaje de pérdidas reales sobre el volumen de agua suministrada,2007,"13,3"
14,"Murcia, Región de",Porcentaje de pérdidas reales sobre el volumen de agua suministrada,2006,"14,7"
14,"Murcia, Región de",Porcentaje de pérdidas reales sobre el volumen de agua suministrada,2005,"12,3"
14,"Murcia, Región de",Porcentaje de pérdidas reales sobre el volumen de agua suministrada,2004,"19,5"
14,"Murcia, Región de",Porcentaje de pérdidas reales sobre el volumen de agua suministrada,2003,"15,5"
14,"Murcia, Región de",Porcentaje de pérdidas reales sobre el volumen de agua suministrada,2002,"17,5"
14,"Murcia, Región de",Porcentaje de pérdidas reales sobre el volumen de agua suministrada,2001,"18,8"
14,"Murcia, Región de",Porcentaje de pérdidas reales sobre el volumen de agua suministrada,2000,"20,8"
15,"Navarra, Comunidad Foral de",Volumen de agua disponible potabilizada,2022,320
15,"Navarra, Comunidad Foral de",Volumen de agua disponible potabilizada,2020,309
15,"Navarra, Comunidad Foral de",Volumen de agua disponible potabilizada,2018,289
15,"Navarra, Comunidad Foral de",Volumen de agua disponible potabilizada,2016,326
15,"Navarra, Comunidad Foral de",Volumen de agua disponible potabilizada,2014,307
15,"Navarra, Comunidad Foral de",Volumen de agua disponible potabilizada,2013,302
15,"Navarra, Comunidad Foral de",Volumen de agua disponible potabilizada,2012,360
15,"Navarra, Comunidad Foral de",Volumen de agua disponible potabilizada,2011,342
15,"Navarra, Comunidad Foral de",Volumen de agua disponible potabilizada,2010,315
15,"Navarra, Comunidad Foral de",Volumen de agua disponible potabilizada,2009,326
15,"Navarra, Comunidad Foral de",Volumen de agua disponible potabilizada,2008,326
15,"Navarra, Comunidad Foral de",Volumen de agua disponible potabilizada,2007,377
15,"Navarra, Comunidad Foral de",Volumen de agua disponible potabilizada,2006,414
15,"Navarra, Comunidad Foral de",Volumen de agua disponible potabilizada,2005,445
15,"Navarra, Comunidad Foral de",Volumen de agua disponible potabilizada,2004,294
15,"Navarra, Comunidad Foral de",Volumen de agua disponible potabilizada,2003,390
15,"Navarra, Comunidad Foral de",Volumen de agua disponible potabilizada,2002,343
15,"Navarra, Comunidad Foral de",Volumen de agua disponible potabilizada,2001,359
15,"Navarra, Comunidad Foral de",Volumen de agua disponible potabilizada,2000,338
15,"Navarra, Comunidad Foral de",Volumen de agua suministrada a la red de abastecimiento público,2022,311
15,"Navarra, Comunidad Foral de",Volumen de agua suministrada a la red de abastecimiento público,2020,298
15,"Navarra, Comunidad Foral de",Volumen de agua suministrada a la red de abastecimiento público,2018,281
15,"Navarra, Comunidad Foral de",Volumen de agua suministrada a la red de abastecimiento público,2016,262
15,"Navarra, Comunidad Foral de",Volumen de agua suministrada a la red de abastecimiento público,2014,261
15,"Navarra, Comunidad Foral de",Volumen de agua suministrada a la red de abastecimiento público,2013,267
15,"Navarra, Comunidad Foral de",Volumen de agua suministrada a la red de abastecimiento público,2012,313
15,"Navarra, Comunidad Foral de",Volumen de agua suministrada a la red de abastecimiento público,2011,331
15,"Navarra, Comunidad Foral de",Volumen de agua suministrada a la red de abastecimiento público,2010,302
15,"Navarra, Comunidad Foral de",Volumen de agua suministrada a la red de abastecimiento público,2009,324
15,"Navarra, Comunidad Foral de",Volumen de agua suministrada a la red de abastecimiento público,2008,306
15,"Navarra, Comunidad Foral de",Volumen de agua suministrada a la red de abastecimiento público,2007,295
15,"Navarra, Comunidad Foral de",Volumen de agua suministrada a la red de abastecimiento público,2006,305
15,"Navarra, Comunidad Foral de",Volumen de agua suministrada a la red de abastecimiento público,2005,301
15,"Navarra, Comunidad Foral de",Volumen de agua suministrada a la red de abastecimiento público,2004,285
15,"Navarra, Comunidad Foral de",Volumen de agua suministrada a la red de abastecimiento público,2003,368
15,"Navarra, Comunidad Foral de",Volumen de agua suministrada a la red de abastecimiento público,2002,333
15,"Navarra, Comunidad Foral de",Volumen de agua suministrada a la red de abastecimiento público,2001,334
15,"Navarra, Comunidad Foral de",Volumen de agua suministrada a la red de abastecimiento público,2000,333
15,"Navarra, Comunidad Foral de",Volumen total de agua registrada y distribuida,2022,243
15,"Navarra, Comunidad Foral de",Volumen total de agua registrada y distribuida,2020,232
15,"Navarra, Comunidad Foral de",Volumen total de agua registrada y distribuida,2018,219
15,"Navarra, Comunidad Foral de",Volumen total de agua registrada y distribuida,2016,212
15,"Navarra, Comunidad Foral de",Volumen total de agua registrada y distribuida,2014,208
15,"Navarra, Comunidad Foral de",Volumen total de agua registrada y distribuida,2013,208
15,"Navarra, Comunidad Foral de",Volumen total de agua registrada y distribuida,2012,239
15,"Navarra, Comunidad Foral de",Volumen total de agua registrada y distribuida,2011,258
15,"Navarra, Comunidad Foral de",Volumen total de agua registrada y distribuida,2010,240
15,"Navarra, Comunidad Foral de",Volumen total de agua registrada y distribuida,2009,254
15,"Navarra, Comunidad Foral de",Volumen total de agua registrada y distribuida,2008,247
15,"Navarra, Comunidad Foral de",Volumen total de agua registrada y distribuida,2007,241
15,"Navarra, Comunidad Foral de",Volumen total de agua registrada y distribuida,2006,263
15,"Navarra, Comunidad Foral de",Volumen total de agua registrada y distribuida,2005,258
15,"Navarra, Comunidad Foral de",Volumen total de agua registrada y distribuida,2004,246
15,"Navarra, Comunidad Foral de",Volumen total de agua registrada y distribuida,2003,305
15,"Navarra, Comunidad Foral de",Volumen total de agua registrada y distribuida,2002,291
15,"Navarra, Comunidad Foral de",Volumen total de agua registrada y distribuida,2001,276
15,"Navarra, Comunidad Foral de",Volumen total de agua registrada y distribuida,2000,285
15,"Navarra, Comunidad Foral de",Volumen de agua registrada y distribuida a los Hogares,2022,130
15,"Navarra, Comunidad Foral de",Volumen de agua registrada y distribuida a los Hogares,2020,120
15,"Navarra, Comunidad Foral de",Volumen de agua registrada y distribuida a los Hogares,2018,114
15,"Navarra, Comunidad Foral de",Volumen de agua registrada y distribuida a los Hogares,2016,112
15,"Navarra, Comunidad Foral de",Volumen de agua registrada y distribuida a los Hogares,2014,111
15,"Navarra, Comunidad Foral de",Volumen de agua registrada y distribuida a los Hogares,2013,112
15,"Navarra, Comunidad Foral de",Volumen de agua registrada y distribuida a los Hogares,2012,126
15,"Navarra, Comunidad Foral de",Volumen de agua registrada y distribuida a los Hogares,2011,132
15,"Navarra, Comunidad Foral de",Volumen de agua registrada y distribuida a los Hogares,2010,125
15,"Navarra, Comunidad Foral de",Volumen de agua registrada y distribuida a los Hogares,2009,132
15,"Navarra, Comunidad Foral de",Volumen de agua registrada y distribuida a los Hogares,2008,127
15,"Navarra, Comunidad Foral de",Volumen de agua registrada y distribuida a los Hogares,2007,123
15,"Navarra, Comunidad Foral de",Volumen de agua registrada y distribuida a los Hogares,2006,129
15,"Navarra, Comunidad Foral de",Volumen de agua registrada y distribuida a los Hogares,2005,135
15,"Navarra, Comunidad Foral de",Volumen de agua registrada y distribuida a los Hogares,2004,145
15,"Navarra, Comunidad Foral de",Volumen de agua registrada y distribuida a los Hogares,2003,155
15,"Navarra, Comunidad Foral de",Volumen de agua registrada y distribuida a los Hogares,2002,150
15,"Navarra, Comunidad Foral de",Volumen de agua registrada y distribuida a los Hogares,2001,148
15,"Navarra, Comunidad Foral de",Volumen de agua registrada y distribuida a los Hogares,2000,157
15,"Navarra, Comunidad Foral de",Volumen de agua no registrada,2022,68
15,"Navarra, Comunidad Foral de",Volumen de agua no registrada,2020,66
15,"Navarra, Comunidad Foral de",Volumen de agua no registrada,2018,62
15,"Navarra, Comunidad Foral de",Volumen de agua no registrada,2016,50
15,"Navarra, Comunidad Foral de",Volumen de agua no registrada,2014,53
15,"Navarra, Comunidad Foral de",Volumen de agua no registrada,2013,59
15,"Navarra, Comunidad Foral de",Volumen de agua no registrada,2012,74
15,"Navarra, Comunidad Foral de",Volumen de agua no registrada,2011,73
15,"Navarra, Comunidad Foral de",Volumen de agua no registrada,2010,62
15,"Navarra, Comunidad Foral de",Volumen de agua no registrada,2009,70
15,"Navarra, Comunidad Foral de",Volumen de agua no registrada,2008,59
15,"Navarra, Comunidad Foral de",Volumen de agua no registrada,2007,54
15,"Navarra, Comunidad Foral de",Volumen de agua no registrada,2006,..
15,"Navarra, Comunidad Foral de",Volumen de agua no registrada,2005,..
15,"Navarra, Comunidad Foral de",Volumen de agua no registrada,2004,..
15,"Navarra, Comunidad Foral de",Volumen de agua no registrada,2003,..
15,"Navarra, Comunidad Foral de",Volumen de agua no registrada,2002,..
15,"Navarra, Comunidad Foral de",Volumen de agua no registrada,2001,..
15,"Navarra, Comunidad Foral de",Volumen de agua no registrada,2000,..
15,"Navarra, Comunidad Foral de",Pérdidas reales,2022,53
15,"Navarra, Comunidad Foral de",Pérdidas reales,2020,55
15,"Navarra, Comunidad Foral de",Pérdidas reales,2018,51
15,"Navarra, Comunidad Foral de",Pérdidas reales,2016,40
15,"Navarra, Comunidad Foral de",Pérdidas reales,2014,46
15,"Navarra, Comunidad Foral de",Pérdidas reales,2013,48
15,"Navarra, Comunidad Foral de",Pérdidas reales,2012,49
15,"Navarra, Comunidad Foral de",Pérdidas reales,2011,57
15,"Navarra, Comunidad Foral de",Pérdidas reales,2010,53
15,"Navarra, Comunidad Foral de",Pérdidas reales,2009,50
15,"Navarra, Comunidad Foral de",Pérdidas reales,2008,39
15,"Navarra, Comunidad Foral de",Pérdidas reales,2007,35
15,"Navarra, Comunidad Foral de",Pérdidas reales,2006,42
15,"Navarra, Comunidad Foral de",Pérdidas reales,2005,44
15,"Navarra, Comunidad Foral de",Pérdidas reales,2004,38
15,"Navarra, Comunidad Foral de",Pérdidas reales,2003,63
15,"Navarra, Comunidad Foral de",Pérdidas reales,2002,42
15,"Navarra, Comunidad Foral de",Pérdidas reales,2001,58
15,"Navarra, Comunidad Foral de",Pérdidas reales,2000,49
15,"Navarra, Comunidad Foral de",Pérdidas aparentes,2022,15
15,"Navarra, Comunidad Foral de",Pérdidas aparentes,2020,11
15,"Navarra, Comunidad Foral de",Pérdidas aparentes,2018,11
15,"Navarra, Comunidad Foral de",Pérdidas aparentes,2016,10
15,"Navarra, Comunidad Foral de",Pérdidas aparentes,2014,7
15,"Navarra, Comunidad Foral de",Pérdidas aparentes,2013,11
15,"Navarra, Comunidad Foral de",Pérdidas aparentes,2012,25
15,"Navarra, Comunidad Foral de",Pérdidas aparentes,2011,16
15,"Navarra, Comunidad Foral de",Pérdidas aparentes,2010,9
15,"Navarra, Comunidad Foral de",Pérdidas aparentes,2009,20
15,"Navarra, Comunidad Foral de",Pérdidas aparentes,2008,20
15,"Navarra, Comunidad Foral de",Pérdidas aparentes,2007,19
15,"Navarra, Comunidad Foral de",Pérdidas aparentes,2006,..
15,"Navarra, Comunidad Foral de",Pérdidas aparentes,2005,..
15,"Navarra, Comunidad Foral de",Pérdidas aparentes,2004,..
15,"Navarra, Comunidad Foral de",Pérdidas aparentes,2003,..
15,"Navarra, Comunidad Foral de",Pérdidas aparentes,2002,..
15,"Navarra, Comunidad Foral de",Pérdidas aparentes,2001,..
15,"Navarra, Comunidad Foral de",Pérdidas aparentes,2000,..
15,"Navarra, Comunidad Foral de",Porcentaje de pérdidas reales sobre el volumen de agua suministrada,2022,"16,9"
15,"Navarra, Comunidad Foral de",Porcentaje de pérdidas reales sobre el volumen de agua suministrada,2020,"18,5"
15,"Navarra, Comunidad Foral de",Porcentaje de pérdidas reales sobre el volumen de agua suministrada,2018,"18,0"
15,"Navarra, Comunidad Foral de",Porcentaje de pérdidas reales sobre el volumen de agua suministrada,2016,"15,3"
15,"Navarra, Comunidad Foral de",Porcentaje de pérdidas reales sobre el volumen de agua suministrada,2014,"17,6"
15,"Navarra, Comunidad Foral de",Porcentaje de pérdidas reales sobre el volumen de agua suministrada,2013,"17,9"
15,"Navarra, Comunidad Foral de",Porcentaje de pérdidas reales sobre el volumen de agua suministrada,2012,"15,5"
15,"Navarra, Comunidad Foral de",Porcentaje de pérdidas reales sobre el volumen de agua suministrada,2011,"17,1"
15,"Navarra, Comunidad Foral de",Porcentaje de pérdidas reales sobre el volumen de agua suministrada,2010,"17,6"
15,"Navarra, Comunidad Foral de",Porcentaje de pérdidas reales sobre el volumen de agua suministrada,2009,"15,3"
15,"Navarra, Comunidad Foral de",Porcentaje de pérdidas reales sobre el volumen de agua suministrada,2008,"12,9"
15,"Navarra, Comunidad Foral de",Porcentaje de pérdidas reales sobre el volumen de agua suministrada,2007,"11,9"
15,"Navarra, Comunidad Foral de",Porcentaje de pérdidas reales sobre el volumen de agua suministrada,2006,"13,9"
15,"Navarra, Comunidad Foral de",Porcentaje de pérdidas reales sobre el volumen de agua suministrada,2005,"14,5"
15,"Navarra, Comunidad Foral de",Porcentaje de pérdidas reales sobre el volumen de agua suministrada,2004,"13,5"
15,"Navarra, Comunidad Foral de",Porcentaje de pérdidas reales sobre el volumen de agua suministrada,2003,"17,1"
15,"Navarra, Comunidad Foral de",Porcentaje de pérdidas reales sobre el volumen de agua suministrada,2002,"12,6"
15,"Navarra, Comunidad Foral de",Porcentaje de pérdidas reales sobre el volumen de agua suministrada,2001,"17,4"
15,"Navarra, Comunidad Foral de",Porcentaje de pérdidas reales sobre el volumen de agua suministrada,2000,"14,7"
16,País Vasco,Volumen de agua disponible potabilizada,2022,147
16,País Vasco,Volumen de agua disponible potabilizada,2020,246
16,País Vasco,Volumen de agua disponible potabilizada,2018,253
16,País Vasco,Volumen de agua disponible potabilizada,2016,236
16,País Vasco,Volumen de agua disponible potabilizada,2014,265
16,País Vasco,Volumen de agua disponible potabilizada,2013,285
16,País Vasco,Volumen de agua disponible potabilizada,2012,261
16,País Vasco,Volumen de agua disponible potabilizada,2011,289
16,País Vasco,Volumen de agua disponible potabilizada,2010,312
16,País Vasco,Volumen de agua disponible potabilizada,2009,309
16,País Vasco,Volumen de agua disponible potabilizada,2008,337
16,País Vasco,Volumen de agua disponible potabilizada,2007,346
16,País Vasco,Volumen de agua disponible potabilizada,2006,323
16,País Vasco,Volumen de agua disponible potabilizada,2005,362
16,País Vasco,Volumen de agua disponible potabilizada,2004,381
16,País Vasco,Volumen de agua disponible potabilizada,2003,547
16,País Vasco,Volumen de agua disponible potabilizada,2002,478
16,País Vasco,Volumen de agua disponible potabilizada,2001,485
16,País Vasco,Volumen de agua disponible potabilizada,2000,360
16,País Vasco,Volumen de agua suministrada a la red de abastecimiento público,2022,190
16,País Vasco,Volumen de agua suministrada a la red de abastecimiento público,2020,188
16,País Vasco,Volumen de agua suministrada a la red de abastecimiento público,2018,195
16,País Vasco,Volumen de agua suministrada a la red de abastecimiento público,2016,212
16,País Vasco,Volumen de agua suministrada a la red de abastecimiento público,2014,234
16,País Vasco,Volumen de agua suministrada a la red de abastecimiento público,2013,243
16,País Vasco,Volumen de agua suministrada a la red de abastecimiento público,2012,250
16,País Vasco,Volumen de agua suministrada a la red de abastecimiento público,2011,288
16,País Vasco,Volumen de agua suministrada a la red de abastecimiento público,2010,296
16,País Vasco,Volumen de agua suministrada a la red de abastecimiento público,2009,292
16,País Vasco,Volumen de agua suministrada a la red de abastecimiento público,2008,313
16,País Vasco,Volumen de agua suministrada a la red de abastecimiento público,2007,303
16,País Vasco,Volumen de agua suministrada a la red de abastecimiento público,2006,278
16,País Vasco,Volumen de agua suministrada a la red de abastecimiento público,2005,299
16,País Vasco,Volumen de agua suministrada a la red de abastecimiento público,2004,306
16,País Vasco,Volumen de agua suministrada a la red de abastecimiento público,2003,319
16,País Vasco,Volumen de agua suministrada a la red de abastecimiento público,2002,343
16,País Vasco,Volumen de agua suministrada a la red de abastecimiento público,2001,360
16,País Vasco,Volumen de agua suministrada a la red de abastecimiento público,2000,349
16,País Vasco,Volumen total de agua registrada y distribuida,2022,142
16,País Vasco,Volumen total de agua registrada y distribuida,2020,147
16,País Vasco,Volumen total de agua registrada y distribuida,2018,155
16,País Vasco,Volumen total de agua registrada y distribuida,2016,173
16,País Vasco,Volumen total de agua registrada y distribuida,2014,185
16,País Vasco,Volumen total de agua registrada y distribuida,2013,194
16,País Vasco,Volumen total de agua registrada y distribuida,2012,195
16,País Vasco,Volumen total de agua registrada y distribuida,2011,221
16,País Vasco,Volumen total de agua registrada y distribuida,2010,230
16,País Vasco,Volumen total de agua registrada y distribuida,2009,236
16,País Vasco,Volumen total de agua registrada y distribuida,2008,258
16,País Vasco,Volumen total de agua registrada y distribuida,2007,249
16,País Vasco,Volumen total de agua registrada y distribuida,2006,243
16,País Vasco,Volumen total de agua registrada y distribuida,2005,262
16,País Vasco,Volumen total de agua registrada y distribuida,2004,278
16,País Vasco,Volumen total de agua registrada y distribuida,2003,279
16,País Vasco,Volumen total de agua registrada y distribuida,2002,257
16,País Vasco,Volumen total de agua registrada y distribuida,2001,266
16,País Vasco,Volumen total de agua registrada y distribuida,2000,246
16,País Vasco,Volumen de agua registrada y distribuida a los Hogares,2022,85
16,País Vasco,Volumen de agua registrada y distribuida a los Hogares,2020,97
16,País Vasco,Volumen de agua registrada y distribuida a los Hogares,2018,104
16,País Vasco,Volumen de agua registrada y distribuida a los Hogares,2016,112
16,País Vasco,Volumen de agua registrada y distribuida a los Hogares,2014,116
16,País Vasco,Volumen de agua registrada y distribuida a los Hogares,2013,123
16,País Vasco,Volumen de agua registrada y distribuida a los Hogares,2012,116
16,País Vasco,Volumen de agua registrada y distribuida a los Hogares,2011,115
16,País Vasco,Volumen de agua registrada y distribuida a los Hogares,2010,120
16,País Vasco,Volumen de agua registrada y distribuida a los Hogares,2009,123
16,País Vasco,Volumen de agua registrada y distribuida a los Hogares,2008,137
16,País Vasco,Volumen de agua registrada y distribuida a los Hogares,2007,123
16,País Vasco,Volumen de agua registrada y distribuida a los Hogares,2006,129
16,País Vasco,Volumen de agua registrada y distribuida a los Hogares,2005,140
16,País Vasco,Volumen de agua registrada y distribuida a los Hogares,2004,151
16,País Vasco,Volumen de agua registrada y distribuida a los Hogares,2003,150
16,País Vasco,Volumen de agua registrada y distribuida a los Hogares,2002,148
16,País Vasco,Volumen de agua registrada y distribuida a los Hogares,2001,151
16,País Vasco,Volumen de agua registrada y distribuida a los Hogares,2000,155
16,País Vasco,Volumen de agua no registrada,2022,48
16,País Vasco,Volumen de agua no registrada,2020,41
16,País Vasco,Volumen de agua no registrada,2018,40
16,País Vasco,Volumen de agua no registrada,2016,39
16,País Vasco,Volumen de agua no registrada,2014,49
16,País Vasco,Volumen de agua no registrada,2013,49
16,País Vasco,Volumen de agua no registrada,2012,55
16,País Vasco,Volumen de agua no registrada,2011,67
16,País Vasco,Volumen de agua no registrada,2010,66
16,País Vasco,Volumen de agua no registrada,2009,56
16,País Vasco,Volumen de agua no registrada,2008,55
16,País Vasco,Volumen de agua no registrada,2007,54
16,País Vasco,Volumen de agua no registrada,2006,..
16,País Vasco,Volumen de agua no registrada,2005,..
16,País Vasco,Volumen de agua no registrada,2004,..
16,País Vasco,Volumen de agua no registrada,2003,..
16,País Vasco,Volumen de agua no registrada,2002,..
16,País Vasco,Volumen de agua no registrada,2001,..
16,País Vasco,Volumen de agua no registrada,2000,..
16,País Vasco,Pérdidas reales,2022,30
16,País Vasco,Pérdidas reales,2020,25
16,País Vasco,Pérdidas reales,2018,25
16,País Vasco,Pérdidas reales,2016,18
16,País Vasco,Pérdidas reales,2014,21
16,País Vasco,Pérdidas reales,2013,16
16,País Vasco,Pérdidas reales,2012,30
16,País Vasco,Pérdidas reales,2011,49
16,País Vasco,Pérdidas reales,2010,46
16,País Vasco,Pérdidas reales,2009,43
16,País Vasco,Pérdidas reales,2008,46
16,País Vasco,Pérdidas reales,2007,46
16,País Vasco,Pérdidas reales,2006,35
16,País Vasco,Pérdidas reales,2005,37
16,País Vasco,Pérdidas reales,2004,28
16,País Vasco,Pérdidas reales,2003,39
16,País Vasco,Pérdidas reales,2002,86
16,País Vasco,Pérdidas reales,2001,93
16,País Vasco,Pérdidas reales,2000,102
16,País Vasco,Pérdidas aparentes,2022,18
16,País Vasco,Pérdidas aparentes,2020,16
16,País Vasco,Pérdidas aparentes,2018,15
16,País Vasco,Pérdidas aparentes,2016,21
16,País Vasco,Pérdidas aparentes,2014,28
16,País Vasco,Pérdidas aparentes,2013,33
16,País Vasco,Pérdidas aparentes,2012,25
16,País Vasco,Pérdidas aparentes,2011,18
16,País Vasco,Pérdidas aparentes,2010,20
16,País Vasco,Pérdidas aparentes,2009,13
16,País Vasco,Pérdidas aparentes,2008,9
16,País Vasco,Pérdidas aparentes,2007,8
16,País Vasco,Pérdidas aparentes,2006,..
16,País Vasco,Pérdidas aparentes,2005,..
16,País Vasco,Pérdidas aparentes,2004,..
16,País Vasco,Pérdidas aparentes,2003,..
16,País Vasco,Pérdidas aparentes,2002,..
16,País Vasco,Pérdidas aparentes,2001,..
16,País Vasco,Pérdidas aparentes,2000,..
16,País Vasco,Porcentaje de pérdidas reales sobre el volumen de agua suministrada,2022,"15,8"
16,País Vasco,Porcentaje de pérdidas reales sobre el volumen de agua suministrada,2020,"13,2"
16,País Vasco,Porcentaje de pérdidas reales sobre el volumen de agua suministrada,2018,"12,8"
16,País Vasco,Porcentaje de pérdidas reales sobre el volumen de agua suministrada,2016,"8,4"
16,País Vasco,Porcentaje de pérdidas reales sobre el volumen de agua suministrada,2014,"8,9"
16,País Vasco,Porcentaje de pérdidas reales sobre el volumen de agua suministrada,2013,"6,5"
16,País Vasco,Porcentaje de pérdidas reales sobre el volumen de agua suministrada,2012,"12,0"
16,País Vasco,Porcentaje de pérdidas reales sobre el volumen de agua suministrada,2011,"17,1"
16,País Vasco,Porcentaje de pérdidas reales sobre el volumen de agua suministrada,2010,"15,7"
16,País Vasco,Porcentaje de pérdidas reales sobre el volumen de agua suministrada,2009,"14,8"
16,País Vasco,Porcentaje de pérdidas reales sobre el volumen de agua suministrada,2008,"14,5"
16,País Vasco,Porcentaje de pérdidas reales sobre el volumen de agua suministrada,2007,"15,1"
16,País Vasco,Porcentaje de pérdidas reales sobre el volumen de agua suministrada,2006,"12,7"
16,País Vasco,Porcentaje de pérdidas reales sobre el volumen de agua suministrada,2005,"12,4"
16,País Vasco,Porcentaje de pérdidas reales sobre el volumen de agua suministrada,2004,"9,1"
16,País Vasco,Porcentaje de pérdidas reales sobre el volumen de agua suministrada,2003,"12,3"
16,País Vasco,Porcentaje de pérdidas reales sobre el volumen de agua suministrada,2002,"25,0"
16,País Vasco,Porcentaje de pérdidas reales sobre el volumen de agua suministrada,2001,"26,0"
16,País Vasco,Porcentaje de pérdidas reales sobre el volumen de agua suministrada,2000,"29,3"
17,"Rioja, La",Volumen de agua disponible potabilizada,2022,480
17,"Rioja, La",Volumen de agua disponible potabilizada,2020,393
17,"Rioja, La",Volumen de agua disponible potabilizada,2018,408
17,"Rioja, La",Volumen de agua disponible potabilizada,2016,323
17,"Rioja, La",Volumen de agua disponible potabilizada,2014,308
17,"Rioja, La",Volumen de agua disponible potabilizada,2013,402
17,"Rioja, La",Volumen de agua disponible potabilizada,2012,400
17,"Rioja, La",Volumen de agua disponible potabilizada,2011,388
17,"Rioja, La",Volumen de agua disponible potabilizada,2010,393
17,"Rioja, La",Volumen de agua disponible potabilizada,2009,393
17,"Rioja, La",Volumen de agua disponible potabilizada,2008,555
17,"Rioja, La",Volumen de agua disponible potabilizada,2007,347
17,"Rioja, La",Volumen de agua disponible potabilizada,2006,385
17,"Rioja, La",Volumen de agua disponible potabilizada,2005,441
17,"Rioja, La",Volumen de agua disponible potabilizada,2004,396
17,"Rioja, La",Volumen de agua disponible potabilizada,2003,411
17,"Rioja, La",Volumen de agua disponible potabilizada,2002,490
17,"Rioja, La",Volumen de agua disponible potabilizada,2001,448
17,"Rioja, La",Volumen de agua disponible potabilizada,2000,472
17,"Rioja, La",Volumen de agua suministrada a la red de abastecimiento público,2022,382
17,"Rioja, La",Volumen de agua suministrada a la red de abastecimiento público,2020,363
17,"Rioja, La",Volumen de agua suministrada a la red de abastecimiento público,2018,384
17,"Rioja, La",Volumen de agua suministrada a la red de abastecimiento público,2016,318
17,"Rioja, La",Volumen de agua suministrada a la red de abastecimiento público,2014,299
17,"Rioja, La",Volumen de agua suministrada a la red de abastecimiento público,2013,337
17,"Rioja, La",Volumen de agua suministrada a la red de abastecimiento público,2012,319
17,"Rioja, La",Volumen de agua suministrada a la red de abastecimiento público,2011,332
17,"Rioja, La",Volumen de agua suministrada a la red de abastecimiento público,2010,344
17,"Rioja, La",Volumen de agua suministrada a la red de abastecimiento público,2009,354
17,"Rioja, La",Volumen de agua suministrada a la red de abastecimiento público,2008,418
17,"Rioja, La",Volumen de agua suministrada a la red de abastecimiento público,2007,364
17,"Rioja, La",Volumen de agua suministrada a la red de abastecimiento público,2006,323
17,"Rioja, La",Volumen de agua suministrada a la red de abastecimiento público,2005,314
17,"Rioja, La",Volumen de agua suministrada a la red de abastecimiento público,2004,337
17,"Rioja, La",Volumen de agua suministrada a la red de abastecimiento público,2003,316
17,"Rioja, La",Volumen de agua suministrada a la red de abastecimiento público,2002,457
17,"Rioja, La",Volumen de agua suministrada a la red de abastecimiento público,2001,418
17,"Rioja, La",Volumen de agua suministrada a la red de abastecimiento público,2000,456
17,"Rioja, La",Volumen total de agua registrada y distribuida,2022,240
17,"Rioja, La",Volumen total de agua registrada y distribuida,2020,217
17,"Rioja, La",Volumen total de agua registrada y distribuida,2018,239
17,"Rioja, La",Volumen total de agua registrada y distribuida,2016,186
17,"Rioja, La",Volumen total de agua registrada y distribuida,2014,192
17,"Rioja, La",Volumen total de agua registrada y distribuida,2013,207
17,"Rioja, La",Volumen total de agua registrada y distribuida,2012,209
17,"Rioja, La",Volumen total de agua registrada y distribuida,2011,244
17,"Rioja, La",Volumen total de agua registrada y distribuida,2010,240
17,"Rioja, La",Volumen total de agua registrada y distribuida,2009,253
17,"Rioja, La",Volumen total de agua registrada y distribuida,2008,279
17,"Rioja, La",Volumen total de agua registrada y distribuida,2007,271
17,"Rioja, La",Volumen total de agua registrada y distribuida,2006,270
17,"Rioja, La",Volumen total de agua registrada y distribuida,2005,262
17,"Rioja, La",Volumen total de agua registrada y distribuida,2004,272
17,"Rioja, La",Volumen total de agua registrada y distribuida,2003,244
17,"Rioja, La",Volumen total de agua registrada y distribuida,2002,384
17,"Rioja, La",Volumen total de agua registrada y distribuida,2001,351
17,"Rioja, La",Volumen total de agua registrada y distribuida,2000,403
17,"Rioja, La",Volumen de agua registrada y distribuida a los Hogares,2022,119
17,"Rioja, La",Volumen de agua registrada y distribuida a los Hogares,2020,124
17,"Rioja, La",Volumen de agua registrada y distribuida a los Hogares,2018,116
17,"Rioja, La",Volumen de agua registrada y distribuida a los Hogares,2016,115
17,"Rioja, La",Volumen de agua registrada y distribuida a los Hogares,2014,106
17,"Rioja, La",Volumen de agua registrada y distribuida a los Hogares,2013,112
17,"Rioja, La",Volumen de agua registrada y distribuida a los Hogares,2012,130
17,"Rioja, La",Volumen de agua registrada y distribuida a los Hogares,2011,120
17,"Rioja, La",Volumen de agua registrada y distribuida a los Hogares,2010,119
17,"Rioja, La",Volumen de agua registrada y distribuida a los Hogares,2009,130
17,"Rioja, La",Volumen de agua registrada y distribuida a los Hogares,2008,148
17,"Rioja, La",Volumen de agua registrada y distribuida a los Hogares,2007,149
17,"Rioja, La",Volumen de agua registrada y distribuida a los Hogares,2006,149
17,"Rioja, La",Volumen de agua registrada y distribuida a los Hogares,2005,145
17,"Rioja, La",Volumen de agua registrada y distribuida a los Hogares,2004,141
17,"Rioja, La",Volumen de agua registrada y distribuida a los Hogares,2003,136
17,"Rioja, La",Volumen de agua registrada y distribuida a los Hogares,2002,140
17,"Rioja, La",Volumen de agua registrada y distribuida a los Hogares,2001,143
17,"Rioja, La",Volumen de agua registrada y distribuida a los Hogares,2000,179
17,"Rioja, La",Volumen de agua no registrada,2022,142
17,"Rioja, La",Volumen de agua no registrada,2020,146
17,"Rioja, La",Volumen de agua no registrada,2018,145
17,"Rioja, La",Volumen de agua no registrada,2016,132
17,"Rioja, La",Volumen de agua no registrada,2014,107
17,"Rioja, La",Volumen de agua no registrada,2013,130
17,"Rioja, La",Volumen de agua no registrada,2012,110
17,"Rioja, La",Volumen de agua no registrada,2011,88
17,"Rioja, La",Volumen de agua no registrada,2010,104
17,"Rioja, La",Volumen de agua no registrada,2009,101
17,"Rioja, La",Volumen de agua no registrada,2008,139
17,"Rioja, La",Volumen de agua no registrada,2007,93
17,"Rioja, La",Volumen de agua no registrada,2006,..
17,"Rioja, La",Volumen de agua no registrada,2005,..
17,"Rioja, La",Volumen de agua no registrada,2004,..
17,"Rioja, La",Volumen de agua no registrada,2003,..
17,"Rioja, La",Volumen de agua no registrada,2002,..
17,"Rioja, La",Volumen de agua no registrada,2001,..
17,"Rioja, La",Volumen de agua no registrada,2000,..
17,"Rioja, La",Pérdidas reales,2022,69
17,"Rioja, La",Pérdidas reales,2020,78
17,"Rioja, La",Pérdidas reales,2018,64
17,"Rioja, La",Pérdidas reales,2016,58
17,"Rioja, La",Pérdidas reales,2014,42
17,"Rioja, La",Pérdidas reales,2013,55
17,"Rioja, La",Pérdidas reales,2012,55
17,"Rioja, La",Pérdidas reales,2011,71
17,"Rioja, La",Pérdidas reales,2010,66
17,"Rioja, La",Pérdidas reales,2009,64
17,"Rioja, La",Pérdidas reales,2008,92
17,"Rioja, La",Pérdidas reales,2007,59
17,"Rioja, La",Pérdidas reales,2006,53
17,"Rioja, La",Pérdidas reales,2005,51
17,"Rioja, La",Pérdidas reales,2004,65
17,"Rioja, La",Pérdidas reales,2003,73
17,"Rioja, La",Pérdidas reales,2002,73
17,"Rioja, La",Pérdidas reales,2001,67
17,"Rioja, La",Pérdidas reales,2000,53
17,"Rioja, La",Pérdidas aparentes,2022,74
17,"Rioja, La",Pérdidas aparentes,2020,68
17,"Rioja, La",Pérdidas aparentes,2018,81
17,"Rioja, La",Pérdidas aparentes,2016,74
17,"Rioja, La",Pérdidas aparentes,2014,65
17,"Rioja, La",Pérdidas aparentes,2013,75
17,"Rioja, La",Pérdidas aparentes,2012,55
17,"Rioja, La",Pérdidas aparentes,2011,17
17,"Rioja, La",Pérdidas aparentes,2010,38
17,"Rioja, La",Pérdidas aparentes,2009,37
17,"Rioja, La",Pérdidas aparentes,2008,47
17,"Rioja, La",Pérdidas aparentes,2007,34
17,"Rioja, La",Pérdidas aparentes,2006,..
17,"Rioja, La",Pérdidas aparentes,2005,..
17,"Rioja, La",Pérdidas aparentes,2004,..
17,"Rioja, La",Pérdidas aparentes,2003,..
17,"Rioja, La",Pérdidas aparentes,2002,..
17,"Rioja, La",Pérdidas aparentes,2001,..
17,"Rioja, La",Pérdidas aparentes,2000,..
17,"Rioja, La",Porcentaje de pérdidas reales sobre el volumen de agua suministrada,2022,"58,6"
17,"Rioja, La",Porcentaje de pérdidas reales sobre el volumen de agua suministrada,2020,"21,5"
17,"Rioja, La",Porcentaje de pérdidas reales sobre el volumen de agua suministrada,2018,"16,7"
17,"Rioja, La",Porcentaje de pérdidas reales sobre el volumen de agua suministrada,2016,"18,2"
17,"Rioja, La",Porcentaje de pérdidas reales sobre el volumen de agua suministrada,2014,"14,0"
17,"Rioja, La",Porcentaje de pérdidas reales sobre el volumen de agua suministrada,2013,"16,2"
17,"Rioja, La",Porcentaje de pérdidas reales sobre el volumen de agua suministrada,2012,"17,4"
17,"Rioja, La",Porcentaje de pérdidas reales sobre el volumen de agua suministrada,2011,"21,3"
17,"Rioja, La",Porcentaje de pérdidas reales sobre el volumen de agua suministrada,2010,"19,1"
17,"Rioja, La",Porcentaje de pérdidas reales sobre el volumen de agua suministrada,2009,"18,0"
17,"Rioja, La",Porcentaje de pérdidas reales sobre el volumen de agua suministrada,2008,"22,0"
17,"Rioja, La",Porcentaje de pérdidas reales sobre el volumen de agua suministrada,2007,"16,3"
17,"Rioja, La",Porcentaje de pérdidas reales sobre el volumen de agua suministrada,2006,"16,3"
17,"Rioja, La",Porcentaje de pérdidas reales sobre el volumen de agua suministrada,2005,"16,3"
17,"Rioja, La",Porcentaje de pérdidas reales sobre el volumen de agua suministrada,2004,"19,3"
17,"Rioja, La",Porcentaje de pérdidas reales sobre el volumen de agua suministrada,2003,"23,0"
17,"Rioja, La",Porcentaje de pérdidas reales sobre el volumen de agua suministrada,2002,"16,0"
17,"Rioja, La",Porcentaje de pérdidas reales sobre el volumen de agua suministrada,2001,"16,1"
17,"Rioja, La",Porcentaje de pérdidas reales sobre el volumen de agua suministrada,2000,"11,6"
18,Ceuta y Melilla,Volumen de agua disponible potabilizada,2022,212
18,Ceuta y Melilla,Volumen de agua disponible potabilizada,2020,353
18,Ceuta y Melilla,Volumen de agua disponible potabilizada,2018,322
18,Ceuta y Melilla,Volumen de agua disponible potabilizada,2016,334
18,Ceuta y Melilla,Volumen de agua disponible potabilizada,2014,327
18,Ceuta y Melilla,Volumen de agua disponible potabilizada,2013,332
18,Ceuta y Melilla,Volumen de agua disponible potabilizada,2012,353
18,Ceuta y Melilla,Volumen de agua disponible potabilizada,2011,322
18,Ceuta y Melilla,Volumen de agua disponible potabilizada,2010,357
18,Ceuta y Melilla,Volumen de agua disponible potabilizada,2009,385
18,Ceuta y Melilla,Volumen de agua disponible potabilizada,2008,441
18,Ceuta y Melilla,Volumen de agua disponible potabilizada,2007,375
18,Ceuta y Melilla,Volumen de agua disponible potabilizada,2006,390
18,Ceuta y Melilla,Volumen de agua disponible potabilizada,2005,395
18,Ceuta y Melilla,Volumen de agua disponible potabilizada,2004,373
18,Ceuta y Melilla,Volumen de agua disponible potabilizada,2003,422
18,Ceuta y Melilla,Volumen de agua disponible potabilizada,2002,447
18,Ceuta y Melilla,Volumen de agua disponible potabilizada,2001,357
18,Ceuta y Melilla,Volumen de agua disponible potabilizada,2000,402
18,Ceuta y Melilla,Volumen de agua suministrada a la red de abastecimiento público,2022,232
18,Ceuta y Melilla,Volumen de agua suministrada a la red de abastecimiento público,2020,320
18,Ceuta y Melilla,Volumen de agua suministrada a la red de abastecimiento público,2018,308
18,Ceuta y Melilla,Volumen de agua suministrada a la red de abastecimiento público,2016,330
18,Ceuta y Melilla,Volumen de agua suministrada a la red de abastecimiento público,2014,326
18,Ceuta y Melilla,Volumen de agua suministrada a la red de abastecimiento público,2013,326
18,Ceuta y Melilla,Volumen de agua suministrada a la red de abastecimiento público,2012,352
18,Ceuta y Melilla,Volumen de agua suministrada a la red de abastecimiento público,2011,314
18,Ceuta y Melilla,Volumen de agua suministrada a la red de abastecimiento público,2010,354
18,Ceuta y Melilla,Volumen de agua suministrada a la red de abastecimiento público,2009,363
18,Ceuta y Melilla,Volumen de agua suministrada a la red de abastecimiento público,2008,411
18,Ceuta y Melilla,Volumen de agua suministrada a la red de abastecimiento público,2007,375
18,Ceuta y Melilla,Volumen de agua suministrada a la red de abastecimiento público,2006,291
18,Ceuta y Melilla,Volumen de agua suministrada a la red de abastecimiento público,2005,327
18,Ceuta y Melilla,Volumen de agua suministrada a la red de abastecimiento público,2004,204
18,Ceuta y Melilla,Volumen de agua suministrada a la red de abastecimiento público,2003,286
18,Ceuta y Melilla,Volumen de agua suministrada a la red de abastecimiento público,2002,259
18,Ceuta y Melilla,Volumen de agua suministrada a la red de abastecimiento público,2001,335
18,Ceuta y Melilla,Volumen de agua suministrada a la red de abastecimiento público,2000,294
18,Ceuta y Melilla,Volumen total de agua registrada y distribuida,2022,166
18,Ceuta y Melilla,Volumen total de agua registrada y distribuida,2020,173
18,Ceuta y Melilla,Volumen total de agua registrada y distribuida,2018,162
18,Ceuta y Melilla,Volumen total de agua registrada y distribuida,2016,140
18,Ceuta y Melilla,Volumen total de agua registrada y distribuida,2014,142
18,Ceuta y Melilla,Volumen total de agua registrada y distribuida,2013,143
18,Ceuta y Melilla,Volumen total de agua registrada y distribuida,2012,146
18,Ceuta y Melilla,Volumen total de agua registrada y distribuida,2011,220
18,Ceuta y Melilla,Volumen total de agua registrada y distribuida,2010,213
18,Ceuta y Melilla,Volumen total de agua registrada y distribuida,2009,167
18,Ceuta y Melilla,Volumen total de agua registrada y distribuida,2008,173
18,Ceuta y Melilla,Volumen total de agua registrada y distribuida,2007,176
18,Ceuta y Melilla,Volumen total de agua registrada y distribuida,2006,191
18,Ceuta y Melilla,Volumen total de agua registrada y distribuida,2005,192
18,Ceuta y Melilla,Volumen total de agua registrada y distribuida,2004,193
18,Ceuta y Melilla,Volumen total de agua registrada y distribuida,2003,194
18,Ceuta y Melilla,Volumen total de agua registrada y distribuida,2002,191
18,Ceuta y Melilla,Volumen total de agua registrada y distribuida,2001,192
18,Ceuta y Melilla,Volumen total de agua registrada y distribuida,2000,196
18,Ceuta y Melilla,Volumen de agua registrada y distribuida a los Hogares,2022,147
18,Ceuta y Melilla,Volumen de agua registrada y distribuida a los Hogares,2020,122
18,Ceuta y Melilla,Volumen de agua registrada y distribuida a los Hogares,2018,119
18,Ceuta y Melilla,Volumen de agua registrada y distribuida a los Hogares,2016,103
18,Ceuta y Melilla,Volumen de agua registrada y distribuida a los Hogares,2014,105
18,Ceuta y Melilla,Volumen de agua registrada y distribuida a los Hogares,2013,106
18,Ceuta y Melilla,Volumen de agua registrada y distribuida a los Hogares,2012,109
18,Ceuta y Melilla,Volumen de agua registrada y distribuida a los Hogares,2011,156
18,Ceuta y Melilla,Volumen de agua registrada y distribuida a los Hogares,2010,151
18,Ceuta y Melilla,Volumen de agua registrada y distribuida a los Hogares,2009,118
18,Ceuta y Melilla,Volumen de agua registrada y distribuida a los Hogares,2008,127
18,Ceuta y Melilla,Volumen de agua registrada y distribuida a los Hogares,2007,129
18,Ceuta y Melilla,Volumen de agua registrada y distribuida a los Hogares,2006,142
18,Ceuta y Melilla,Volumen de agua registrada y distribuida a los Hogares,2005,141
18,Ceuta y Melilla,Volumen de agua registrada y distribuida a los Hogares,2004,149
18,Ceuta y Melilla,Volumen de agua registrada y distribuida a los Hogares,2003,146
18,Ceuta y Melilla,Volumen de agua registrada y distribuida a los Hogares,2002,156
18,Ceuta y Melilla,Volumen de agua registrada y distribuida a los Hogares,2001,159
18,Ceuta y Melilla,Volumen de agua registrada y distribuida a los Hogares,2000,159
18,Ceuta y Melilla,Volumen de agua no registrada,2022,176
18,Ceuta y Melilla,Volumen de agua no registrada,2020,147
18,Ceuta y Melilla,Volumen de agua no registrada,2018,146
18,Ceuta y Melilla,Volumen de agua no registrada,2016,190
18,Ceuta y Melilla,Volumen de agua no registrada,2014,184
18,Ceuta y Melilla,Volumen de agua no registrada,2013,183
18,Ceuta y Melilla,Volumen de agua no registrada,2012,206
18,Ceuta y Melilla,Volumen de agua no registrada,2011,94
18,Ceuta y Melilla,Volumen de agua no registrada,2010,141
18,Ceuta y Melilla,Volumen de agua no registrada,2009,196
18,Ceuta y Melilla,Volumen de agua no registrada,2008,238
18,Ceuta y Melilla,Volumen de agua no registrada,2007,199
18,Ceuta y Melilla,Volumen de agua no registrada,2006,..
18,Ceuta y Melilla,Volumen de agua no registrada,2005,..
18,Ceuta y Melilla,Volumen de agua no registrada,2004,..
18,Ceuta y Melilla,Volumen de agua no registrada,2003,..
18,Ceuta y Melilla,Volumen de agua no registrada,2002,..
18,Ceuta y Melilla,Volumen de agua no registrada,2001,..
18,Ceuta y Melilla,Volumen de agua no registrada,2000,..
18,Ceuta y Melilla,Pérdidas reales,2022,66
18,Ceuta y Melilla,Pérdidas reales,2020,80
18,Ceuta y Melilla,Pérdidas reales,2018,84
18,Ceuta y Melilla,Pérdidas reales,2016,99
18,Ceuta y Melilla,Pérdidas reales,2014,95
18,Ceuta y Melilla,Pérdidas reales,2013,94
18,Ceuta y Melilla,Pérdidas reales,2012,93
18,Ceuta y Melilla,Pérdidas reales,2011,48
18,Ceuta y Melilla,Pérdidas reales,2010,118
18,Ceuta y Melilla,Pérdidas reales,2009,127
18,Ceuta y Melilla,Pérdidas reales,2008,198
18,Ceuta y Melilla,Pérdidas reales,2007,128
18,Ceuta y Melilla,Pérdidas reales,2006,100
18,Ceuta y Melilla,Pérdidas reales,2005,135
18,Ceuta y Melilla,Pérdidas reales,2004,11
18,Ceuta y Melilla,Pérdidas reales,2003,92
18,Ceuta y Melilla,Pérdidas reales,2002,68
18,Ceuta y Melilla,Pérdidas reales,2001,143
18,Ceuta y Melilla,Pérdidas reales,2000,98
18,Ceuta y Melilla,Pérdidas aparentes,2022,109
18,Ceuta y Melilla,Pérdidas aparentes,2020,67
18,Ceuta y Melilla,Pérdidas aparentes,2018,62
18,Ceuta y Melilla,Pérdidas aparentes,2016,91
18,Ceuta y Melilla,Pérdidas aparentes,2014,89
18,Ceuta y Melilla,Pérdidas aparentes,2013,89
18,Ceuta y Melilla,Pérdidas aparentes,2012,113
18,Ceuta y Melilla,Pérdidas aparentes,2011,46
18,Ceuta y Melilla,Pérdidas aparentes,2010,23
18,Ceuta y Melilla,Pérdidas aparentes,2009,69
18,Ceuta y Melilla,Pérdidas aparentes,2008,40
18,Ceuta y Melilla,Pérdidas aparentes,2007,71
18,Ceuta y Melilla,Pérdidas aparentes,2006,..
18,Ceuta y Melilla,Pérdidas aparentes,2005,..
18,Ceuta y Melilla,Pérdidas aparentes,2004,..
18,Ceuta y Melilla,Pérdidas aparentes,2003,..
18,Ceuta y Melilla,Pérdidas aparentes,2002,..
18,Ceuta y Melilla,Pérdidas aparentes,2001,..
18,Ceuta y Melilla,Pérdidas aparentes,2000,..
18,Ceuta y Melilla,Porcentaje de pérdidas reales sobre el volumen de agua suministrada,2022,"19,3"
18,Ceuta y Melilla,Porcentaje de pérdidas reales sobre el volumen de agua suministrada,2020,"25,0"
18,Ceuta y Melilla,Porcentaje de pérdidas reales sobre el volumen de agua suministrada,2018,"20,6"
18,Ceuta y Melilla,Porcentaje de pérdidas reales sobre el volumen de agua suministrada,2016,"30,2"
18,Ceuta y Melilla,Porcentaje de pérdidas reales sobre el volumen de agua suministrada,2014,"29,2"
18,Ceuta y Melilla,Porcentaje de pérdidas reales sobre el volumen de agua suministrada,2013,"28,9"
18,Ceuta y Melilla,Porcentaje de pérdidas reales sobre el volumen de agua suministrada,2012,"26,6"
18,Ceuta y Melilla,Porcentaje de pérdidas reales sobre el volumen de agua suministrada,2011,"15,3"
18,Ceuta y Melilla,Porcentaje de pérdidas reales sobre el volumen de agua suministrada,2010,"33,4"
18,Ceuta y Melilla,Porcentaje de pérdidas reales sobre el volumen de agua suministrada,2009,"35,1"
18,Ceuta y Melilla,Porcentaje de pérdidas reales sobre el volumen de agua suministrada,2008,"48,0"
18,Ceuta y Melilla,Porcentaje de pérdidas reales sobre el volumen de agua suministrada,2007,"34,0"
18,Ceuta y Melilla,Porcentaje de pérdidas reales sobre el volumen de agua suministrada,2006,"34,2"
18,Ceuta y Melilla,Porcentaje de pérdidas reales sobre el volumen de agua suministrada,2005,"41,2"
18,Ceuta y Melilla,Porcentaje de pérdidas reales sobre el volumen de agua suministrada,2004,"5,4"
18,Ceuta y Melilla,Porcentaje de pérdidas reales sobre el volumen de agua suministrada,2003,"32,1"
18,Ceuta y Melilla,Porcentaje de pérdidas reales sobre el volumen de agua suministrada,2002,"26,2"
18,Ceuta y Melilla,Porcentaje de pérdidas reales sobre el volumen de agua suministrada,2001,"42,7"
18,Ceuta y Melilla,Porcentaje de pérdidas reales sobre el volumen de agua suministrada,2000,"33,3"
