code,region,principales_indicadores,periodo,total
00,Total Nacional,Longitud de la red de suministro por habitante (metros/habitante),2022,"5,7"
00,Total Nacional,Longitud de la red de suministro por habitante (metros/habitante),2020,"5,6"
00,Total Nacional,Longitud de la red de suministro por habitante (metros/habitante),2018,"5,7"
00,Total Nacional,Longitud de la red de suministro por habitante (metros/habitante),2016,"5,5"
00,Total Nacional,Longitud de la red de suministro por habitante (metros/habitante),2014,"5,6"
00,Total Nacional,Longitud de la red de suministro por habitante (metros/habitante),2013,"5,8"
00,Total Nacional,Longitud de la red de suministro por habitante (metros/habitante),2012,..
00,Total Nacional,Longitud de la red de suministro por habitante (metros/habitante),2011,..
00,Total Nacional,Longitud de la red de suministro por habitante (metros/habitante),2010,..
00,Total Nacional,Longitud de la red de suministro por habitante (metros/habitante),2009,..
00,Total Nacional,Longitud de la red de suministro por habitante (metros/habitante),2008,..
00,Total Nacional,Longitud de la red de suministro por habitante (metros/habitante),2007,..
00,Total Nacional,Longitud de la red de suministro por habitante (metros/habitante),2006,..
00,Total Nacional,Longitud de la red de suministro por habitante (metros/habitante),2005,..
00,Total Nacional,Longitud de la red de suministro por habitante (metros/habitante),2004,..
00,Total Nacional,Longitud de la red de suministro por habitante (metros/habitante),2003,..
00,Total Nacional,Longitud de la red de suministro por habitante (metros/habitante),2002,..
00,Total Nacional,Longitud de la red de suministro por habitante (metros/habitante),2001,..
00,Total Nacional,Longitud de la red de suministro por habitante (metros/habitante),2000,..
00,Total Nacional,Longitud de la red de alcantarillado por habitante (metros/habitante),2022,"4,5"
00,Total Nacional,Longitud de la red de alcantarillado por habitante (metros/habitante),2020,"3,1"
00,Total Nacional,Longitud de la red de alcantarillado por habitante (metros/habitante),2018,"3,1"
00,Total Nacional,Longitud de la red de alcantarillado por habitante (metros/habitante),2016,"3,1"
00,Total Nacional,Longitud de la red de alcantarillado por habitante (metros/habitante),2014,"3,2"
00,Total Nacional,Longitud de la red de alcantarillado por habitante (metros/habitante),2013,"3,2"
00,Total Nacional,Longitud de la red de alcantarillado por habitante (metros/habitante),2012,..
00,Total Nacional,Longitud de la red de alcantarillado por habitante (metros/habitante),2011,..
00,Total Nacional,Longitud de la red de alcantarillado por habitante (metros/habitante),2010,..
00,Total Nacional,Longitud de la red de alcantarillado por habitante (metros/habitante),2009,..
00,Total Nacional,Longitud de la red de alcantarillado por habitante (metros/habitante),2008,..
00,Total Nacional,Longitud de la red de alcantarillado por habitante (metros/habitante),2007,..
00,Total Nacional,Longitud de la red de alcantarillado por habitante (metros/habitante),2006,..
00,Total Nacional,Longitud de la red de alcantarillado por habitante (metros/habitante),2005,..
00,Total Nacional,Longitud de la red de alcantarillado por habitante (metros/habitante),2004,..
00,Total Nacional,Longitud de la red de alcantarillado por habitante (metros/habitante),2003,..
00,Total Nacional,Longitud de la red de alcantarillado por habitante (metros/habitante),2002,..
00,Total Nacional,Longitud de la red de alcantarillado por habitante (metros/habitante),2001,..
00,Total Nacional,Longitud de la red de alcantarillado por habitante (metros/habitante),2000,..
00,Total Nacional,Pérdidas reales por km de red de suministro (m3/km/año),2022,2.543
00,Total Nacional,Pérdidas reales por km de red de suministro (m3/km/año),2020,2.448
00,Total Nacional,Pérdidas reales por km de red de suministro (m3/km/año),2018,2.476
00,Total Nacional,Pérdidas reales por km de red de suministro (m3/km/año),2016,2.728
00,Total Nacional,Pérdidas reales por km de red de suministro (m3/km/año),2014,2.503
00,Total Nacional,Pérdidas reales por km de red de suministro (m3/km/año),2013,2.492
00,Total Nacional,Pérdidas reales por km de red de suministro (m3/km/año),2012,..
00,Total Nacional,Pérdidas reales por km de red de suministro (m3/km/año),2011,..
00,Total Nacional,Pérdidas reales por km de red de suministro (m3/km/año),2010,..
00,Total Nacional,Pérdidas reales por km de red de suministro (m3/km/año),2009,..
00,Total Nacional,Pérdidas reales por km de red de suministro (m3/km/año),2008,..
00,Total Nacional,Pérdidas reales por km de red de suministro (m3/km/año),2007,..
00,Total Nacional,Pérdidas reales por km de red de suministro (m3/km/año),2006,..
00,Total Nacional,Pérdidas reales por km de red de suministro (m3/km/año),2005,..
00,Total Nacional,Pérdidas reales por km de red de suministro (m3/km/año),2004,..
00,Total Nacional,Pérdidas reales por km de red de suministro (m3/km/año),2003,..
00,Total Nacional,Pérdidas reales por km de red de suministro (m3/km/año),2002,..
00,Total Nacional,Pérdidas reales por km de red de suministro (m3/km/año),2001,..
00,Total Nacional,Pérdidas reales por km de red de suministro (m3/km/año),2000,..
00,Total Nacional,Número de tanques de tormenta,2022,275
00,Total Nacional,Número de tanques de tormenta,2020,270
00,Total Nacional,Número de tanques de tormenta,2018,268
00,Total Nacional,Número de tanques de tormenta,2016,275
00,Total Nacional,Número de tanques de tormenta,2014,314
00,Total Nacional,Número de tanques de tormenta,2013,272
00,Total Nacional,Número de tanques de tormenta,2012,..
00,Total Nacional,Número de tanques de tormenta,2011,..
00,Total Nacional,Número de tanques de tormenta,2010,..
00,Total Nacional,Número de tanques de tormenta,2009,..
00,Total Nacional,Número de tanques de tormenta,2008,..
00,Total Nacional,Número de tanques de tormenta,2007,..
00,Total Nacional,Número de tanques de tormenta,2006,..
00,Total Nacional,Número de tanques de tormenta,2005,..
00,Total Nacional,Número de tanques de tormenta,2004,..
00,Total Nacional,Número de tanques de tormenta,2003,..
00,Total Nacional,Número de tanques de tormenta,2002,..
00,Total Nacional,Número de tanques de tormenta,2001,..
00,Total Nacional,Número de tanques de tormenta,2000,..
01,Andalucía,Longitud de la red de suministro por habitante (metros/habitante),2022,"5,3"
01,Andalucía,Longitud de la red de suministro por habitante (metros/habitante),2020,"5,4"
01,Andalucía,Longitud de la red de suministro por habitante (metros/habitante),2018,"5,4"
01,Andalucía,Longitud de la red de suministro por habitante (metros/habitante),2016,"5,3"
01,Andalucía,Longitud de la red de suministro por habitante (metros/habitante),2014,"5,5"
01,Andalucía,Longitud de la red de suministro por habitante (metros/habitante),2013,"5,3"
01,Andalucía,Longitud de la red de suministro por habitante (metros/habitante),2012,..
01,Andalucía,Longitud de la red de suministro por habitante (metros/habitante),2011,..
01,Andalucía,Longitud de la red de suministro por habitante (metros/habitante),2010,..
01,Andalucía,Longitud de la red de suministro por habitante (metros/habitante),2009,..
01,Andalucía,Longitud de la red de suministro por habitante (metros/habitante),2008,..
01,Andalucía,Longitud de la red de suministro por habitante (metros/habitante),2007,..
01,Andalucía,Longitud de la red de suministro por habitante (metros/habitante),2006,..
01,Andalucía,Longitud de la red de suministro por habitante (metros/habitante),2005,..
01,Andalucía,Longitud de la red de suministro por habitante (metros/habitante),2004,..
01,Andalucía,Longitud de la red de suministro por habitante (metros/habitante),2003,..
01,Andalucía,Longitud de la red de suministro por habitante (metros/habitante),2002,..
01,Andalucía,Longitud de la red de suministro por habitante (metros/habitante),2001,..
01,Andalucía,Longitud de la red de suministro por habitante (metros/habitante),2000,..
01,Andalucía,Longitud de la red de alcantarillado por habitante (metros/habitante),2022,"4,0"
01,Andalucía,Longitud de la red de alcantarillado por habitante (metros/habitante),2020,"3,8"
01,Andalucía,Longitud de la red de alcantarillado por habitante (metros/habitante),2018,"3,6"
01,Andalucía,Longitud de la red de alcantarillado por habitante (metros/habitante),2016,"3,7"
01,Andalucía,Longitud de la red de alcantarillado por habitante (metros/habitante),2014,"3,8"
01,Andalucía,Longitud de la red de alcantarillado por habitante (metros/habitante),2013,"3,7"
01,Andalucía,Longitud de la red de alcantarillado por habitante (metros/habitante),2012,..
01,Andalucía,Longitud de la red de alcantarillado por habitante (metros/habitante),2011,..
01,Andalucía,Longitud de la red de alcantarillado por habitante (metros/habitante),2010,..
01,Andalucía,Longitud de la red de alcantarillado por habitante (metros/habitante),2009,..
01,Andalucía,Longitud de la red de alcantarillado por habitante (metros/habitante),2008,..
01,Andalucía,Longitud de la red de alcantarillado por habitante (metros/habitante),2007,..
01,Andalucía,Longitud de la red de alcantarillado por habitante (metros/habitante),2006,..
01,Andalucía,Longitud de la red de alcantarillado por habitante (metros/habitante),2005,..
01,Andalucía,Longitud de la red de alcantarillado por habitante (metros/habitante),2004,..
01,Andalucía,Longitud de la red de alcantarillado por habitante (metros/habitante),2003,..
01,Andalucía,Longitud de la red de alcantarillado por habitante (metros/habitante),2002,..
01,Andalucía,Longitud de la red de alcantarillado por habitante (metros/habitante),2001,..
01,Andalucía,Longitud de la red de alcantarillado por habitante (metros/habitante),2000,..
01,Andalucía,Pérdidas reales por km de red de suministro (m3/km/año),2022,3.054
01,Andalucía,Pérdidas reales por km de red de suministro (m3/km/año),2020,2.833
01,Andalucía,Pérdidas reales por km de red de suministro (m3/km/año),2018,2.734
01,Andalucía,Pérdidas reales por km de red de suministro (m3/km/año),2016,3.559
01,Andalucía,Pérdidas reales por km de red de suministro (m3/km/año),2014,3.281
01,Andalucía,Pérdidas reales por km de red de suministro (m3/km/año),2013,3.208
01,Andalucía,Pérdidas reales por km de red de suministro (m3/km/año),2012,..
01,Andalucía,Pérdidas reales por km de red de suministro (m3/km/año),2011,..
01,Andalucía,Pérdidas reales por km de red de suministro (m3/km/año),2010,..
01,Andalucía,Pérdidas reales por km de red de suministro (m3/km/año),2009,..
01,Andalucía,Pérdidas reales por km de red de suministro (m3/km/año),2008,..
01,Andalucía,Pérdidas reales por km de red de suministro (m3/km/año),2007,..
01,Andalucía,Pérdidas reales por km de red de suministro (m3/km/año),2006,..
01,Andalucía,Pérdidas reales por km de red de suministro (m3/km/año),2005,..
01,Andalucía,Pérdidas reales por km de red de suministro (m3/km/año),2004,..
01,Andalucía,Pérdidas reales por km de red de suministro (m3/km/año),2003,..
01,Andalucía,Pérdidas reales por km de red de suministro (m3/km/año),2002,..
01,Andalucía,Pérdidas reales por km de red de suministro (m3/km/año),2001,..
01,Andalucía,Pérdidas reales por km de red de suministro (m3/km/año),2000,..
01,Andalucía,Número de tanques de tormenta,2022,9
01,Andalucía,Número de tanques de tormenta,2020,9
01,Andalucía,Número de tanques de tormenta,2018,9
01,Andalucía,Número de tanques de tormenta,2016,8
01,Andalucía,Número de tanques de tormenta,2014,8
01,Andalucía,Número de tanques de tormenta,2013,6
01,Andalucía,Número de tanques de tormenta,2012,..
01,Andalucía,Número de tanques de tormenta,2011,..
01,Andalucía,Número de tanques de tormenta,2010,..
01,Andalucía,Número de tanques de tormenta,2009,..
01,Andalucía,Número de tanques de tormenta,2008,..
01,Andalucía,Número de tanques de tormenta,2007,..
01,Andalucía,Número de tanques de tormenta,2006,..
01,Andalucía,Número de tanques de tormenta,2005,..
01,Andalucía,Número de tanques de tormenta,2004,..
01,Andalucía,Número de tanques de tormenta,2003,..
01,Andalucía,Número de tanques de tormenta,2002,..
01,Andalucía,Número de tanques de tormenta,2001,..
01,Andalucía,Número de tanques de tormenta,2000,..
02,Aragón,Longitud de la red de suministro por habitante (metros/habitante),2022,"4,2"
02,Aragón,Longitud de la red de suministro por habitante (metros/habitante),2020,"4,1"
02,Aragón,Longitud de la red de suministro por habitante (metros/habitante),2018,"3,9"
02,Aragón,Longitud de la red de suministro por habitante (metros/habitante),2016,"4,1"
02,Aragón,Longitud de la red de suministro por habitante (metros/habitante),2014,"3,9"
02,Aragón,Longitud de la red de suministro por habitante (metros/habitante),2013,"3,7"
02,Aragón,Longitud de la red de suministro por habitante (metros/habitante),2012,..
02,Aragón,Longitud de la red de suministro por habitante (metros/habitante),2011,..
02,Aragón,Longitud de la red de suministro por habitante (metros/habitante),2010,..
02,Aragón,Longitud de la red de suministro por habitante (metros/habitante),2009,..
02,Aragón,Longitud de la red de suministro por habitante (metros/habitante),2008,..
02,Aragón,Longitud de la red de suministro por habitante (metros/habitante),2007,..
02,Aragón,Longitud de la red de suministro por habitante (metros/habitante),2006,..
02,Aragón,Longitud de la red de suministro por habitante (metros/habitante),2005,..
02,Aragón,Longitud de la red de suministro por habitante (metros/habitante),2004,..
02,Aragón,Longitud de la red de suministro por habitante (metros/habitante),2003,..
02,Aragón,Longitud de la red de suministro por habitante (metros/habitante),2002,..
02,Aragón,Longitud de la red de suministro por habitante (metros/habitante),2001,..
02,Aragón,Longitud de la red de suministro por habitante (metros/habitante),2000,..
02,Aragón,Longitud de la red de alcantarillado por habitante (metros/habitante),2022,"2,1"
02,Aragón,Longitud de la red de alcantarillado por habitante (metros/habitante),2020,"3,5"
02,Aragón,Longitud de la red de alcantarillado por habitante (metros/habitante),2018,"3,6"
02,Aragón,Longitud de la red de alcantarillado por habitante (metros/habitante),2016,"3,7"
02,Aragón,Longitud de la red de alcantarillado por habitante (metros/habitante),2014,"3,3"
02,Aragón,Longitud de la red de alcantarillado por habitante (metros/habitante),2013,"3,0"
02,Aragón,Longitud de la red de alcantarillado por habitante (metros/habitante),2012,..
02,Aragón,Longitud de la red de alcantarillado por habitante (metros/habitante),2011,..
02,Aragón,Longitud de la red de alcantarillado por habitante (metros/habitante),2010,..
02,Aragón,Longitud de la red de alcantarillado por habitante (metros/habitante),2009,..
02,Aragón,Longitud de la red de alcantarillado por habitante (metros/habitante),2008,..
02,Aragón,Longitud de la red de alcantarillado por habitante (metros/habitante),2007,..
02,Aragón,Longitud de la red de alcantarillado por habitante (metros/habitante),2006,..
02,Aragón,Longitud de la red de alcantarillado por habitante (metros/habitante),2005,..
02,Aragón,Longitud de la red de alcantarillado por habitante (metros/habitante),2004,..
02,Aragón,Longitud de la red de alcantarillado por habitante (metros/habitante),2003,..
02,Aragón,Longitud de la red de alcantarillado por habitante (metros/habitante),2002,..
02,Aragón,Longitud de la red de alcantarillado por habitante (metros/habitante),2001,..
02,Aragón,Longitud de la red de alcantarillado por habitante (metros/habitante),2000,..
02,Aragón,Pérdidas reales por km de red de suministro (m3/km/año),2022,5.841
02,Aragón,Pérdidas reales por km de red de suministro (m3/km/año),2020,5.574
02,Aragón,Pérdidas reales por km de red de suministro (m3/km/año),2018,4.940
02,Aragón,Pérdidas reales por km de red de suministro (m3/km/año),2016,4.176
02,Aragón,Pérdidas reales por km de red de suministro (m3/km/año),2014,5.170
02,Aragón,Pérdidas reales por km de red de suministro (m3/km/año),2013,5.683
02,Aragón,Pérdidas reales por km de red de suministro (m3/km/año),2012,..
02,Aragón,Pérdidas reales por km de red de suministro (m3/km/año),2011,..
02,Aragón,Pérdidas reales por km de red de suministro (m3/km/año),2010,..
02,Aragón,Pérdidas reales por km de red de suministro (m3/km/año),2009,..
02,Aragón,Pérdidas reales por km de red de suministro (m3/km/año),2008,..
02,Aragón,Pérdidas reales por km de red de suministro (m3/km/año),2007,..
02,Aragón,Pérdidas reales por km de red de suministro (m3/km/año),2006,..
02,Aragón,Pérdidas reales por km de red de suministro (m3/km/año),2005,..
02,Aragón,Pérdidas reales por km de red de suministro (m3/km/año),2004,..
02,Aragón,Pérdidas reales por km de red de suministro (m3/km/año),2003,..
02,Aragón,Pérdidas reales por km de red de suministro (m3/km/año),2002,..
02,Aragón,Pérdidas reales por km de red de suministro (m3/km/año),2001,..
02,Aragón,Pérdidas reales por km de red de suministro (m3/km/año),2000,..
02,Aragón,Número de tanques de tormenta,2022,12
02,Aragón,Número de tanques de tormenta,2020,9
02,Aragón,Número de tanques de tormenta,2018,9
02,Aragón,Número de tanques de tormenta,2016,12
02,Aragón,Número de tanques de tormenta,2014,12
02,Aragón,Número de tanques de tormenta,2013,9
02,Aragón,Número de tanques de tormenta,2012,..
02,Aragón,Número de tanques de tormenta,2011,..
02,Aragón,Número de tanques de tormenta,2010,..
02,Aragón,Número de tanques de tormenta,2009,..
02,Aragón,Número de tanques de tormenta,2008,..
02,Aragón,Número de tanques de tormenta,2007,..
02,Aragón,Número de tanques de tormenta,2006,..
02,Aragón,Número de tanques de tormenta,2005,..
02,Aragón,Número de tanques de tormenta,2004,..
02,Aragón,Número de tanques de tormenta,2003,..
02,Aragón,Número de tanques de tormenta,2002,..
02,Aragón,Número de tanques de tormenta,2001,..
02,Aragón,Número de tanques de tormenta,2000,..
03,"Asturias, Principado de",Longitud de la red de suministro por habitante (metros/habitante),2022,"8,7"
03,"Asturias, Principado de",Longitud de la red de suministro por habitante (metros/habitante),2020,"8,6"
03,"Asturias, Principado de",Longitud de la red de suministro por habitante (metros/habitante),2018,"8,1"
03,"Asturias, Principado de",Longitud de la red de suministro por habitante (metros/habitante),2016,"8,6"
03,"Asturias, Principado de",Longitud de la red de suministro por habitante (metros/habitante),2014,"8,1"
03,"Asturias, Principado de",Longitud de la red de suministro por habitante (metros/habitante),2013,"9,0"
03,"Asturias, Principado de",Longitud de la red de suministro por habitante (metros/habitante),2012,..
03,"Asturias, Principado de",Longitud de la red de suministro por habitante (metros/habitante),2011,..
03,"Asturias, Principado de",Longitud de la red de suministro por habitante (metros/habitante),2010,..
03,"Asturias, Principado de",Longitud de la red de suministro por habitante (metros/habitante),2009,..
03,"Asturias, Principado de",Longitud de la red de suministro por habitante (metros/habitante),2008,..
03,"Asturias, Principado de",Longitud de la red de suministro por habitante (metros/habitante),2007,..
03,"Asturias, Principado de",Longitud de la red de suministro por habitante (metros/habitante),2006,..
03,"Asturias, Principado de",Longitud de la red de suministro por habitante (metros/habitante),2005,..
03,"Asturias, Principado de",Longitud de la red de suministro por habitante (metros/habitante),2004,..
03,"Asturias, Principado de",Longitud de la red de suministro por habitante (metros/habitante),2003,..
03,"Asturias, Principado de",Longitud de la red de suministro por habitante (metros/habitante),2002,..
03,"Asturias, Principado de",Longitud de la red de suministro por habitante (metros/habitante),2001,..
03,"Asturias, Principado de",Longitud de la red de suministro por habitante (metros/habitante),2000,..
03,"Asturias, Principado de",Longitud de la red de alcantarillado por habitante (metros/habitante),2022,"4,6"
03,"Asturias, Principado de",Longitud de la red de alcantarillado por habitante (metros/habitante),2020,"5,0"
03,"Asturias, Principado de",Longitud de la red de alcantarillado por habitante (metros/habitante),2018,"4,8"
03,"Asturias, Principado de",Longitud de la red de alcantarillado por habitante (metros/habitante),2016,"5,0"
03,"Asturias, Principado de",Longitud de la red de alcantarillado por habitante (metros/habitante),2014,"4,9"
03,"Asturias, Principado de",Longitud de la red de alcantarillado por habitante (metros/habitante),2013,"5,1"
03,"Asturias, Principado de",Longitud de la red de alcantarillado por habitante (metros/habitante),2012,..
03,"Asturias, Principado de",Longitud de la red de alcantarillado por habitante (metros/habitante),2011,..
03,"Asturias, Principado de",Longitud de la red de alcantarillado por habitante (metros/habitante),2010,..
03,"Asturias, Principado de",Longitud de la red de alcantarillado por habitante (metros/habitante),2009,..
03,"Asturias, Principado de",Longitud de la red de alcantarillado por habitante (metros/habitante),2008,..
03,"Asturias, Principado de",Longitud de la red de alcantarillado por habitante (metros/habitante),2007,..
03,"Asturias, Principado de",Longitud de la red de alcantarillado por habitante (metros/habitante),2006,..
03,"Asturias, Principado de",Longitud de la red de alcantarillado por habitante (metros/habitante),2005,..
03,"Asturias, Principado de",Longitud de la red de alcantarillado por habitante (metros/habitante),2004,..
03,"Asturias, Principado de",Longitud de la red de alcantarillado por habitante (metros/habitante),2003,..
03,"Asturias, Principado de",Longitud de la red de alcantarillado por habitante (metros/habitante),2002,..
03,"Asturias, Principado de",Longitud de la red de alcantarillado por habitante (metros/habitante),2001,..
03,"Asturias, Principado de",Longitud de la red de alcantarillado por habitante (metros/habitante),2000,..
03,"Asturias, Principado de",Pérdidas reales por km de red de suministro (m3/km/año),2022,3.231
03,"Asturias, Principado de",Pérdidas reales por km de red de suministro (m3/km/año),2020,2.323
03,"Asturias, Principado de",Pérdidas reales por km de red de suministro (m3/km/año),2018,1.889
03,"Asturias, Principado de",Pérdidas reales por km de red de suministro (m3/km/año),2016,2.358
03,"Asturias, Principado de",Pérdidas reales por km de red de suministro (m3/km/año),2014,2.317
03,"Asturias, Principado de",Pérdidas reales por km de red de suministro (m3/km/año),2013,2.467
03,"Asturias, Principado de",Pérdidas reales por km de red de suministro (m3/km/año),2012,..
03,"Asturias, Principado de",Pérdidas reales por km de red de suministro (m3/km/año),2011,..
03,"Asturias, Principado de",Pérdidas reales por km de red de suministro (m3/km/año),2010,..
03,"Asturias, Principado de",Pérdidas reales por km de red de suministro (m3/km/año),2009,..
03,"Asturias, Principado de",Pérdidas reales por km de red de suministro (m3/km/año),2008,..
03,"Asturias, Principado de",Pérdidas reales por km de red de suministro (m3/km/año),2007,..
03,"Asturias, Principado de",Pérdidas reales por km de red de suministro (m3/km/año),2006,..
03,"Asturias, Principado de",Pérdidas reales por km de red de suministro (m3/km/año),2005,..
03,"Asturias, Principado de",Pérdidas reales por km de red de suministro (m3/km/año),2004,..
03,"Asturias, Principado de",Pérdidas reales por km de red de suministro (m3/km/año),2003,..
03,"Asturias, Principado de",Pérdidas reales por km de red de suministro (m3/km/año),2002,..
03,"Asturias, Principado de",Pérdidas reales por km de red de suministro (m3/km/año),2001,..
03,"Asturias, Principado de",Pérdidas reales por km de red de suministro (m3/km/año),2000,..
03,"Asturias, Principado de",Número de tanques de tormenta,2022,1
03,"Asturias, Principado de",Número de tanques de tormenta,2020,1
03,"Asturias, Principado de",Número de tanques de tormenta,2018,1
03,"Asturias, Principado de",Número de tanques de tormenta,2016,0
03,"Asturias, Principado de",Número de tanques de tormenta,2014,0
03,"Asturias, Principado de",Número de tanques de tormenta,2013,0
03,"Asturias, Principado de",Número de tanques de tormenta,2012,..
03,"Asturias, Principado de",Número de tanques de tormenta,2011,..
03,"Asturias, Principado de",Número de tanques de tormenta,2010,..
03,"Asturias, Principado de",Número de tanques de tormenta,2009,..
03,"Asturias, Principado de",Número de tanques de tormenta,2008,..
03,"Asturias, Principado de",Número de tanques de tormenta,2007,..
03,"Asturias, Principado de",Número de tanques de tormenta,2006,..
03,"Asturias, Principado de",Número de tanques de tormenta,2005,..
03,"Asturias, Principado de",Número de tanques de tormenta,2004,..
03,"Asturias, Principado de",Número de tanques de tormenta,2003,..
03,"Asturias, Principado de",Número de tanques de tormenta,2002,..
03,"Asturias, Principado de",Número de tanques de tormenta,2001,..
03,"Asturias, Principado de",Número de tanques de tormenta,2000,..
04,"Balears, Illes",Longitud de la red de suministro por habitante (metros/habitante),2022,"4,1"
04,"Balears, Illes",Longitud de la red de suministro por habitante (metros/habitante),2020,"3,4"
04,"Balears, Illes",Longitud de la red de suministro por habitante (metros/habitante),2018,"3,6"
04,"Balears, Illes",Longitud de la red de suministro por habitante (metros/habitante),2016,"3,6"
04,"Balears, Illes",Longitud de la red de suministro por habitante (metros/habitante),2014,"3,7"
04,"Balears, Illes",Longitud de la red de suministro por habitante (metros/habitante),2013,"3,8"
04,"Balears, Illes",Longitud de la red de suministro por habitante (metros/habitante),2012,..
04,"Balears, Illes",Longitud de la red de suministro por habitante (metros/habitante),2011,..
04,"Balears, Illes",Longitud de la red de suministro por habitante (metros/habitante),2010,..
04,"Balears, Illes",Longitud de la red de suministro por habitante (metros/habitante),2009,..
04,"Balears, Illes",Longitud de la red de suministro por habitante (metros/habitante),2008,..
04,"Balears, Illes",Longitud de la red de suministro por habitante (metros/habitante),2007,..
04,"Balears, Illes",Longitud de la red de suministro por habitante (metros/habitante),2006,..
04,"Balears, Illes",Longitud de la red de suministro por habitante (metros/habitante),2005,..
04,"Balears, Illes",Longitud de la red de suministro por habitante (metros/habitante),2004,..
04,"Balears, Illes",Longitud de la red de suministro por habitante (metros/habitante),2003,..
04,"Balears, Illes",Longitud de la red de suministro por habitante (metros/habitante),2002,..
04,"Balears, Illes",Longitud de la red de suministro por habitante (metros/habitante),2001,..
04,"Balears, Illes",Longitud de la red de suministro por habitante (metros/habitante),2000,..
04,"Balears, Illes",Longitud de la red de alcantarillado por habitante (metros/habitante),2022,"2,3"
04,"Balears, Illes",Longitud de la red de alcantarillado por habitante (metros/habitante),2020,"3,2"
04,"Balears, Illes",Longitud de la red de alcantarillado por habitante (metros/habitante),2018,"3,1"
04,"Balears, Illes",Longitud de la red de alcantarillado por habitante (metros/habitante),2016,"3,2"
04,"Balears, Illes",Longitud de la red de alcantarillado por habitante (metros/habitante),2014,"3,3"
04,"Balears, Illes",Longitud de la red de alcantarillado por habitante (metros/habitante),2013,"3,3"
04,"Balears, Illes",Longitud de la red de alcantarillado por habitante (metros/habitante),2012,..
04,"Balears, Illes",Longitud de la red de alcantarillado por habitante (metros/habitante),2011,..
04,"Balears, Illes",Longitud de la red de alcantarillado por habitante (metros/habitante),2010,..
04,"Balears, Illes",Longitud de la red de alcantarillado por habitante (metros/habitante),2009,..
04,"Balears, Illes",Longitud de la red de alcantarillado por habitante (metros/habitante),2008,..
04,"Balears, Illes",Longitud de la red de alcantarillado por habitante (metros/habitante),2007,..
04,"Balears, Illes",Longitud de la red de alcantarillado por habitante (metros/habitante),2006,..
04,"Balears, Illes",Longitud de la red de alcantarillado por habitante (metros/habitante),2005,..
04,"Balears, Illes",Longitud de la red de alcantarillado por habitante (metros/habitante),2004,..
04,"Balears, Illes",Longitud de la red de alcantarillado por habitante (metros/habitante),2003,..
04,"Balears, Illes",Longitud de la red de alcantarillado por habitante (metros/habitante),2002,..
04,"Balears, Illes",Longitud de la red de alcantarillado por habitante (metros/habitante),2001,..
04,"Balears, Illes",Longitud de la red de alcantarillado por habitante (metros/habitante),2000,..
04,"Balears, Illes",Pérdidas reales por km de red de suministro (m3/km/año),2022,3.757
04,"Balears, Illes",Pérdidas reales por km de red de suministro (m3/km/año),2020,4.812
04,"Balears, Illes",Pérdidas reales por km de red de suministro (m3/km/año),2018,5.007
04,"Balears, Illes",Pérdidas reales por km de red de suministro (m3/km/año),2016,5.536
04,"Balears, Illes",Pérdidas reales por km de red de suministro (m3/km/año),2014,4.527
04,"Balears, Illes",Pérdidas reales por km de red de suministro (m3/km/año),2013,4.058
04,"Balears, Illes",Pérdidas reales por km de red de suministro (m3/km/año),2012,..
04,"Balears, Illes",Pérdidas reales por km de red de suministro (m3/km/año),2011,..
04,"Balears, Illes",Pérdidas reales por km de red de suministro (m3/km/año),2010,..
04,"Balears, Illes",Pérdidas reales por km de red de suministro (m3/km/año),2009,..
04,"Balears, Illes",Pérdidas reales por km de red de suministro (m3/km/año),2008,..
04,"Balears, Illes",Pérdidas reales por km de red de suministro (m3/km/año),2007,..
04,"Balears, Illes",Pérdidas reales por km de red de suministro (m3/km/año),2006,..
04,"Balears, Illes",Pérdidas reales por km de red de suministro (m3/km/año),2005,..
04,"Balears, Illes",Pérdidas reales por km de red de suministro (m3/km/año),2004,..
04,"Balears, Illes",Pérdidas reales por km de red de suministro (m3/km/año),2003,..
04,"Balears, Illes",Pérdidas reales por km de red de suministro (m3/km/año),2002,..
04,"Balears, Illes",Pérdidas reales por km de red de suministro (m3/km/año),2001,..
04,"Balears, Illes",Pérdidas reales por km de red de suministro (m3/km/año),2000,..
04,"Balears, Illes",Número de tanques de tormenta,2022,0
04,"Balears, Illes",Número de tanques de tormenta,2020,0
04,"Balears, Illes",Número de tanques de tormenta,2018,0
04,"Balears, Illes",Número de tanques de tormenta,2016,0
04,"Balears, Illes",Número de tanques de tormenta,2014,0
04,"Balears, Illes",Número de tanques de tormenta,2013,0
04,"Balears, Illes",Número de tanques de tormenta,2012,..
04,"Balears, Illes",Número de tanques de tormenta,2011,..
04,"Balears, Illes",Número de tanques de tormenta,2010,..
04,"Balears, Illes",Número de tanques de tormenta,2009,..
04,"Balears, Illes",Número de tanques de tormenta,2008,..
04,"Balears, Illes",Número de tanques de tormenta,2007,..
04,"Balears, Illes",Número de tanques de tormenta,2006,..
04,"Balears, Illes",Número de tanques de tormenta,2005,..
04,"Balears, Illes",Número de tanques de tormenta,2004,..
04,"Balears, Illes",Número de tanques de tormenta,2003,..
04,"Balears, Illes",Número de tanques de tormenta,2002,..
04,"Balears, Illes",Número de tanques de tormenta,2001,..
04,"Balears, Illes",Número de tanques de tormenta,2000,..
05,Canarias,Longitud de la red de suministro por habitante (metros/habitante),2022,"5,9"
05,Canarias,Longitud de la red de suministro por habitante (metros/habitante),2020,"7,4"
05,Canarias,Longitud de la red de suministro por habitante (metros/habitante),2018,"8,1"
05,Canarias,Longitud de la red de suministro por habitante (metros/habitante),2016,"7,8"
05,Canarias,Longitud de la red de suministro por habitante (metros/habitante),2014,"7,4"
05,Canarias,Longitud de la red de suministro por habitante (metros/habitante),2013,"7,8"
05,Canarias,Longitud de la red de suministro por habitante (metros/habitante),2012,..
05,Canarias,Longitud de la red de suministro por habitante (metros/habitante),2011,..
05,Canarias,Longitud de la red de suministro por habitante (metros/habitante),2010,..
05,Canarias,Longitud de la red de suministro por habitante (metros/habitante),2009,..
05,Canarias,Longitud de la red de suministro por habitante (metros/habitante),2008,..
05,Canarias,Longitud de la red de suministro por habitante (metros/habitante),2007,..
05,Canarias,Longitud de la red de suministro por habitante (metros/habitante),2006,..
05,Canarias,Longitud de la red de suministro por habitante (metros/habitante),2005,..
05,Canarias,Longitud de la red de suministro por habitante (metros/habitante),2004,..
05,Canarias,Longitud de la red de suministro por habitante (metros/habitante),2003,..
05,Canarias,Longitud de la red de suministro por habitante (metros/habitante),2002,..
05,Canarias,Longitud de la red de suministro por habitante (metros/habitante),2001,..
05,Canarias,Longitud de la red de suministro por habitante (metros/habitante),2000,..
05,Canarias,Longitud de la red de alcantarillado por habitante (metros/habitante),2022,"2,2"
05,Canarias,Longitud de la red de alcantarillado por habitante (metros/habitante),2020,"2,4"
05,Canarias,Longitud de la red de alcantarillado por habitante (metros/habitante),2018,"2,8"
05,Canarias,Longitud de la red de alcantarillado por habitante (metros/habitante),2016,"2,5"
05,Canarias,Longitud de la red de alcantarillado por habitante (metros/habitante),2014,"2,6"
05,Canarias,Longitud de la red de alcantarillado por habitante (metros/habitante),2013,"3,9"
05,Canarias,Longitud de la red de alcantarillado por habitante (metros/habitante),2012,..
05,Canarias,Longitud de la red de alcantarillado por habitante (metros/habitante),2011,..
05,Canarias,Longitud de la red de alcantarillado por habitante (metros/habitante),2010,..
05,Canarias,Longitud de la red de alcantarillado por habitante (metros/habitante),2009,..
05,Canarias,Longitud de la red de alcantarillado por habitante (metros/habitante),2008,..
05,Canarias,Longitud de la red de alcantarillado por habitante (metros/habitante),2007,..
05,Canarias,Longitud de la red de alcantarillado por habitante (metros/habitante),2006,..
05,Canarias,Longitud de la red de alcantarillado por habitante (metros/habitante),2005,..
05,Canarias,Longitud de la red de alcantarillado por habitante (metros/habitante),2004,..
05,Canarias,Longitud de la red de alcantarillado por habitante (metros/habitante),2003,..
05,Canarias,Longitud de la red de alcantarillado por habitante (metros/habitante),2002,..
05,Canarias,Longitud de la red de alcantarillado por habitante (metros/habitante),2001,..
05,Canarias,Longitud de la red de alcantarillado por habitante (metros/habitante),2000,..
05,Canarias,Pérdidas reales por km de red de suministro (m3/km/año),2022,3.262
05,Canarias,Pérdidas reales por km de red de suministro (m3/km/año),2020,3.083
05,Canarias,Pérdidas reales por km de red de suministro (m3/km/año),2018,2.859
05,Canarias,Pérdidas reales por km de red de suministro (m3/km/año),2016,3.110
05,Canarias,Pérdidas reales por km de red de suministro (m3/km/año),2014,2.650
05,Canarias,Pérdidas reales por km de red de suministro (m3/km/año),2013,2.691
05,Canarias,Pérdidas reales por km de red de suministro (m3/km/año),2012,..
05,Canarias,Pérdidas reales por km de red de suministro (m3/km/año),2011,..
05,Canarias,Pérdidas reales por km de red de suministro (m3/km/año),2010,..
05,Canarias,Pérdidas reales por km de red de suministro (m3/km/año),2009,..
05,Canarias,Pérdidas reales por km de red de suministro (m3/km/año),2008,..
05,Canarias,Pérdidas reales por km de red de suministro (m3/km/año),2007,..
05,Canarias,Pérdidas reales por km de red de suministro (m3/km/año),2006,..
05,Canarias,Pérdidas reales por km de red de suministro (m3/km/año),2005,..
05,Canarias,Pérdidas reales por km de red de suministro (m3/km/año),2004,..
05,Canarias,Pérdidas reales por km de red de suministro (m3/km/año),2003,..
05,Canarias,Pérdidas reales por km de red de suministro (m3/km/año),2002,..
05,Canarias,Pérdidas reales por km de red de suministro (m3/km/año),2001,..
05,Canarias,Pérdidas reales por km de red de suministro (m3/km/año),2000,..
05,Canarias,Número de tanques de tormenta,2022,2
05,Canarias,Número de tanques de tormenta,2020,2
05,Canarias,Número de tanques de tormenta,2018,2
05,Canarias,Número de tanques de tormenta,2016,2
05,Canarias,Número de tanques de tormenta,2014,2
05,Canarias,Número de tanques de tormenta,2013,2
05,Canarias,Número de tanques de tormenta,2012,..
05,Canarias,Número de tanques de tormenta,2011,..
05,Canarias,Número de tanques de tormenta,2010,..
05,Canarias,Número de tanques de tormenta,2009,..
05,Canarias,Número de tanques de tormenta,2008,..
05,Canarias,Número de tanques de tormenta,2007,..
05,Canarias,Número de tanques de tormenta,2006,..
05,Canarias,Número de tanques de tormenta,2005,..
05,Canarias,Número de tanques de tormenta,2004,..
05,Canarias,Número de tanques de tormenta,2003,..
05,Canarias,Número de tanques de tormenta,2002,..
05,Canarias,Número de tanques de tormenta,2001,..
05,Canarias,Número de tanques de tormenta,2000,..
06,Cantabria,Longitud de la red de suministro por habitante (metros/habitante),2022,"10,3"
06,Cantabria,Longitud de la red de suministro por habitante (metros/habitante),2020,"6,4"
06,Cantabria,Longitud de la red de suministro por habitante (metros/habitante),2018,"6,8"
06,Cantabria,Longitud de la red de suministro por habitante (metros/habitante),2016,"6,5"
06,Cantabria,Longitud de la red de suministro por habitante (metros/habitante),2014,"6,7"
06,Cantabria,Longitud de la red de suministro por habitante (metros/habitante),2013,"6,1"
06,Cantabria,Longitud de la red de suministro por habitante (metros/habitante),2012,..
06,Cantabria,Longitud de la red de suministro por habitante (metros/habitante),2011,..
06,Cantabria,Longitud de la red de suministro por habitante (metros/habitante),2010,..
06,Cantabria,Longitud de la red de suministro por habitante (metros/habitante),2009,..
06,Cantabria,Longitud de la red de suministro por habitante (metros/habitante),2008,..
06,Cantabria,Longitud de la red de suministro por habitante (metros/habitante),2007,..
06,Cantabria,Longitud de la red de suministro por habitante (metros/habitante),2006,..
06,Cantabria,Longitud de la red de suministro por habitante (metros/habitante),2005,..
06,Cantabria,Longitud de la red de suministro por habitante (metros/habitante),2004,..
06,Cantabria,Longitud de la red de suministro por habitante (metros/habitante),2003,..
06,Cantabria,Longitud de la red de suministro por habitante (metros/habitante),2002,..
06,Cantabria,Longitud de la red de suministro por habitante (metros/habitante),2001,..
06,Cantabria,Longitud de la red de suministro por habitante (metros/habitante),2000,..
06,Cantabria,Longitud de la red de alcantarillado por habitante (metros/habitante),2022,"6,7"
06,Cantabria,Longitud de la red de alcantarillado por habitante (metros/habitante),2020,"4,0"
06,Cantabria,Longitud de la red de alcantarillado por habitante (metros/habitante),2018,"4,0"
06,Cantabria,Longitud de la red de alcantarillado por habitante (metros/habitante),2016,"4,2"
06,Cantabria,Longitud de la red de alcantarillado por habitante (metros/habitante),2014,"4,2"
06,Cantabria,Longitud de la red de alcantarillado por habitante (metros/habitante),2013,"4,4"
06,Cantabria,Longitud de la red de alcantarillado por habitante (metros/habitante),2012,..
06,Cantabria,Longitud de la red de alcantarillado por habitante (metros/habitante),2011,..
06,Cantabria,Longitud de la red de alcantarillado por habitante (metros/habitante),2010,..
06,Cantabria,Longitud de la red de alcantarillado por habitante (metros/habitante),2009,..
06,Cantabria,Longitud de la red de alcantarillado por habitante (metros/habitante),2008,..
06,Cantabria,Longitud de la red de alcantarillado por habitante (metros/habitante),2007,..
06,Cantabria,Longitud de la red de alcantarillado por habitante (metros/habitante),2006,..
06,Cantabria,Longitud de la red de alcantarillado por habitante (metros/habitante),2005,..
06,Cantabria,Longitud de la red de alcantarillado por habitante (metros/habitante),2004,..
06,Cantabria,Longitud de la red de alcantarillado por habitante (metros/habitante),2003,..
06,Cantabria,Longitud de la red de alcantarillado por habitante (metros/habitante),2002,..
06,Cantabria,Longitud de la red de alcantarillado por habitante (metros/habitante),2001,..
06,Cantabria,Longitud de la red de alcantarillado por habitante (metros/habitante),2000,..
06,Cantabria,Pérdidas reales por km de red de suministro (m3/km/año),2022,3.038
06,Cantabria,Pérdidas reales por km de red de suministro (m3/km/año),2020,3.861
06,Cantabria,Pérdidas reales por km de red de suministro (m3/km/año),2018,4.626
06,Cantabria,Pérdidas reales por km de red de suministro (m3/km/año),2016,6.116
06,Cantabria,Pérdidas reales por km de red de suministro (m3/km/año),2014,4.761
06,Cantabria,Pérdidas reales por km de red de suministro (m3/km/año),2013,5.187
06,Cantabria,Pérdidas reales por km de red de suministro (m3/km/año),2012,..
06,Cantabria,Pérdidas reales por km de red de suministro (m3/km/año),2011,..
06,Cantabria,Pérdidas reales por km de red de suministro (m3/km/año),2010,..
06,Cantabria,Pérdidas reales por km de red de suministro (m3/km/año),2009,..
06,Cantabria,Pérdidas reales por km de red de suministro (m3/km/año),2008,..
06,Cantabria,Pérdidas reales por km de red de suministro (m3/km/año),2007,..
06,Cantabria,Pérdidas reales por km de red de suministro (m3/km/año),2006,..
06,Cantabria,Pérdidas reales por km de red de suministro (m3/km/año),2005,..
06,Cantabria,Pérdidas reales por km de red de suministro (m3/km/año),2004,..
06,Cantabria,Pérdidas reales por km de red de suministro (m3/km/año),2003,..
06,Cantabria,Pérdidas reales por km de red de suministro (m3/km/año),2002,..
06,Cantabria,Pérdidas reales por km de red de suministro (m3/km/año),2001,..
06,Cantabria,Pérdidas reales por km de red de suministro (m3/km/año),2000,..
06,Cantabria,Número de tanques de tormenta,2022,10
06,Cantabria,Número de tanques de tormenta,2020,10
06,Cantabria,Número de tanques de tormenta,2018,9
06,Cantabria,Número de tanques de tormenta,2016,6
06,Cantabria,Número de tanques de tormenta,2014,6
06,Cantabria,Número de tanques de tormenta,2013,4
06,Cantabria,Número de tanques de tormenta,2012,..
06,Cantabria,Número de tanques de tormenta,2011,..
06,Cantabria,Número de tanques de tormenta,2010,..
06,Cantabria,Número de tanques de tormenta,2009,..
06,Cantabria,Número de tanques de tormenta,2008,..
06,Cantabria,Número de tanques de tormenta,2007,..
06,Cantabria,Número de tanques de tormenta,2006,..
06,Cantabria,Número de tanques de tormenta,2005,..
06,Cantabria,Número de tanques de tormenta,2004,..
06,Cantabria,Número de tanques de tormenta,2003,..
06,Cantabria,Número de tanques de tormenta,2002,..
06,Cantabria,Número de tanques de tormenta,2001,..
06,Cantabria,Número de tanques de tormenta,2000,..
07,Castilla y León,Longitud de la red de suministro por habitante (metros/habitante),2022,"6,7"
07,Castilla y León,Longitud de la red de suministro por habitante (metros/habitante),2020,"6,8"
07,Castilla y León,Longitud de la red de suministro por habitante (metros/habitante),2018,"6,6"
07,Castilla y León,Longitud de la red de suministro por habitante (metros/habitante),2016,"6,8"
07,Castilla y León,Longitud de la red de suministro por habitante (metros/habitante),2014,"6,6"
07,Castilla y León,Longitud de la red de suministro por habitante (metros/habitante),2013,"7,3"
07,Castilla y León,Longitud de la red de suministro por habitante (metros/habitante),2012,..
07,Castilla y León,Longitud de la red de suministro por habitante (metros/habitante),2011,..
07,Castilla y León,Longitud de la red de suministro por habitante (metros/habitante),2010,..
07,Castilla y León,Longitud de la red de suministro por habitante (metros/habitante),2009,..
07,Castilla y León,Longitud de la red de suministro por habitante (metros/habitante),2008,..
07,Castilla y León,Longitud de la red de suministro por habitante (metros/habitante),2007,..
07,Castilla y León,Longitud de la red de suministro por habitante (metros/habitante),2006,..
07,Castilla y León,Longitud de la red de suministro por habitante (metros/habitante),2005,..
07,Castilla y León,Longitud de la red de suministro por habitante (metros/habitante),2004,..
07,Castilla y León,Longitud de la red de suministro por habitante (metros/habitante),2003,..
07,Castilla y León,Longitud de la red de suministro por habitante (metros/habitante),2002,..
07,Castilla y León,Longitud de la red de suministro por habitante (metros/habitante),2001,..
07,Castilla y León,Longitud de la red de suministro por habitante (metros/habitante),2000,..
07,Castilla y León,Longitud de la red de alcantarillado por habitante (metros/habitante),2022,"5,3"
07,Castilla y León,Longitud de la red de alcantarillado por habitante (metros/habitante),2020,"4,1"
07,Castilla y León,Longitud de la red de alcantarillado por habitante (metros/habitante),2018,"4,4"
07,Castilla y León,Longitud de la red de alcantarillado por habitante (metros/habitante),2016,"4,0"
07,Castilla y León,Longitud de la red de alcantarillado por habitante (metros/habitante),2014,"4,3"
07,Castilla y León,Longitud de la red de alcantarillado por habitante (metros/habitante),2013,"4,1"
07,Castilla y León,Longitud de la red de alcantarillado por habitante (metros/habitante),2012,..
07,Castilla y León,Longitud de la red de alcantarillado por habitante (metros/habitante),2011,..
07,Castilla y León,Longitud de la red de alcantarillado por habitante (metros/habitante),2010,..
07,Castilla y León,Longitud de la red de alcantarillado por habitante (metros/habitante),2009,..
07,Castilla y León,Longitud de la red de alcantarillado por habitante (metros/habitante),2008,..
07,Castilla y León,Longitud de la red de alcantarillado por habitante (metros/habitante),2007,..
07,Castilla y León,Longitud de la red de alcantarillado por habitante (metros/habitante),2006,..
07,Castilla y León,Longitud de la red de alcantarillado por habitante (metros/habitante),2005,..
07,Castilla y León,Longitud de la red de alcantarillado por habitante (metros/habitante),2004,..
07,Castilla y León,Longitud de la red de alcantarillado por habitante (metros/habitante),2003,..
07,Castilla y León,Longitud de la red de alcantarillado por habitante (metros/habitante),2002,..
07,Castilla y León,Longitud de la red de alcantarillado por habitante (metros/habitante),2001,..
07,Castilla y León,Longitud de la red de alcantarillado por habitante (metros/habitante),2000,..
07,Castilla y León,Pérdidas reales por km de red de suministro (m3/km/año),2022,2.734
07,Castilla y León,Pérdidas reales por km de red de suministro (m3/km/año),2020,2.294
07,Castilla y León,Pérdidas reales por km de red de suministro (m3/km/año),2018,2.579
07,Castilla y León,Pérdidas reales por km de red de suministro (m3/km/año),2016,2.578
07,Castilla y León,Pérdidas reales por km de red de suministro (m3/km/año),2014,3.000
07,Castilla y León,Pérdidas reales por km de red de suministro (m3/km/año),2013,3.189
07,Castilla y León,Pérdidas reales por km de red de suministro (m3/km/año),2012,..
07,Castilla y León,Pérdidas reales por km de red de suministro (m3/km/año),2011,..
07,Castilla y León,Pérdidas reales por km de red de suministro (m3/km/año),2010,..
07,Castilla y León,Pérdidas reales por km de red de suministro (m3/km/año),2009,..
07,Castilla y León,Pérdidas reales por km de red de suministro (m3/km/año),2008,..
07,Castilla y León,Pérdidas reales por km de red de suministro (m3/km/año),2007,..
07,Castilla y León,Pérdidas reales por km de red de suministro (m3/km/año),2006,..
07,Castilla y León,Pérdidas reales por km de red de suministro (m3/km/año),2005,..
07,Castilla y León,Pérdidas reales por km de red de suministro (m3/km/año),2004,..
07,Castilla y León,Pérdidas reales por km de red de suministro (m3/km/año),2003,..
07,Castilla y León,Pérdidas reales por km de red de suministro (m3/km/año),2002,..
07,Castilla y León,Pérdidas reales por km de red de suministro (m3/km/año),2001,..
07,Castilla y León,Pérdidas reales por km de red de suministro (m3/km/año),2000,..
07,Castilla y León,Número de tanques de tormenta,2022,10
07,Castilla y León,Número de tanques de tormenta,2020,6
07,Castilla y León,Número de tanques de tormenta,2018,5
07,Castilla y León,Número de tanques de tormenta,2016,6
07,Castilla y León,Número de tanques de tormenta,2014,2
07,Castilla y León,Número de tanques de tormenta,2013,2
07,Castilla y León,Número de tanques de tormenta,2012,..
07,Castilla y León,Número de tanques de tormenta,2011,..
07,Castilla y León,Número de tanques de tormenta,2010,..
07,Castilla y León,Número de tanques de tormenta,2009,..
07,Castilla y León,Número de tanques de tormenta,2008,..
07,Castilla y León,Número de tanques de tormenta,2007,..
07,Castilla y León,Número de tanques de tormenta,2006,..
07,Castilla y León,Número de tanques de tormenta,2005,..
07,Castilla y León,Número de tanques de tormenta,2004,..
07,Castilla y León,Número de tanques de tormenta,2003,..
07,Castilla y León,Número de tanques de tormenta,2002,..
07,Castilla y León,Número de tanques de tormenta,2001,..
07,Castilla y León,Número de tanques de tormenta,2000,..
08,Castilla - La Mancha,Longitud de la red de suministro por habitante (metros/habitante),2022,"3,4"
08,Castilla - La Mancha,Longitud de la red de suministro por habitante (metros/habitante),2020,"6,8"
08,Castilla - La Mancha,Longitud de la red de suministro por habitante (metros/habitante),2018,"7,2"
08,Castilla - La Mancha,Longitud de la red de suministro por habitante (metros/habitante),2016,"7,0"
08,Castilla - La Mancha,Longitud de la red de suministro por habitante (metros/habitante),2014,"6,7"
08,Castilla - La Mancha,Longitud de la red de suministro por habitante (metros/habitante),2013,"7,3"
08,Castilla - La Mancha,Longitud de la red de suministro por habitante (metros/habitante),2012,..
08,Castilla - La Mancha,Longitud de la red de suministro por habitante (metros/habitante),2011,..
08,Castilla - La Mancha,Longitud de la red de suministro por habitante (metros/habitante),2010,..
08,Castilla - La Mancha,Longitud de la red de suministro por habitante (metros/habitante),2009,..
08,Castilla - La Mancha,Longitud de la red de suministro por habitante (metros/habitante),2008,..
08,Castilla - La Mancha,Longitud de la red de suministro por habitante (metros/habitante),2007,..
08,Castilla - La Mancha,Longitud de la red de suministro por habitante (metros/habitante),2006,..
08,Castilla - La Mancha,Longitud de la red de suministro por habitante (metros/habitante),2005,..
08,Castilla - La Mancha,Longitud de la red de suministro por habitante (metros/habitante),2004,..
08,Castilla - La Mancha,Longitud de la red de suministro por habitante (metros/habitante),2003,..
08,Castilla - La Mancha,Longitud de la red de suministro por habitante (metros/habitante),2002,..
08,Castilla - La Mancha,Longitud de la red de suministro por habitante (metros/habitante),2001,..
08,Castilla - La Mancha,Longitud de la red de suministro por habitante (metros/habitante),2000,..
08,Castilla - La Mancha,Longitud de la red de alcantarillado por habitante (metros/habitante),2022,"7,0"
08,Castilla - La Mancha,Longitud de la red de alcantarillado por habitante (metros/habitante),2020,"4,1"
08,Castilla - La Mancha,Longitud de la red de alcantarillado por habitante (metros/habitante),2018,"4,1"
08,Castilla - La Mancha,Longitud de la red de alcantarillado por habitante (metros/habitante),2016,"4,0"
08,Castilla - La Mancha,Longitud de la red de alcantarillado por habitante (metros/habitante),2014,"3,9"
08,Castilla - La Mancha,Longitud de la red de alcantarillado por habitante (metros/habitante),2013,"4,3"
08,Castilla - La Mancha,Longitud de la red de alcantarillado por habitante (metros/habitante),2012,..
08,Castilla - La Mancha,Longitud de la red de alcantarillado por habitante (metros/habitante),2011,..
08,Castilla - La Mancha,Longitud de la red de alcantarillado por habitante (metros/habitante),2010,..
08,Castilla - La Mancha,Longitud de la red de alcantarillado por habitante (metros/habitante),2009,..
08,Castilla - La Mancha,Longitud de la red de alcantarillado por habitante (metros/habitante),2008,..
08,Castilla - La Mancha,Longitud de la red de alcantarillado por habitante (metros/habitante),2007,..
08,Castilla - La Mancha,Longitud de la red de alcantarillado por habitante (metros/habitante),2006,..
08,Castilla - La Mancha,Longitud de la red de alcantarillado por habitante (metros/habitante),2005,..
08,Castilla - La Mancha,Longitud de la red de alcantarillado por habitante (metros/habitante),2004,..
08,Castilla - La Mancha,Longitud de la red de alcantarillado por habitante (metros/habitante),2003,..
08,Castilla - La Mancha,Longitud de la red de alcantarillado por habitante (metros/habitante),2002,..
08,Castilla - La Mancha,Longitud de la red de alcantarillado por habitante (metros/habitante),2001,..
08,Castilla - La Mancha,Longitud de la red de alcantarillado por habitante (metros/habitante),2000,..
08,Castilla - La Mancha,Pérdidas reales por km de red de suministro (m3/km/año),2022,2.812
08,Castilla - La Mancha,Pérdidas reales por km de red de suministro (m3/km/año),2020,3.217
08,Castilla - La Mancha,Pérdidas reales por km de red de suministro (m3/km/año),2018,2.863
08,Castilla - La Mancha,Pérdidas reales por km de red de suministro (m3/km/año),2016,2.512
08,Castilla - La Mancha,Pérdidas reales por km de red de suministro (m3/km/año),2014,2.738
08,Castilla - La Mancha,Pérdidas reales por km de red de suministro (m3/km/año),2013,2.346
08,Castilla - La Mancha,Pérdidas reales por km de red de suministro (m3/km/año),2012,..
08,Castilla - La Mancha,Pérdidas reales por km de red de suministro (m3/km/año),2011,..
08,Castilla - La Mancha,Pérdidas reales por km de red de suministro (m3/km/año),2010,..
08,Castilla - La Mancha,Pérdidas reales por km de red de suministro (m3/km/año),2009,..
08,Castilla - La Mancha,Pérdidas reales por km de red de suministro (m3/km/año),2008,..
08,Castilla - La Mancha,Pérdidas reales por km de red de suministro (m3/km/año),2007,..
08,Castilla - La Mancha,Pérdidas reales por km de red de suministro (m3/km/año),2006,..
08,Castilla - La Mancha,Pérdidas reales por km de red de suministro (m3/km/año),2005,..
08,Castilla - La Mancha,Pérdidas reales por km de red de suministro (m3/km/año),2004,..
08,Castilla - La Mancha,Pérdidas reales por km de red de suministro (m3/km/año),2003,..
08,Castilla - La Mancha,Pérdidas reales por km de red de suministro (m3/km/año),2002,..
08,Castilla - La Mancha,Pérdidas reales por km de red de suministro (m3/km/año),2001,..
08,Castilla - La Mancha,Pérdidas reales por km de red de suministro (m3/km/año),2000,..
08,Castilla - La Mancha,Número de tanques de tormenta,2022,6
08,Castilla - La Mancha,Número de tanques de tormenta,2020,6
08,Castilla - La Mancha,Número de tanques de tormenta,2018,6
08,Castilla - La Mancha,Número de tanques de tormenta,2016,6
08,Castilla - La Mancha,Número de tanques de tormenta,2014,6
08,Castilla - La Mancha,Número de tanques de tormenta,2013,7
08,Castilla - La Mancha,Número de tanques de tormenta,2012,..
08,Castilla - La Mancha,Número de tanques de tormenta,2011,..
08,Castilla - La Mancha,Número de tanques de tormenta,2010,..
08,Castilla - La Mancha,Número de tanques de tormenta,2009,..
08,Castilla - La Mancha,Número de tanques de tormenta,2008,..
08,Castilla - La Mancha,Número de tanques de tormenta,2007,..
08,Castilla - La Mancha,Número de tanques de tormenta,2006,..
08,Castilla - La Mancha,Número de tanques de tormenta,2005,..
08,Castilla - La Mancha,Número de tanques de tormenta,2004,..
08,Castilla - La Mancha,Número de tanques de tormenta,2003,..
08,Castilla - La Mancha,Número de tanques de tormenta,2002,..
08,Castilla - La Mancha,Número de tanques de tormenta,2001,..
08,Castilla - La Mancha,Número de tanques de tormenta,2000,..
09,Cataluña,Longitud de la red de suministro por habitante (metros/habitante),2022,"4,3"
09,Cataluña,Longitud de la red de suministro por habitante (metros/habitante),2020,"5,1"
09,Cataluña,Longitud de la red de suministro por habitante (metros/habitante),2018,"5,2"
09,Cataluña,Longitud de la red de suministro por habitante (metros/habitante),2016,"5,4"
09,Cataluña,Longitud de la red de suministro por habitante (metros/habitante),2014,"5,4"
09,Cataluña,Longitud de la red de suministro por habitante (metros/habitante),2013,"5,6"
09,Cataluña,Longitud de la red de suministro por habitante (metros/habitante),2012,..
09,Cataluña,Longitud de la red de suministro por habitante (metros/habitante),2011,..
09,Cataluña,Longitud de la red de suministro por habitante (metros/habitante),2010,..
09,Cataluña,Longitud de la red de suministro por habitante (metros/habitante),2009,..
09,Cataluña,Longitud de la red de suministro por habitante (metros/habitante),2008,..
09,Cataluña,Longitud de la red de suministro por habitante (metros/habitante),2007,..
09,Cataluña,Longitud de la red de suministro por habitante (metros/habitante),2006,..
09,Cataluña,Longitud de la red de suministro por habitante (metros/habitante),2005,..
09,Cataluña,Longitud de la red de suministro por habitante (metros/habitante),2004,..
09,Cataluña,Longitud de la red de suministro por habitante (metros/habitante),2003,..
09,Cataluña,Longitud de la red de suministro por habitante (metros/habitante),2002,..
09,Cataluña,Longitud de la red de suministro por habitante (metros/habitante),2001,..
09,Cataluña,Longitud de la red de suministro por habitante (metros/habitante),2000,..
09,Cataluña,Longitud de la red de alcantarillado por habitante (metros/habitante),2022,"21,7"
09,Cataluña,Longitud de la red de alcantarillado por habitante (metros/habitante),2020,"1,9"
09,Cataluña,Longitud de la red de alcantarillado por habitante (metros/habitante),2018,"1,9"
09,Cataluña,Longitud de la red de alcantarillado por habitante (metros/habitante),2016,"1,9"
09,Cataluña,Longitud de la red de alcantarillado por habitante (metros/habitante),2014,"1,9"
09,Cataluña,Longitud de la red de alcantarillado por habitante (metros/habitante),2013,"1,9"
09,Cataluña,Longitud de la red de alcantarillado por habitante (metros/habitante),2012,..
09,Cataluña,Longitud de la red de alcantarillado por habitante (metros/habitante),2011,..
09,Cataluña,Longitud de la red de alcantarillado por habitante (metros/habitante),2010,..
09,Cataluña,Longitud de la red de alcantarillado por habitante (metros/habitante),2009,..
09,Cataluña,Longitud de la red de alcantarillado por habitante (metros/habitante),2008,..
09,Cataluña,Longitud de la red de alcantarillado por habitante (metros/habitante),2007,..
09,Cataluña,Longitud de la red de alcantarillado por habitante (metros/habitante),2006,..
09,Cataluña,Longitud de la red de alcantarillado por habitante (metros/habitante),2005,..
09,Cataluña,Longitud de la red de alcantarillado por habitante (metros/habitante),2004,..
09,Cataluña,Longitud de la red de alcantarillado por habitante (metros/habitante),2003,..
09,Cataluña,Longitud de la red de alcantarillado por habitante (metros/habitante),2002,..
09,Cataluña,Longitud de la red de alcantarillado por habitante (metros/habitante),2001,..
09,Cataluña,Longitud de la red de alcantarillado por habitante (metros/habitante),2000,..
09,Cataluña,Pérdidas reales por km de red de suministro (m3/km/año),2022,2.191
09,Cataluña,Pérdidas reales por km de red de suministro (m3/km/año),2020,2.207
09,Cataluña,Pérdidas reales por km de red de suministro (m3/km/año),2018,2.124
09,Cataluña,Pérdidas reales por km de red de suministro (m3/km/año),2016,2.272
09,Cataluña,Pérdidas reales por km de red de suministro (m3/km/año),2014,1.669
09,Cataluña,Pérdidas reales por km de red de suministro (m3/km/año),2013,1.739
09,Cataluña,Pérdidas reales por km de red de suministro (m3/km/año),2012,..
09,Cataluña,Pérdidas reales por km de red de suministro (m3/km/año),2011,..
09,Cataluña,Pérdidas reales por km de red de suministro (m3/km/año),2010,..
09,Cataluña,Pérdidas reales por km de red de suministro (m3/km/año),2009,..
09,Cataluña,Pérdidas reales por km de red de suministro (m3/km/año),2008,..
09,Cataluña,Pérdidas reales por km de red de suministro (m3/km/año),2007,..
09,Cataluña,Pérdidas reales por km de red de suministro (m3/km/año),2006,..
09,Cataluña,Pérdidas reales por km de red de suministro (m3/km/año),2005,..
09,Cataluña,Pérdidas reales por km de red de suministro (m3/km/año),2004,..
09,Cataluña,Pérdidas reales por km de red de suministro (m3/km/año),2003,..
09,Cataluña,Pérdidas reales por km de red de suministro (m3/km/año),2002,..
09,Cataluña,Pérdidas reales por km de red de suministro (m3/km/año),2001,..
09,Cataluña,Pérdidas reales por km de red de suministro (m3/km/año),2000,..
09,Cataluña,Número de tanques de tormenta,2022,19
09,Cataluña,Número de tanques de tormenta,2020,19
09,Cataluña,Número de tanques de tormenta,2018,19
09,Cataluña,Número de tanques de tormenta,2016,19
09,Cataluña,Número de tanques de tormenta,2014,16
09,Cataluña,Número de tanques de tormenta,2013,8
09,Cataluña,Número de tanques de tormenta,2012,..
09,Cataluña,Número de tanques de tormenta,2011,..
09,Cataluña,Número de tanques de tormenta,2010,..
09,Cataluña,Número de tanques de tormenta,2009,..
09,Cataluña,Número de tanques de tormenta,2008,..
09,Cataluña,Número de tanques de tormenta,2007,..
09,Cataluña,Número de tanques de tormenta,2006,..
09,Cataluña,Número de tanques de tormenta,2005,..
09,Cataluña,Número de tanques de tormenta,2004,..
09,Cataluña,Número de tanques de tormenta,2003,..
09,Cataluña,Número de tanques de tormenta,2002,..
09,Cataluña,Número de tanques de tormenta,2001,..
09,Cataluña,Número de tanques de tormenta,2000,..
10,Comunitat Valenciana,Longitud de la red de suministro por habitante (metros/habitante),2022,"6,7"
10,Comunitat Valenciana,Longitud de la red de suministro por habitante (metros/habitante),2020,"7,9"
10,Comunitat Valenciana,Longitud de la red de suministro por habitante (metros/habitante),2018,"8,1"
10,Comunitat Valenciana,Longitud de la red de suministro por habitante (metros/habitante),2016,"6,9"
10,Comunitat Valenciana,Longitud de la red de suministro por habitante (metros/habitante),2014,"7,6"
10,Comunitat Valenciana,Longitud de la red de suministro por habitante (metros/habitante),2013,"8,6"
10,Comunitat Valenciana,Longitud de la red de suministro por habitante (metros/habitante),2012,..
10,Comunitat Valenciana,Longitud de la red de suministro por habitante (metros/habitante),2011,..
10,Comunitat Valenciana,Longitud de la red de suministro por habitante (metros/habitante),2010,..
10,Comunitat Valenciana,Longitud de la red de suministro por habitante (metros/habitante),2009,..
10,Comunitat Valenciana,Longitud de la red de suministro por habitante (metros/habitante),2008,..
10,Comunitat Valenciana,Longitud de la red de suministro por habitante (metros/habitante),2007,..
10,Comunitat Valenciana,Longitud de la red de suministro por habitante (metros/habitante),2006,..
10,Comunitat Valenciana,Longitud de la red de suministro por habitante (metros/habitante),2005,..
10,Comunitat Valenciana,Longitud de la red de suministro por habitante (metros/habitante),2004,..
10,Comunitat Valenciana,Longitud de la red de suministro por habitante (metros/habitante),2003,..
10,Comunitat Valenciana,Longitud de la red de suministro por habitante (metros/habitante),2002,..
10,Comunitat Valenciana,Longitud de la red de suministro por habitante (metros/habitante),2001,..
10,Comunitat Valenciana,Longitud de la red de suministro por habitante (metros/habitante),2000,..
10,Comunitat Valenciana,Longitud de la red de alcantarillado por habitante (metros/habitante),2022,"2,2"
10,Comunitat Valenciana,Longitud de la red de alcantarillado por habitante (metros/habitante),2020,"2,6"
10,Comunitat Valenciana,Longitud de la red de alcantarillado por habitante (metros/habitante),2018,"3,1"
10,Comunitat Valenciana,Longitud de la red de alcantarillado por habitante (metros/habitante),2016,"3,1"
10,Comunitat Valenciana,Longitud de la red de alcantarillado por habitante (metros/habitante),2014,"2,9"
10,Comunitat Valenciana,Longitud de la red de alcantarillado por habitante (metros/habitante),2013,"3,2"
10,Comunitat Valenciana,Longitud de la red de alcantarillado por habitante (metros/habitante),2012,..
10,Comunitat Valenciana,Longitud de la red de alcantarillado por habitante (metros/habitante),2011,..
10,Comunitat Valenciana,Longitud de la red de alcantarillado por habitante (metros/habitante),2010,..
10,Comunitat Valenciana,Longitud de la red de alcantarillado por habitante (metros/habitante),2009,..
10,Comunitat Valenciana,Longitud de la red de alcantarillado por habitante (metros/habitante),2008,..
10,Comunitat Valenciana,Longitud de la red de alcantarillado por habitante (metros/habitante),2007,..
10,Comunitat Valenciana,Longitud de la red de alcantarillado por habitante (metros/habitante),2006,..
10,Comunitat Valenciana,Longitud de la red de alcantarillado por habitante (metros/habitante),2005,..
10,Comunitat Valenciana,Longitud de la red de alcantarillado por habitante (metros/habitante),2004,..
10,Comunitat Valenciana,Longitud de la red de alcantarillado por habitante (metros/habitante),2003,..
10,Comunitat Valenciana,Longitud de la red de alcantarillado por habitante (metros/habitante),2002,..
10,Comunitat Valenciana,Longitud de la red de alcantarillado por habitante (metros/habitante),2001,..
10,Comunitat Valenciana,Longitud de la red de alcantarillado por habitante (metros/habitante),2000,..
10,Comunitat Valenciana,Pérdidas reales por km de red de suministro (m3/km/año),2022,2.297
10,Comunitat Valenciana,Pérdidas reales por km de red de suministro (m3/km/año),2020,1.922
10,Comunitat Valenciana,Pérdidas reales por km de red de suministro (m3/km/año),2018,2.531
10,Comunitat Valenciana,Pérdidas reales por km de red de suministro (m3/km/año),2016,2.508
10,Comunitat Valenciana,Pérdidas reales por km de red de suministro (m3/km/año),2014,2.043
10,Comunitat Valenciana,Pérdidas reales por km de red de suministro (m3/km/año),2013,2.002
10,Comunitat Valenciana,Pérdidas reales por km de red de suministro (m3/km/año),2012,..
10,Comunitat Valenciana,Pérdidas reales por km de red de suministro (m3/km/año),2011,..
10,Comunitat Valenciana,Pérdidas reales por km de red de suministro (m3/km/año),2010,..
10,Comunitat Valenciana,Pérdidas reales por km de red de suministro (m3/km/año),2009,..
10,Comunitat Valenciana,Pérdidas reales por km de red de suministro (m3/km/año),2008,..
10,Comunitat Valenciana,Pérdidas reales por km de red de suministro (m3/km/año),2007,..
10,Comunitat Valenciana,Pérdidas reales por km de red de suministro (m3/km/año),2006,..
10,Comunitat Valenciana,Pérdidas reales por km de red de suministro (m3/km/año),2005,..
10,Comunitat Valenciana,Pérdidas reales por km de red de suministro (m3/km/año),2004,..
10,Comunitat Valenciana,Pérdidas reales por km de red de suministro (m3/km/año),2003,..
10,Comunitat Valenciana,Pérdidas reales por km de red de suministro (m3/km/año),2002,..
10,Comunitat Valenciana,Pérdidas reales por km de red de suministro (m3/km/año),2001,..
10,Comunitat Valenciana,Pérdidas reales por km de red de suministro (m3/km/año),2000,..
10,Comunitat Valenciana,Número de tanques de tormenta,2022,9
10,Comunitat Valenciana,Número de tanques de tormenta,2020,9
10,Comunitat Valenciana,Número de tanques de tormenta,2018,9
10,Comunitat Valenciana,Número de tanques de tormenta,2016,9
10,Comunitat Valenciana,Número de tanques de tormenta,2014,9
10,Comunitat Valenciana,Número de tanques de tormenta,2013,6
10,Comunitat Valenciana,Número de tanques de tormenta,2012,..
10,Comunitat Valenciana,Número de tanques de tormenta,2011,..
10,Comunitat Valenciana,Número de tanques de tormenta,2010,..
10,Comunitat Valenciana,Número de tanques de tormenta,2009,..
10,Comunitat Valenciana,Número de tanques de tormenta,2008,..
10,Comunitat Valenciana,Número de tanques de tormenta,2007,..
10,Comunitat Valenciana,Número de tanques de tormenta,2006,..
10,Comunitat Valenciana,Número de tanques de tormenta,2005,..
10,Comunitat Valenciana,Número de tanques de tormenta,2004,..
10,Comunitat Valenciana,Número de tanques de tormenta,2003,..
10,Comunitat Valenciana,Número de tanques de tormenta,2002,..
10,Comunitat Valenciana,Número de tanques de tormenta,2001,..
10,Comunitat Valenciana,Número de tanques de tormenta,2000,..
11,Extremadura,Longitud de la red de suministro por habitante (metros/habitante),2022,"8,2"
11,Extremadura,Longitud de la red de suministro por habitante (metros/habitante),2020,"7,8"
11,Extremadura,Longitud de la red de suministro por habitante (metros/habitante),2018,"7,8"
11,Extremadura,Longitud de la red de suministro por habitante (metros/habitante),2016,"7,4"
11,Extremadura,Longitud de la red de suministro por habitante (metros/habitante),2014,"6,4"
11,Extremadura,Longitud de la red de suministro por habitante (metros/habitante),2013,"7,0"
11,Extremadura,Longitud de la red de suministro por habitante (metros/habitante),2012,..
11,Extremadura,Longitud de la red de suministro por habitante (metros/habitante),2011,..
11,Extremadura,Longitud de la red de suministro por habitante (metros/habitante),2010,..
11,Extremadura,Longitud de la red de suministro por habitante (metros/habitante),2009,..
11,Extremadura,Longitud de la red de suministro por habitante (metros/habitante),2008,..
11,Extremadura,Longitud de la red de suministro por habitante (metros/habitante),2007,..
11,Extremadura,Longitud de la red de suministro por habitante (metros/habitante),2006,..
11,Extremadura,Longitud de la red de suministro por habitante (metros/habitante),2005,..
11,Extremadura,Longitud de la red de suministro por habitante (metros/habitante),2004,..
11,Extremadura,Longitud de la red de suministro por habitante (metros/habitante),2003,..
11,Extremadura,Longitud de la red de suministro por habitante (metros/habitante),2002,..
11,Extremadura,Longitud de la red de suministro por habitante (metros/habitante),2001,..
11,Extremadura,Longitud de la red de suministro por habitante (metros/habitante),2000,..
11,Extremadura,Longitud de la red de alcantarillado por habitante (metros/habitante),2022,"3,7"
11,Extremadura,Longitud de la red de alcantarillado por habitante (metros/habitante),2020,"3,6"
11,Extremadura,Longitud de la red de alcantarillado por habitante (metros/habitante),2018,"3,6"
11,Extremadura,Longitud de la red de alcantarillado por habitante (metros/habitante),2016,"3,0"
11,Extremadura,Longitud de la red de alcantarillado por habitante (metros/habitante),2014,"3,0"
11,Extremadura,Longitud de la red de alcantarillado por habitante (metros/habitante),2013,"3,2"
11,Extremadura,Longitud de la red de alcantarillado por habitante (metros/habitante),2012,..
11,Extremadura,Longitud de la red de alcantarillado por habitante (metros/habitante),2011,..
11,Extremadura,Longitud de la red de alcantarillado por habitante (metros/habitante),2010,..
11,Extremadura,Longitud de la red de alcantarillado por habitante (metros/habitante),2009,..
11,Extremadura,Longitud de la red de alcantarillado por habitante (metros/habitante),2008,..
11,Extremadura,Longitud de la red de alcantarillado por habitante (metros/habitante),2007,..
11,Extremadura,Longitud de la red de alcantarillado por habitante (metros/habitante),2006,..
11,Extremadura,Longitud de la red de alcantarillado por habitante (metros/habitante),2005,..
11,Extremadura,Longitud de la red de alcantarillado por habitante (metros/habitante),2004,..
11,Extremadura,Longitud de la red de alcantarillado por habitante (metros/habitante),2003,..
11,Extremadura,Longitud de la red de alcantarillado por habitante (metros/habitante),2002,..
11,Extremadura,Longitud de la red de alcantarillado por habitante (metros/habitante),2001,..
11,Extremadura,Longitud de la red de alcantarillado por habitante (metros/habitante),2000,..
11,Extremadura,Pérdidas reales por km de red de suministro (m3/km/año),2022,2.807
11,Extremadura,Pérdidas reales por km de red de suministro (m3/km/año),2020,2.407
11,Extremadura,Pérdidas reales por km de red de suministro (m3/km/año),2018,2.903
11,Extremadura,Pérdidas reales por km de red de suministro (m3/km/año),2016,3.559
11,Extremadura,Pérdidas reales por km de red de suministro (m3/km/año),2014,3.594
11,Extremadura,Pérdidas reales por km de red de suministro (m3/km/año),2013,3.448
11,Extremadura,Pérdidas reales por km de red de suministro (m3/km/año),2012,..
11,Extremadura,Pérdidas reales por km de red de suministro (m3/km/año),2011,..
11,Extremadura,Pérdidas reales por km de red de suministro (m3/km/año),2010,..
11,Extremadura,Pérdidas reales por km de red de suministro (m3/km/año),2009,..
11,Extremadura,Pérdidas reales por km de red de suministro (m3/km/año),2008,..
11,Extremadura,Pérdidas reales por km de red de suministro (m3/km/año),2007,..
11,Extremadura,Pérdidas reales por km de red de suministro (m3/km/año),2006,..
11,Extremadura,Pérdidas reales por km de red de suministro (m3/km/año),2005,..
11,Extremadura,Pérdidas reales por km de red de suministro (m3/km/año),2004,..
11,Extremadura,Pérdidas reales por km de red de suministro (m3/km/año),2003,..
11,Extremadura,Pérdidas reales por km de red de suministro (m3/km/año),2002,..
11,Extremadura,Pérdidas reales por km de red de suministro (m3/km/año),2001,..
11,Extremadura,Pérdidas reales por km de red de suministro (m3/km/año),2000,..
11,Extremadura,Número de tanques de tormenta,2022,5
11,Extremadura,Número de tanques de tormenta,2020,5
11,Extremadura,Número de tanques de tormenta,2018,5
11,Extremadura,Número de tanques de tormenta,2016,5
11,Extremadura,Número de tanques de tormenta,2014,2
11,Extremadura,Número de tanques de tormenta,2013,1
11,Extremadura,Número de tanques de tormenta,2012,..
11,Extremadura,Número de tanques de tormenta,2011,..
11,Extremadura,Número de tanques de tormenta,2010,..
11,Extremadura,Número de tanques de tormenta,2009,..
11,Extremadura,Número de tanques de tormenta,2008,..
11,Extremadura,Número de tanques de tormenta,2007,..
11,Extremadura,Número de tanques de tormenta,2006,..
11,Extremadura,Número de tanques de tormenta,2005,..
11,Extremadura,Número de tanques de tormenta,2004,..
11,Extremadura,Número de tanques de tormenta,2003,..
11,Extremadura,Número de tanques de tormenta,2002,..
11,Extremadura,Número de tanques de tormenta,2001,..
11,Extremadura,Número de tanques de tormenta,2000,..
12,Galicia,Longitud de la red de suministro por habitante (metros/habitante),2022,"2,7"
12,Galicia,Longitud de la red de suministro por habitante (metros/habitante),2020,"6,1"
12,Galicia,Longitud de la red de suministro por habitante (metros/habitante),2018,"5,6"
12,Galicia,Longitud de la red de suministro por habitante (metros/habitante),2016,"5,9"
12,Galicia,Longitud de la red de suministro por habitante (metros/habitante),2014,"5,8"
12,Galicia,Longitud de la red de suministro por habitante (metros/habitante),2013,"6,4"
12,Galicia,Longitud de la red de suministro por habitante (metros/habitante),2012,..
12,Galicia,Longitud de la red de suministro por habitante (metros/habitante),2011,..
12,Galicia,Longitud de la red de suministro por habitante (metros/habitante),2010,..
12,Galicia,Longitud de la red de suministro por habitante (metros/habitante),2009,..
12,Galicia,Longitud de la red de suministro por habitante (metros/habitante),2008,..
12,Galicia,Longitud de la red de suministro por habitante (metros/habitante),2007,..
12,Galicia,Longitud de la red de suministro por habitante (metros/habitante),2006,..
12,Galicia,Longitud de la red de suministro por habitante (metros/habitante),2005,..
12,Galicia,Longitud de la red de suministro por habitante (metros/habitante),2004,..
12,Galicia,Longitud de la red de suministro por habitante (metros/habitante),2003,..
12,Galicia,Longitud de la red de suministro por habitante (metros/habitante),2002,..
12,Galicia,Longitud de la red de suministro por habitante (metros/habitante),2001,..
12,Galicia,Longitud de la red de suministro por habitante (metros/habitante),2000,..
12,Galicia,Longitud de la red de alcantarillado por habitante (metros/habitante),2022,"7,1"
12,Galicia,Longitud de la red de alcantarillado por habitante (metros/habitante),2020,"4,5"
12,Galicia,Longitud de la red de alcantarillado por habitante (metros/habitante),2018,"4,5"
12,Galicia,Longitud de la red de alcantarillado por habitante (metros/habitante),2016,"4,8"
12,Galicia,Longitud de la red de alcantarillado por habitante (metros/habitante),2014,"4,9"
12,Galicia,Longitud de la red de alcantarillado por habitante (metros/habitante),2013,"5,0"
12,Galicia,Longitud de la red de alcantarillado por habitante (metros/habitante),2012,..
12,Galicia,Longitud de la red de alcantarillado por habitante (metros/habitante),2011,..
12,Galicia,Longitud de la red de alcantarillado por habitante (metros/habitante),2010,..
12,Galicia,Longitud de la red de alcantarillado por habitante (metros/habitante),2009,..
12,Galicia,Longitud de la red de alcantarillado por habitante (metros/habitante),2008,..
12,Galicia,Longitud de la red de alcantarillado por habitante (metros/habitante),2007,..
12,Galicia,Longitud de la red de alcantarillado por habitante (metros/habitante),2006,..
12,Galicia,Longitud de la red de alcantarillado por habitante (metros/habitante),2005,..
12,Galicia,Longitud de la red de alcantarillado por habitante (metros/habitante),2004,..
12,Galicia,Longitud de la red de alcantarillado por habitante (metros/habitante),2003,..
12,Galicia,Longitud de la red de alcantarillado por habitante (metros/habitante),2002,..
12,Galicia,Longitud de la red de alcantarillado por habitante (metros/habitante),2001,..
12,Galicia,Longitud de la red de alcantarillado por habitante (metros/habitante),2000,..
12,Galicia,Pérdidas reales por km de red de suministro (m3/km/año),2022,3.090
12,Galicia,Pérdidas reales por km de red de suministro (m3/km/año),2020,2.391
12,Galicia,Pérdidas reales por km de red de suministro (m3/km/año),2018,2.620
12,Galicia,Pérdidas reales por km de red de suministro (m3/km/año),2016,3.550
12,Galicia,Pérdidas reales por km de red de suministro (m3/km/año),2014,2.504
12,Galicia,Pérdidas reales por km de red de suministro (m3/km/año),2013,2.525
12,Galicia,Pérdidas reales por km de red de suministro (m3/km/año),2012,..
12,Galicia,Pérdidas reales por km de red de suministro (m3/km/año),2011,..
12,Galicia,Pérdidas reales por km de red de suministro (m3/km/año),2010,..
12,Galicia,Pérdidas reales por km de red de suministro (m3/km/año),2009,..
12,Galicia,Pérdidas reales por km de red de suministro (m3/km/año),2008,..
12,Galicia,Pérdidas reales por km de red de suministro (m3/km/año),2007,..
12,Galicia,Pérdidas reales por km de red de suministro (m3/km/año),2006,..
12,Galicia,Pérdidas reales por km de red de suministro (m3/km/año),2005,..
12,Galicia,Pérdidas reales por km de red de suministro (m3/km/año),2004,..
12,Galicia,Pérdidas reales por km de red de suministro (m3/km/año),2003,..
12,Galicia,Pérdidas reales por km de red de suministro (m3/km/año),2002,..
12,Galicia,Pérdidas reales por km de red de suministro (m3/km/año),2001,..
12,Galicia,Pérdidas reales por km de red de suministro (m3/km/año),2000,..
12,Galicia,Número de tanques de tormenta,2022,54
12,Galicia,Número de tanques de tormenta,2020,54
12,Galicia,Número de tanques de tormenta,2018,54
12,Galicia,Número de tanques de tormenta,2016,62
12,Galicia,Número de tanques de tormenta,2014,54
12,Galicia,Número de tanques de tormenta,2013,54
12,Galicia,Número de tanques de tormenta,2012,..
12,Galicia,Número de tanques de tormenta,2011,..
12,Galicia,Número de tanques de tormenta,2010,..
12,Galicia,Número de tanques de tormenta,2009,..
12,Galicia,Número de tanques de tormenta,2008,..
12,Galicia,Número de tanques de tormenta,2007,..
12,Galicia,Número de tanques de tormenta,2006,..
12,Galicia,Número de tanques de tormenta,2005,..
12,Galicia,Número de tanques de tormenta,2004,..
12,Galicia,Número de tanques de tormenta,2003,..
12,Galicia,Número de tanques de tormenta,2002,..
12,Galicia,Número de tanques de tormenta,2001,..
12,Galicia,Número de tanques de tormenta,2000,..
13,"Madrid, Comunidad de",Longitud de la red de suministro por habitante (metros/habitante),2022,"5,1"
13,"Madrid, Comunidad de",Longitud de la red de suministro por habitante (metros/habitante),2020,"2,7"
13,"Madrid, Comunidad de",Longitud de la red de suministro por habitante (metros/habitante),2018,"2,8"
13,"Madrid, Comunidad de",Longitud de la red de suministro por habitante (metros/habitante),2016,"2,8"
13,"Madrid, Comunidad de",Longitud de la red de suministro por habitante (metros/habitante),2014,"2,8"
13,"Madrid, Comunidad de",Longitud de la red de suministro por habitante (metros/habitante),2013,"2,8"
13,"Madrid, Comunidad de",Longitud de la red de suministro por habitante (metros/habitante),2012,..
13,"Madrid, Comunidad de",Longitud de la red de suministro por habitante (metros/habitante),2011,..
13,"Madrid, Comunidad de",Longitud de la red de suministro por habitante (metros/habitante),2010,..
13,"Madrid, Comunidad de",Longitud de la red de suministro por habitante (metros/habitante),2009,..
13,"Madrid, Comunidad de",Longitud de la red de suministro por habitante (metros/habitante),2008,..
13,"Madrid, Comunidad de",Longitud de la red de suministro por habitante (metros/habitante),2007,..
13,"Madrid, Comunidad de",Longitud de la red de suministro por habitante (metros/habitante),2006,..
13,"Madrid, Comunidad de",Longitud de la red de suministro por habitante (metros/habitante),2005,..
13,"Madrid, Comunidad de",Longitud de la red de suministro por habitante (metros/habitante),2004,..
13,"Madrid, Comunidad de",Longitud de la red de suministro por habitante (metros/habitante),2003,..
13,"Madrid, Comunidad de",Longitud de la red de suministro por habitante (metros/habitante),2002,..
13,"Madrid, Comunidad de",Longitud de la red de suministro por habitante (metros/habitante),2001,..
13,"Madrid, Comunidad de",Longitud de la red de suministro por habitante (metros/habitante),2000,..
13,"Madrid, Comunidad de",Longitud de la red de alcantarillado por habitante (metros/habitante),2022,"3,3"
13,"Madrid, Comunidad de",Longitud de la red de alcantarillado por habitante (metros/habitante),2020,"2,2"
13,"Madrid, Comunidad de",Longitud de la red de alcantarillado por habitante (metros/habitante),2018,"2,3"
13,"Madrid, Comunidad de",Longitud de la red de alcantarillado por habitante (metros/habitante),2016,"2,3"
13,"Madrid, Comunidad de",Longitud de la red de alcantarillado por habitante (metros/habitante),2014,"2,2"
13,"Madrid, Comunidad de",Longitud de la red de alcantarillado por habitante (metros/habitante),2013,"1,9"
13,"Madrid, Comunidad de",Longitud de la red de alcantarillado por habitante (metros/habitante),2012,..
13,"Madrid, Comunidad de",Longitud de la red de alcantarillado por habitante (metros/habitante),2011,..
13,"Madrid, Comunidad de",Longitud de la red de alcantarillado por habitante (metros/habitante),2010,..
13,"Madrid, Comunidad de",Longitud de la red de alcantarillado por habitante (metros/habitante),2009,..
13,"Madrid, Comunidad de",Longitud de la red de alcantarillado por habitante (metros/habitante),2008,..
13,"Madrid, Comunidad de",Longitud de la red de alcantarillado por habitante (metros/habitante),2007,..
13,"Madrid, Comunidad de",Longitud de la red de alcantarillado por habitante (metros/habitante),2006,..
13,"Madrid, Comunidad de",Longitud de la red de alcantarillado por habitante (metros/habitante),2005,..
13,"Madrid, Comunidad de",Longitud de la red de alcantarillado por habitante (metros/habitante),2004,..
13,"Madrid, Comunidad de",Longitud de la red de alcantarillado por habitante (metros/habitante),2003,..
13,"Madrid, Comunidad de",Longitud de la red de alcantarillado por habitante (metros/habitante),2002,..
13,"Madrid, Comunidad de",Longitud de la red de alcantarillado por habitante (metros/habitante),2001,..
13,"Madrid, Comunidad de",Longitud de la red de alcantarillado por habitante (metros/habitante),2000,..
13,"Madrid, Comunidad de",Pérdidas reales por km de red de suministro (m3/km/año),2022,274
13,"Madrid, Comunidad de",Pérdidas reales por km de red de suministro (m3/km/año),2020,1.086
13,"Madrid, Comunidad de",Pérdidas reales por km de red de suministro (m3/km/año),2018,570
13,"Madrid, Comunidad de",Pérdidas reales por km de red de suministro (m3/km/año),2016,775
13,"Madrid, Comunidad de",Pérdidas reales por km de red de suministro (m3/km/año),2014,1.295
13,"Madrid, Comunidad de",Pérdidas reales por km de red de suministro (m3/km/año),2013,1.695
13,"Madrid, Comunidad de",Pérdidas reales por km de red de suministro (m3/km/año),2012,..
13,"Madrid, Comunidad de",Pérdidas reales por km de red de suministro (m3/km/año),2011,..
13,"Madrid, Comunidad de",Pérdidas reales por km de red de suministro (m3/km/año),2010,..
13,"Madrid, Comunidad de",Pérdidas reales por km de red de suministro (m3/km/año),2009,..
13,"Madrid, Comunidad de",Pérdidas reales por km de red de suministro (m3/km/año),2008,..
13,"Madrid, Comunidad de",Pérdidas reales por km de red de suministro (m3/km/año),2007,..
13,"Madrid, Comunidad de",Pérdidas reales por km de red de suministro (m3/km/año),2006,..
13,"Madrid, Comunidad de",Pérdidas reales por km de red de suministro (m3/km/año),2005,..
13,"Madrid, Comunidad de",Pérdidas reales por km de red de suministro (m3/km/año),2004,..
13,"Madrid, Comunidad de",Pérdidas reales por km de red de suministro (m3/km/año),2003,..
13,"Madrid, Comunidad de",Pérdidas reales por km de red de suministro (m3/km/año),2002,..
13,"Madrid, Comunidad de",Pérdidas reales por km de red de suministro (m3/km/año),2001,..
13,"Madrid, Comunidad de",Pérdidas reales por km de red de suministro (m3/km/año),2000,..
13,"Madrid, Comunidad de",Número de tanques de tormenta,2022,65
13,"Madrid, Comunidad de",Número de tanques de tormenta,2020,63
13,"Madrid, Comunidad de",Número de tanques de tormenta,2018,63
13,"Madrid, Comunidad de",Número de tanques de tormenta,2016,63
13,"Madrid, Comunidad de",Número de tanques de tormenta,2014,63
13,"Madrid, Comunidad de",Número de tanques de tormenta,2013,64
13,"Madrid, Comunidad de",Número de tanques de tormenta,2012,..
13,"Madrid, Comunidad de",Número de tanques de tormenta,2011,..
13,"Madrid, Comunidad de",Número de tanques de tormenta,2010,..
13,"Madrid, Comunidad de",Número de tanques de tormenta,2009,..
13,"Madrid, Comunidad de",Número de tanques de tormenta,2008,..
13,"Madrid, Comunidad de",Número de tanques de tormenta,2007,..
13,"Madrid, Comunidad de",Número de tanques de tormenta,2006,..
13,"Madrid, Comunidad de",Número de tanques de tormenta,2005,..
13,"Madrid, Comunidad de",Número de tanques de tormenta,2004,..
13,"Madrid, Comunidad de",Número de tanques de tormenta,2003,..
13,"Madrid, Comunidad de",Número de tanques de tormenta,2002,..
13,"Madrid, Comunidad de",Número de tanques de tormenta,2001,..
13,"Madrid, Comunidad de",Número de tanques de tormenta,2000,..
14,"Murcia, Región de",Longitud de la red de suministro por habitante (metros/habitante),2022,"10,4"
14,"Murcia, Región de",Longitud de la red de suministro por habitante (metros/habitante),2020,"7,5"
14,"Murcia, Región de",Longitud de la red de suministro por habitante (metros/habitante),2018,"7,7"
14,"Murcia, Región de",Longitud de la red de suministro por habitante (metros/habitante),2016,"7,6"
14,"Murcia, Región de",Longitud de la red de suministro por habitante (metros/habitante),2014,"7,5"
14,"Murcia, Región de",Longitud de la red de suministro por habitante (metros/habitante),2013,"7,4"
14,"Murcia, Región de",Longitud de la red de suministro por habitante (metros/habitante),2012,..
14,"Murcia, Región de",Longitud de la red de suministro por habitante (metros/habitante),2011,..
14,"Murcia, Región de",Longitud de la red de suministro por habitante (metros/habitante),2010,..
14,"Murcia, Región de",Longitud de la red de suministro por habitante (metros/habitante),2009,..
14,"Murcia, Región de",Longitud de la red de suministro por habitante (metros/habitante),2008,..
14,"Murcia, Región de",Longitud de la red de suministro por habitante (metros/habitante),2007,..
14,"Murcia, Región de",Longitud de la red de suministro por habitante (metros/habitante),2006,..
14,"Murcia, Región de",Longitud de la red de suministro por habitante (metros/habitante),2005,..
14,"Murcia, Región de",Longitud de la red de suministro por habitante (metros/habitante),2004,..
14,"Murcia, Región de",Longitud de la red de suministro por habitante (metros/habitante),2003,..
14,"Murcia, Región de",Longitud de la red de suministro por habitante (metros/habitante),2002,..
14,"Murcia, Región de",Longitud de la red de suministro por habitante (metros/habitante),2001,..
14,"Murcia, Región de",Longitud de la red de suministro por habitante (metros/habitante),2000,..
14,"Murcia, Región de",Longitud de la red de alcantarillado por habitante (metros/habitante),2022,"6,0"
14,"Murcia, Región de",Longitud de la red de alcantarillado por habitante (metros/habitante),2020,"4,2"
14,"Murcia, Región de",Longitud de la red de alcantarillado por habitante (metros/habitante),2018,"4,2"
14,"Murcia, Región de",Longitud de la red de alcantarillado por habitante (metros/habitante),2016,"4,3"
14,"Murcia, Región de",Longitud de la red de alcantarillado por habitante (metros/habitante),2014,"4,1"
14,"Murcia, Región de",Longitud de la red de alcantarillado por habitante (metros/habitante),2013,"4,0"
14,"Murcia, Región de",Longitud de la red de alcantarillado por habitante (metros/habitante),2012,..
14,"Murcia, Región de",Longitud de la red de alcantarillado por habitante (metros/habitante),2011,..
14,"Murcia, Región de",Longitud de la red de alcantarillado por habitante (metros/habitante),2010,..
14,"Murcia, Región de",Longitud de la red de alcantarillado por habitante (metros/habitante),2009,..
14,"Murcia, Región de",Longitud de la red de alcantarillado por habitante (metros/habitante),2008,..
14,"Murcia, Región de",Longitud de la red de alcantarillado por habitante (metros/habitante),2007,..
14,"Murcia, Región de",Longitud de la red de alcantarillado por habitante (metros/habitante),2006,..
14,"Murcia, Región de",Longitud de la red de alcantarillado por habitante (metros/habitante),2005,..
14,"Murcia, Región de",Longitud de la red de alcantarillado por habitante (metros/habitante),2004,..
14,"Murcia, Región de",Longitud de la red de alcantarillado por habitante (metros/habitante),2003,..
14,"Murcia, Región de",Longitud de la red de alcantarillado por habitante (metros/habitante),2002,..
14,"Murcia, Región de",Longitud de la red de alcantarillado por habitante (metros/habitante),2001,..
14,"Murcia, Región de",Longitud de la red de alcantarillado por habitante (metros/habitante),2000,..
14,"Murcia, Región de",Pérdidas reales por km de red de suministro (m3/km/año),2022,1.084
14,"Murcia, Región de",Pérdidas reales por km de red de suministro (m3/km/año),2020,1.286
14,"Murcia, Región de",Pérdidas reales por km de red de suministro (m3/km/año),2018,1.282
14,"Murcia, Región de",Pérdidas reales por km de red de suministro (m3/km/año),2016,1.489
14,"Murcia, Región de",Pérdidas reales por km de red de suministro (m3/km/año),2014,1.535
14,"Murcia, Región de",Pérdidas reales por km de red de suministro (m3/km/año),2013,1.439
14,"Murcia, Región de",Pérdidas reales por km de red de suministro (m3/km/año),2012,..
14,"Murcia, Región de",Pérdidas reales por km de red de suministro (m3/km/año),2011,..
14,"Murcia, Región de",Pérdidas reales por km de red de suministro (m3/km/año),2010,..
14,"Murcia, Región de",Pérdidas reales por km de red de suministro (m3/km/año),2009,..
14,"Murcia, Región de",Pérdidas reales por km de red de suministro (m3/km/año),2008,..
14,"Murcia, Región de",Pérdidas reales por km de red de suministro (m3/km/año),2007,..
14,"Murcia, Región de",Pérdidas reales por km de red de suministro (m3/km/año),2006,..
14,"Murcia, Región de",Pérdidas reales por km de red de suministro (m3/km/año),2005,..
14,"Murcia, Región de",Pérdidas reales por km de red de suministro (m3/km/año),2004,..
14,"Murcia, Región de",Pérdidas reales por km de red de suministro (m3/km/año),2003,..
14,"Murcia, Región de",Pérdidas reales por km de red de suministro (m3/km/año),2002,..
14,"Murcia, Región de",Pérdidas reales por km de red de suministro (m3/km/año),2001,..
14,"Murcia, Región de",Pérdidas reales por km de red de suministro (m3/km/año),2000,..
14,"Murcia, Región de",Número de tanques de tormenta,2022,10
14,"Murcia, Región de",Número de tanques de tormenta,2020,10
14,"Murcia, Región de",Número de tanques de tormenta,2018,10
14,"Murcia, Región de",Número de tanques de tormenta,2016,10
14,"Murcia, Región de",Número de tanques de tormenta,2014,10
14,"Murcia, Región de",Número de tanques de tormenta,2013,9
14,"Murcia, Región de",Número de tanques de tormenta,2012,..
14,"Murcia, Región de",Número de tanques de tormenta,2011,..
14,"Murcia, Región de",Número de tanques de tormenta,2010,..
14,"Murcia, Región de",Número de tanques de tormenta,2009,..
14,"Murcia, Región de",Número de tanques de tormenta,2008,..
14,"Murcia, Región de",Número de tanques de tormenta,2007,..
14,"Murcia, Región de",Número de tanques de tormenta,2006,..
14,"Murcia, Región de",Número de tanques de tormenta,2005,..
14,"Murcia, Región de",Número de tanques de tormenta,2004,..
14,"Murcia, Región de",Número de tanques de tormenta,2003,..
14,"Murcia, Región de",Número de tanques de tormenta,2002,..
14,"Murcia, Región de",Número de tanques de tormenta,2001,..
14,"Murcia, Región de",Número de tanques de tormenta,2000,..
15,"Navarra, Comunidad Foral de",Longitud de la red de suministro por habitante (metros/habitante),2022,"6,2"
15,"Navarra, Comunidad Foral de",Longitud de la red de suministro por habitante (metros/habitante),2020,"5,6"
15,"Navarra, Comunidad Foral de",Longitud de la red de suministro por habitante (metros/habitante),2018,"5,2"
15,"Navarra, Comunidad Foral de",Longitud de la red de suministro por habitante (metros/habitante),2016,"5,2"
15,"Navarra, Comunidad Foral de",Longitud de la red de suministro por habitante (metros/habitante),2014,"4,8"
15,"Navarra, Comunidad Foral de",Longitud de la red de suministro por habitante (metros/habitante),2013,"4,3"
15,"Navarra, Comunidad Foral de",Longitud de la red de suministro por habitante (metros/habitante),2012,..
15,"Navarra, Comunidad Foral de",Longitud de la red de suministro por habitante (metros/habitante),2011,..
15,"Navarra, Comunidad Foral de",Longitud de la red de suministro por habitante (metros/habitante),2010,..
15,"Navarra, Comunidad Foral de",Longitud de la red de suministro por habitante (metros/habitante),2009,..
15,"Navarra, Comunidad Foral de",Longitud de la red de suministro por habitante (metros/habitante),2008,..
15,"Navarra, Comunidad Foral de",Longitud de la red de suministro por habitante (metros/habitante),2007,..
15,"Navarra, Comunidad Foral de",Longitud de la red de suministro por habitante (metros/habitante),2006,..
15,"Navarra, Comunidad Foral de",Longitud de la red de suministro por habitante (metros/habitante),2005,..
15,"Navarra, Comunidad Foral de",Longitud de la red de suministro por habitante (metros/habitante),2004,..
15,"Navarra, Comunidad Foral de",Longitud de la red de suministro por habitante (metros/habitante),2003,..
15,"Navarra, Comunidad Foral de",Longitud de la red de suministro por habitante (metros/habitante),2002,..
15,"Navarra, Comunidad Foral de",Longitud de la red de suministro por habitante (metros/habitante),2001,..
15,"Navarra, Comunidad Foral de",Longitud de la red de suministro por habitante (metros/habitante),2000,..
15,"Navarra, Comunidad Foral de",Longitud de la red de alcantarillado por habitante (metros/habitante),2022,"7,1"
15,"Navarra, Comunidad Foral de",Longitud de la red de alcantarillado por habitante (metros/habitante),2020,"5,9"
15,"Navarra, Comunidad Foral de",Longitud de la red de alcantarillado por habitante (metros/habitante),2018,"5,9"
15,"Navarra, Comunidad Foral de",Longitud de la red de alcantarillado por habitante (metros/habitante),2016,"4,9"
15,"Navarra, Comunidad Foral de",Longitud de la red de alcantarillado por habitante (metros/habitante),2014,"5,2"
15,"Navarra, Comunidad Foral de",Longitud de la red de alcantarillado por habitante (metros/habitante),2013,"5,2"
15,"Navarra, Comunidad Foral de",Longitud de la red de alcantarillado por habitante (metros/habitante),2012,..
15,"Navarra, Comunidad Foral de",Longitud de la red de alcantarillado por habitante (metros/habitante),2011,..
15,"Navarra, Comunidad Foral de",Longitud de la red de alcantarillado por habitante (metros/habitante),2010,..
15,"Navarra, Comunidad Foral de",Longitud de la red de alcantarillado por habitante (metros/habitante),2009,..
15,"Navarra, Comunidad Foral de",Longitud de la red de alcantarillado por habitante (metros/habitante),2008,..
15,"Navarra, Comunidad Foral de",Longitud de la red de alcantarillado por habitante (metros/habitante),2007,..
15,"Navarra, Comunidad Foral de",Longitud de la red de alcantarillado por habitante (metros/habitante),2006,..
15,"Navarra, Comunidad Foral de",Longitud de la red de alcantarillado por habitante (metros/habitante),2005,..
15,"Navarra, Comunidad Foral de",Longitud de la red de alcantarillado por habitante (metros/habitante),2004,..
15,"Navarra, Comunidad Foral de",Longitud de la red de alcantarillado por habitante (metros/habitante),2003,..
15,"Navarra, Comunidad Foral de",Longitud de la red de alcantarillado por habitante (metros/habitante),2002,..
15,"Navarra, Comunidad Foral de",Longitud de la red de alcantarillado por habitante (metros/habitante),2001,..
15,"Navarra, Comunidad Foral de",Longitud de la red de alcantarillado por habitante (metros/habitante),2000,..
15,"Navarra, Comunidad Foral de",Pérdidas reales por km de red de suministro (m3/km/año),2022,3.123
15,"Navarra, Comunidad Foral de",Pérdidas reales por km de red de suministro (m3/km/año),2020,3.609
15,"Navarra, Comunidad Foral de",Pérdidas reales por km de red de suministro (m3/km/año),2018,3.530
15,"Navarra, Comunidad Foral de",Pérdidas reales por km de red de suministro (m3/km/año),2016,2.812
15,"Navarra, Comunidad Foral de",Pérdidas reales por km de red de suministro (m3/km/año),2014,3.470
15,"Navarra, Comunidad Foral de",Pérdidas reales por km de red de suministro (m3/km/año),2013,4.042
15,"Navarra, Comunidad Foral de",Pérdidas reales por km de red de suministro (m3/km/año),2012,..
15,"Navarra, Comunidad Foral de",Pérdidas reales por km de red de suministro (m3/km/año),2011,..
15,"Navarra, Comunidad Foral de",Pérdidas reales por km de red de suministro (m3/km/año),2010,..
15,"Navarra, Comunidad Foral de",Pérdidas reales por km de red de suministro (m3/km/año),2009,..
15,"Navarra, Comunidad Foral de",Pérdidas reales por km de red de suministro (m3/km/año),2008,..
15,"Navarra, Comunidad Foral de",Pérdidas reales por km de red de suministro (m3/km/año),2007,..
15,"Navarra, Comunidad Foral de",Pérdidas reales por km de red de suministro (m3/km/año),2006,..
15,"Navarra, Comunidad Foral de",Pérdidas reales por km de red de suministro (m3/km/año),2005,..
15,"Navarra, Comunidad Foral de",Pérdidas reales por km de red de suministro (m3/km/año),2004,..
15,"Navarra, Comunidad Foral de",Pérdidas reales por km de red de suministro (m3/km/año),2003,..
15,"Navarra, Comunidad Foral de",Pérdidas reales por km de red de suministro (m3/km/año),2002,..
15,"Navarra, Comunidad Foral de",Pérdidas reales por km de red de suministro (m3/km/año),2001,..
15,"Navarra, Comunidad Foral de",Pérdidas reales por km de red de suministro (m3/km/año),2000,..
15,"Navarra, Comunidad Foral de",Número de tanques de tormenta,2022,21
15,"Navarra, Comunidad Foral de",Número de tanques de tormenta,2020,21
15,"Navarra, Comunidad Foral de",Número de tanques de tormenta,2018,21
15,"Navarra, Comunidad Foral de",Número de tanques de tormenta,2016,21
15,"Navarra, Comunidad Foral de",Número de tanques de tormenta,2014,21
15,"Navarra, Comunidad Foral de",Número de tanques de tormenta,2013,11
15,"Navarra, Comunidad Foral de",Número de tanques de tormenta,2012,..
15,"Navarra, Comunidad Foral de",Número de tanques de tormenta,2011,..
15,"Navarra, Comunidad Foral de",Número de tanques de tormenta,2010,..
15,"Navarra, Comunidad Foral de",Número de tanques de tormenta,2009,..
15,"Navarra, Comunidad Foral de",Número de tanques de tormenta,2008,..
15,"Navarra, Comunidad Foral de",Número de tanques de tormenta,2007,..
15,"Navarra, Comunidad Foral de",Número de tanques de tormenta,2006,..
15,"Navarra, Comunidad Foral de",Número de tanques de tormenta,2005,..
15,"Navarra, Comunidad Foral de",Número de tanques de tormenta,2004,..
15,"Navarra, Comunidad Foral de",Número de tanques de tormenta,2003,..
15,"Navarra, Comunidad Foral de",Número de tanques de tormenta,2002,..
15,"Navarra, Comunidad Foral de",Número de tanques de tormenta,2001,..
15,"Navarra, Comunidad Foral de",Número de tanques de tormenta,2000,..
16,País Vasco,Longitud de la red de suministro por habitante (metros/habitante),2022,"3,9"
16,País Vasco,Longitud de la red de suministro por habitante (metros/habitante),2020,"5,9"
16,País Vasco,Longitud de la red de suministro por habitante (metros/habitante),2018,"6,0"
16,País Vasco,Longitud de la red de suministro por habitante (metros/habitante),2016,"5,9"
16,País Vasco,Longitud de la red de suministro por habitante (metros/habitante),2014,"5,6"
16,País Vasco,Longitud de la red de suministro por habitante (metros/habitante),2013,"6,1"
16,País Vasco,Longitud de la red de suministro por habitante (metros/habitante),2012,..
16,País Vasco,Longitud de la red de suministro por habitante (metros/habitante),2011,..
16,País Vasco,Longitud de la red de suministro por habitante (metros/habitante),2010,..
16,País Vasco,Longitud de la red de suministro por habitante (metros/habitante),2009,..
16,País Vasco,Longitud de la red de suministro por habitante (metros/habitante),2008,..
16,País Vasco,Longitud de la red de suministro por habitante (metros/habitante),2007,..
16,País Vasco,Longitud de la red de suministro por habitante (metros/habitante),2006,..
16,País Vasco,Longitud de la red de suministro por habitante (metros/habitante),2005,..
16,País Vasco,Longitud de la red de suministro por habitante (metros/habitante),2004,..
16,País Vasco,Longitud de la red de suministro por habitante (metros/habitante),2003,..
16,País Vasco,Longitud de la red de suministro por habitante (metros/habitante),2002,..
16,País Vasco,Longitud de la red de suministro por habitante (metros/habitante),2001,..
16,País Vasco,Longitud de la red de suministro por habitante (metros/habitante),2000,..
16,País Vasco,Longitud de la red de alcantarillado por habitante (metros/habitante),2022,"2,5"
16,País Vasco,Longitud de la red de alcantarillado por habitante (metros/habitante),2020,"1,8"
16,País Vasco,Longitud de la red de alcantarillado por habitante (metros/habitante),2018,"1,8"
16,País Vasco,Longitud de la red de alcantarillado por habitante (metros/habitante),2016,"1,9"
16,País Vasco,Longitud de la red de alcantarillado por habitante (metros/habitante),2014,"2,1"
16,País Vasco,Longitud de la red de alcantarillado por habitante (metros/habitante),2013,"2,3"
16,País Vasco,Longitud de la red de alcantarillado por habitante (metros/habitante),2012,..
16,País Vasco,Longitud de la red de alcantarillado por habitante (metros/habitante),2011,..
16,País Vasco,Longitud de la red de alcantarillado por habitante (metros/habitante),2010,..
16,País Vasco,Longitud de la red de alcantarillado por habitante (metros/habitante),2009,..
16,País Vasco,Longitud de la red de alcantarillado por habitante (metros/habitante),2008,..
16,País Vasco,Longitud de la red de alcantarillado por habitante (metros/habitante),2007,..
16,País Vasco,Longitud de la red de alcantarillado por habitante (metros/habitante),2006,..
16,País Vasco,Longitud de la red de alcantarillado por habitante (metros/habitante),2005,..
16,País Vasco,Longitud de la red de alcantarillado por habitante (metros/habitante),2004,..
16,País Vasco,Longitud de la red de alcantarillado por habitante (metros/habitante),2003,..
16,País Vasco,Longitud de la red de alcantarillado por habitante (metros/habitante),2002,..
16,País Vasco,Longitud de la red de alcantarillado por habitante (metros/habitante),2001,..
16,País Vasco,Longitud de la red de alcantarillado por habitante (metros/habitante),2000,..
16,País Vasco,Pérdidas reales por km de red de suministro (m3/km/año),2022,2.837
16,País Vasco,Pérdidas reales por km de red de suministro (m3/km/año),2020,1.523
16,País Vasco,Pérdidas reales por km de red de suministro (m3/km/año),2018,1.532
16,País Vasco,Pérdidas reales por km de red de suministro (m3/km/año),2016,1.103
16,País Vasco,Pérdidas reales por km de red de suministro (m3/km/año),2014,1.350
16,País Vasco,Pérdidas reales por km de red de suministro (m3/km/año),2013,954
16,País Vasco,Pérdidas reales por km de red de suministro (m3/km/año),2012,..
16,País Vasco,Pérdidas reales por km de red de suministro (m3/km/año),2011,..
16,País Vasco,Pérdidas reales por km de red de suministro (m3/km/año),2010,..
16,País Vasco,Pérdidas reales por km de red de suministro (m3/km/año),2009,..
16,País Vasco,Pérdidas reales por km de red de suministro (m3/km/año),2008,..
16,País Vasco,Pérdidas reales por km de red de suministro (m3/km/año),2007,..
16,País Vasco,Pérdidas reales por km de red de suministro (m3/km/año),2006,..
16,País Vasco,Pérdidas reales por km de red de suministro (m3/km/año),2005,..
16,País Vasco,Pérdidas reales por km de red de suministro (m3/km/año),2004,..
16,País Vasco,Pérdidas reales por km de red de suministro (m3/km/año),2003,..
16,País Vasco,Pérdidas reales por km de red de suministro (m3/km/año),2002,..
16,País Vasco,Pérdidas reales por km de red de suministro (m3/km/año),2001,..
16,País Vasco,Pérdidas reales por km de red de suministro (m3/km/año),2000,..
16,País Vasco,Número de tanques de tormenta,2022,46
16,País Vasco,Número de tanques de tormenta,2020,46
16,País Vasco,Número de tanques de tormenta,2018,46
16,País Vasco,Número de tanques de tormenta,2016,46
16,País Vasco,Número de tanques de tormenta,2014,28
16,País Vasco,Número de tanques de tormenta,2013,28
16,País Vasco,Número de tanques de tormenta,2012,..
16,País Vasco,Número de tanques de tormenta,2011,..
16,País Vasco,Número de tanques de tormenta,2010,..
16,País Vasco,Número de tanques de tormenta,2009,..
16,País Vasco,Número de tanques de tormenta,2008,..
16,País Vasco,Número de tanques de tormenta,2007,..
16,País Vasco,Número de tanques de tormenta,2006,..
16,País Vasco,Número de tanques de tormenta,2005,..
16,País Vasco,Número de tanques de tormenta,2004,..
16,País Vasco,Número de tanques de tormenta,2003,..
16,País Vasco,Número de tanques de tormenta,2002,..
16,País Vasco,Número de tanques de tormenta,2001,..
16,País Vasco,Número de tanques de tormenta,2000,..
17,"Rioja, La",Longitud de la red de suministro por habitante (metros/habitante),2022,"5,6"
17,"Rioja, La",Longitud de la red de suministro por habitante (metros/habitante),2020,"3,7"
17,"Rioja, La",Longitud de la red de suministro por habitante (metros/habitante),2018,"3,6"
17,"Rioja, La",Longitud de la red de suministro por habitante (metros/habitante),2016,"3,0"
17,"Rioja, La",Longitud de la red de suministro por habitante (metros/habitante),2014,"3,4"
17,"Rioja, La",Longitud de la red de suministro por habitante (metros/habitante),2013,"3,4"
17,"Rioja, La",Longitud de la red de suministro por habitante (metros/habitante),2012,..
17,"Rioja, La",Longitud de la red de suministro por habitante (metros/habitante),2011,..
17,"Rioja, La",Longitud de la red de suministro por habitante (metros/habitante),2010,..
17,"Rioja, La",Longitud de la red de suministro por habitante (metros/habitante),2009,..
17,"Rioja, La",Longitud de la red de suministro por habitante (metros/habitante),2008,..
17,"Rioja, La",Longitud de la red de suministro por habitante (metros/habitante),2007,..
17,"Rioja, La",Longitud de la red de suministro por habitante (metros/habitante),2006,..
17,"Rioja, La",Longitud de la red de suministro por habitante (metros/habitante),2005,..
17,"Rioja, La",Longitud de la red de suministro por habitante (metros/habitante),2004,..
17,"Rioja, La",Longitud de la red de suministro por habitante (metros/habitante),2003,..
17,"Rioja, La",Longitud de la red de suministro por habitante (metros/habitante),2002,..
17,"Rioja, La",Longitud de la red de suministro por habitante (metros/habitante),2001,..
17,"Rioja, La",Longitud de la red de suministro por habitante (metros/habitante),2000,..
17,"Rioja, La",Longitud de la red de alcantarillado por habitante (metros/habitante),2022,"3,3"
17,"Rioja, La",Longitud de la red de alcantarillado por habitante (metros/habitante),2020,"3,8"
17,"Rioja, La",Longitud de la red de alcantarillado por habitante (metros/habitante),2018,"3,3"
17,"Rioja, La",Longitud de la red de alcantarillado por habitante (metros/habitante),2016,"2,7"
17,"Rioja, La",Longitud de la red de alcantarillado por habitante (metros/habitante),2014,"3,0"
17,"Rioja, La",Longitud de la red de alcantarillado por habitante (metros/habitante),2013,"3,4"
17,"Rioja, La",Longitud de la red de alcantarillado por habitante (metros/habitante),2012,..
17,"Rioja, La",Longitud de la red de alcantarillado por habitante (metros/habitante),2011,..
17,"Rioja, La",Longitud de la red de alcantarillado por habitante (metros/habitante),2010,..
17,"Rioja, La",Longitud de la red de alcantarillado por habitante (metros/habitante),2009,..
17,"Rioja, La",Longitud de la red de alcantarillado por habitante (metros/habitante),2008,..
17,"Rioja, La",Longitud de la red de alcantarillado por habitante (metros/habitante),2007,..
17,"Rioja, La",Longitud de la red de alcantarillado por habitante (metros/habitante),2006,..
17,"Rioja, La",Longitud de la red de alcantarillado por habitante (metros/habitante),2005,..
17,"Rioja, La",Longitud de la red de alcantarillado por habitante (metros/habitante),2004,..
17,"Rioja, La",Longitud de la red de alcantarillado por habitante (metros/habitante),2003,..
17,"Rioja, La",Longitud de la red de alcantarillado por habitante (metros/habitante),2002,..
17,"Rioja, La",Longitud de la red de alcantarillado por habitante (metros/habitante),2001,..
17,"Rioja, La",Longitud de la red de alcantarillado por habitante (metros/habitante),2000,..
17,"Rioja, La",Pérdidas reales por km de red de suministro (m3/km/año),2022,4.519
17,"Rioja, La",Pérdidas reales por km de red de suministro (m3/km/año),2020,7.776
17,"Rioja, La",Pérdidas reales por km de red de suministro (m3/km/año),2018,6.528
17,"Rioja, La",Pérdidas reales por km de red de suministro (m3/km/año),2016,6.949
17,"Rioja, La",Pérdidas reales por km de red de suministro (m3/km/año),2014,4.539
17,"Rioja, La",Pérdidas reales por km de red de suministro (m3/km/año),2013,5.820
17,"Rioja, La",Pérdidas reales por km de red de suministro (m3/km/año),2012,..
17,"Rioja, La",Pérdidas reales por km de red de suministro (m3/km/año),2011,..
17,"Rioja, La",Pérdidas reales por km de red de suministro (m3/km/año),2010,..
17,"Rioja, La",Pérdidas reales por km de red de suministro (m3/km/año),2009,..
17,"Rioja, La",Pérdidas reales por km de red de suministro (m3/km/año),2008,..
17,"Rioja, La",Pérdidas reales por km de red de suministro (m3/km/año),2007,..
17,"Rioja, La",Pérdidas reales por km de red de suministro (m3/km/año),2006,..
17,"Rioja, La",Pérdidas reales por km de red de suministro (m3/km/año),2005,..
17,"Rioja, La",Pérdidas reales por km de red de suministro (m3/km/año),2004,..
17,"Rioja, La",Pérdidas reales por km de red de suministro (m3/km/año),2003,..
17,"Rioja, La",Pérdidas reales por km de red de suministro (m3/km/año),2002,..
17,"Rioja, La",Pérdidas reales por km de red de suministro (m3/km/año),2001,..
17,"Rioja, La",Pérdidas reales por km de red de suministro (m3/km/año),2000,..
17,"Rioja, La",Número de tanques de tormenta,2022,0
17,"Rioja, La",Número de tanques de tormenta,2020,0
17,"Rioja, La",Número de tanques de tormenta,2018,0
17,"Rioja, La",Número de tanques de tormenta,2016,0
17,"Rioja, La",Número de tanques de tormenta,2014,0
17,"Rioja, La",Número de tanques de tormenta,2013,0
17,"Rioja, La",Número de tanques de tormenta,2012,..
17,"Rioja, La",Número de tanques de tormenta,2011,..
17,"Rioja, La",Número de tanques de tormenta,2010,..
17,"Rioja, La",Número de tanques de tormenta,2009,..
17,"Rioja, La",Número de tanques de tormenta,2008,..
17,"Rioja, La",Número de tanques de tormenta,2007,..
17,"Rioja, La",Número de tanques de tormenta,2006,..
17,"Rioja, La",Número de tanques de tormenta,2005,..
17,"Rioja, La",Número de tanques de tormenta,2004,..
17,"Rioja, La",Número de tanques de tormenta,2003,..
17,"Rioja, La",Número de tanques de tormenta,2002,..
17,"Rioja, La",Número de tanques de tormenta,2001,..
17,"Rioja, La",Número de tanques de tormenta,2000,..
18,Ceuta y Melilla,Longitud de la red de suministro por habitante (metros/habitante),2022,"3,6"
18,Ceuta y Melilla,Longitud de la red de suministro por habitante (metros/habitante),2020,"2,4"
18,Ceuta y Melilla,Longitud de la red de suministro por habitante (metros/habitante),2018,"2,3"
18,Ceuta y Melilla,Longitud de la red de suministro por habitante (metros/habitante),2016,"2,4"
18,Ceuta y Melilla,Longitud de la red de suministro por habitante (metros/habitante),2014,"2,3"
18,Ceuta y Melilla,Longitud de la red de suministro por habitante (metros/habitante),2013,"2,3"
18,Ceuta y Melilla,Longitud de la red de suministro por habitante (metros/habitante),2012,..
18,Ceuta y Melilla,Longitud de la red de suministro por habitante (metros/habitante),2011,..
18,Ceuta y Melilla,Longitud de la red de suministro por habitante (metros/habitante),2010,..
18,Ceuta y Melilla,Longitud de la red de suministro por habitante (metros/habitante),2009,..
18,Ceuta y Melilla,Longitud de la red de suministro por habitante (metros/habitante),2008,..
18,Ceuta y Melilla,Longitud de la red de suministro por habitante (metros/habitante),2007,..
18,Ceuta y Melilla,Longitud de la red de suministro por habitante (metros/habitante),2006,..
18,Ceuta y Melilla,Longitud de la red de suministro por habitante (metros/habitante),2005,..
18,Ceuta y Melilla,Longitud de la red de suministro por habitante (metros/habitante),2004,..
18,Ceuta y Melilla,Longitud de la red de suministro por habitante (metros/habitante),2003,..
18,Ceuta y Melilla,Longitud de la red de suministro por habitante (metros/habitante),2002,..
18,Ceuta y Melilla,Longitud de la red de suministro por habitante (metros/habitante),2001,..
18,Ceuta y Melilla,Longitud de la red de suministro por habitante (metros/habitante),2000,..
18,Ceuta y Melilla,Longitud de la red de alcantarillado por habitante (metros/habitante),2022,"1,8"
18,Ceuta y Melilla,Longitud de la red de alcantarillado por habitante (metros/habitante),2020,"1,8"
18,Ceuta y Melilla,Longitud de la red de alcantarillado por habitante (metros/habitante),2018,"1,7"
18,Ceuta y Melilla,Longitud de la red de alcantarillado por habitante (metros/habitante),2016,"1,8"
18,Ceuta y Melilla,Longitud de la red de alcantarillado por habitante (metros/habitante),2014,"1,7"
18,Ceuta y Melilla,Longitud de la red de alcantarillado por habitante (metros/habitante),2013,"1,7"
18,Ceuta y Melilla,Longitud de la red de alcantarillado por habitante (metros/habitante),2012,..
18,Ceuta y Melilla,Longitud de la red de alcantarillado por habitante (metros/habitante),2011,..
18,Ceuta y Melilla,Longitud de la red de alcantarillado por habitante (metros/habitante),2010,..
18,Ceuta y Melilla,Longitud de la red de alcantarillado por habitante (metros/habitante),2009,..
18,Ceuta y Melilla,Longitud de la red de alcantarillado por habitante (metros/habitante),2008,..
18,Ceuta y Melilla,Longitud de la red de alcantarillado por habitante (metros/habitante),2007,..
18,Ceuta y Melilla,Longitud de la red de alcantarillado por habitante (metros/habitante),2006,..
18,Ceuta y Melilla,Longitud de la red de alcantarillado por habitante (metros/habitante),2005,..
18,Ceuta y Melilla,Longitud de la red de alcantarillado por habitante (metros/habitante),2004,..
18,Ceuta y Melilla,Longitud de la red de alcantarillado por habitante (metros/habitante),2003,..
18,Ceuta y Melilla,Longitud de la red de alcantarillado por habitante (metros/habitante),2002,..
18,Ceuta y Melilla,Longitud de la red de alcantarillado por habitante (metros/habitante),2001,..
18,Ceuta y Melilla,Longitud de la red de alcantarillado por habitante (metros/habitante),2000,..
18,Ceuta y Melilla,Pérdidas reales por km de red de suministro (m3/km/año),2022,6.594
18,Ceuta y Melilla,Pérdidas reales por km de red de suministro (m3/km/año),2020,12.036
18,Ceuta y Melilla,Pérdidas reales por km de red de suministro (m3/km/año),2018,13.012
18,Ceuta y Melilla,Pérdidas reales por km de red de suministro (m3/km/año),2016,15.325
18,Ceuta y Melilla,Pérdidas reales por km de red de suministro (m3/km/año),2014,14.954
18,Ceuta y Melilla,Pérdidas reales por km de red de suministro (m3/km/año),2013,14.724
18,Ceuta y Melilla,Pérdidas reales por km de red de suministro (m3/km/año),2012,..
18,Ceuta y Melilla,Pérdidas reales por km de red de suministro (m3/km/año),2011,..
18,Ceuta y Melilla,Pérdidas reales por km de red de suministro (m3/km/año),2010,..
18,Ceuta y Melilla,Pérdidas reales por km de red de suministro (m3/km/año),2009,..
18,Ceuta y Melilla,Pérdidas reales por km de red de suministro (m3/km/año),2008,..
18,Ceuta y Melilla,Pérdidas reales por km de red de suministro (m3/km/año),2007,..
18,Ceuta y Melilla,Pérdidas reales por km de red de suministro (m3/km/año),2006,..
18,Ceuta y Melilla,Pérdidas reales por km de red de suministro (m3/km/año),2005,..
18,Ceuta y Melilla,Pérdidas reales por km de red de suministro (m3/km/año),2004,..
18,Ceuta y Melilla,Pérdidas reales por km de red de suministro (m3/km/año),2003,..
18,Ceuta y Melilla,Pérdidas reales por km de red de suministro (m3/km/año),2002,..
18,Ceuta y Melilla,Pérdidas reales por km de red de suministro (m3/km/año),2001,..
18,Ceuta y Melilla,Pérdidas reales por km de red de suministro (m3/km/año),2000,..
18,Ceuta y Melilla,Número de tanques de tormenta,2022,0
18,Ceuta y Melilla,Número de tanques de tormenta,2020,0
18,Ceuta y Melilla,Número de tanques de tormenta,2018,0
18,Ceuta y Melilla,Número de tanques de tormenta,2016,0
18,Ceuta y Melilla,Número de tanques de tormenta,2014,0
18,Ceuta y Melilla,Número de tanques de tormenta,2013,0
18,Ceuta y Melilla,Número de tanques de tormenta,2012,..
18,Ceuta y Melilla,Número de tanques de tormenta,2011,..
18,Ceuta y Melilla,Número de tanques de tormenta,2010,..
18,Ceuta y Melilla,Número de tanques de tormenta,2009,..
18,Ceuta y Melilla,Número de tanques de tormenta,2008,..
18,Ceuta y Melilla,Número de tanques de tormenta,2007,..
18,Ceuta y Melilla,Número de tanques de tormenta,2006,..
18,Ceuta y Melilla,Número de tanques de tormenta,2005,..
18,Ceuta y Melilla,Número de tanques de tormenta,2004,..
18,Ceuta y Melilla,Número de tanques de tormenta,2003,..
18,Ceuta y Melilla,Número de tanques de tormenta,2002,..
18,Ceuta y Melilla,Número de tanques de tormenta,2001,..
18,Ceuta y Melilla,Número de tanques de tormenta,2000,..
