code,region,tipo_de_indicador,periodo,total
00,Total Nacional,Volumen de aguas residuales tratadas,2022,15.428.404
00,Total Nacional,Volumen de aguas residuales tratadas,2020,13.361.642
00,Total Nacional,Volumen de aguas residuales tratadas,2018,13.684.587
00,Total Nacional,Volumen de aguas residuales tratadas,2016,12.949.076
00,Total Nacional,Volumen de aguas residuales tratadas,2014,13.540.084
00,Total Nacional,Volumen de aguas residuales tratadas,2013,13.693.645
00,Total Nacional,Volumen de aguas residuales tratadas,2012,13.592.255
00,Total Nacional,Volumen de aguas residuales tratadas,2011,13.497.518
00,Total Nacional,Volumen de aguas residuales tratadas,2010,13.326.802
00,Total Nacional,Volumen de aguas residuales tratadas,2009,12.800.974
00,Total Nacional,Volumen de aguas residuales tratadas,2008,12.371.505
00,Total Nacional,Volumen de aguas residuales tratadas,2007,12.519.495
00,Total Nacional,Volumen de aguas residuales tratadas,2006,13.371.704
00,Total Nacional,Volumen de aguas residuales tratadas,2005,13.804.901
00,Total Nacional,Volumen de aguas residuales tratadas,2004,13.600.198
00,Total Nacional,Volumen de aguas residuales tratadas,2003,8.490.051
00,Total Nacional,Volumen de aguas residuales tratadas,2002,8.016.351
00,Total Nacional,Volumen de aguas residuales tratadas,2001,7.699.936
00,Total Nacional,Volumen de aguas residuales tratadas,2000,7.752.624
00,Total Nacional,Volumen total de agua reutilizada,2022,1.238.912
00,Total Nacional,Volumen total de agua reutilizada,2020,1.457.620
00,Total Nacional,Volumen total de agua reutilizada,2018,1.534.100
00,Total Nacional,Volumen total de agua reutilizada,2016,1.350.536
00,Total Nacional,Volumen total de agua reutilizada,2014,1.453.995
00,Total Nacional,Volumen total de agua reutilizada,2013,1.455.509
00,Total Nacional,Volumen total de agua reutilizada,2012,1.502.614
00,Total Nacional,Volumen total de agua reutilizada,2011,1.666.429
00,Total Nacional,Volumen total de agua reutilizada,2010,1.346.008
00,Total Nacional,Volumen total de agua reutilizada,2009,1.464.261
00,Total Nacional,Volumen total de agua reutilizada,2008,1.439.832
00,Total Nacional,Volumen total de agua reutilizada,2007,1.372.115
00,Total Nacional,Volumen total de agua reutilizada,2006,1.335.146
00,Total Nacional,Volumen total de agua reutilizada,2005,1.083.551
00,Total Nacional,Volumen total de agua reutilizada,2004,1.007.994
00,Total Nacional,Volumen total de agua reutilizada,2003,463.557
00,Total Nacional,Volumen total de agua reutilizada,2002,496.714
00,Total Nacional,Volumen total de agua reutilizada,2001,561.599
00,Total Nacional,Volumen total de agua reutilizada,2000,733.894
00,Total Nacional,Importe facturado por alcantarillado y depuración,2022,2.410.272
00,Total Nacional,Importe facturado por alcantarillado y depuración,2020,2.481.515
00,Total Nacional,Importe facturado por alcantarillado y depuración,2018,2.502.060
00,Total Nacional,Importe facturado por alcantarillado y depuración,2016,2.485.747
00,Total Nacional,Importe facturado por alcantarillado y depuración,2014,2.536.798
00,Total Nacional,Importe facturado por alcantarillado y depuración,2013,2.383.001
00,Total Nacional,Importe facturado por alcantarillado y depuración,2012,2.346.109
00,Total Nacional,Importe facturado por alcantarillado y depuración,2011,2.005.529
00,Total Nacional,Importe facturado por alcantarillado y depuración,2010,1.991.090
00,Total Nacional,Importe facturado por alcantarillado y depuración,2009,1.885.025
00,Total Nacional,Importe facturado por alcantarillado y depuración,2008,1.851.494
00,Total Nacional,Importe facturado por alcantarillado y depuración,2007,1.940.830
00,Total Nacional,Importe facturado por alcantarillado y depuración,2006,1.426.699
00,Total Nacional,Importe facturado por alcantarillado y depuración,2005,1.329.547
00,Total Nacional,Importe facturado por alcantarillado y depuración,2004,1.164.635
00,Total Nacional,Importe facturado por alcantarillado y depuración,2003,886.061
00,Total Nacional,Importe facturado por alcantarillado y depuración,2002,777.326
00,Total Nacional,Importe facturado por alcantarillado y depuración,2001,735.009
00,Total Nacional,Importe facturado por alcantarillado y depuración,2000,649.634
00,Total Nacional,Longitud de la red de alcantarillado (km),2022,213.431
00,Total Nacional,Longitud de la red de alcantarillado (km),2020,148.829
00,Total Nacional,Longitud de la red de alcantarillado (km),2018,147.237
00,Total Nacional,Longitud de la red de alcantarillado (km),2016,146.414
00,Total Nacional,Longitud de la red de alcantarillado (km),2014,146.938
00,Total Nacional,Longitud de la red de alcantarillado (km),2013,148.847
00,Total Nacional,Longitud de la red de alcantarillado (km),2012,..
00,Total Nacional,Longitud de la red de alcantarillado (km),2011,..
00,Total Nacional,Longitud de la red de alcantarillado (km),2010,..
00,Total Nacional,Longitud de la red de alcantarillado (km),2009,..
00,Total Nacional,Longitud de la red de alcantarillado (km),2008,..
00,Total Nacional,Longitud de la red de alcantarillado (km),2007,..
00,Total Nacional,Longitud de la red de alcantarillado (km),2006,..
00,Total Nacional,Longitud de la red de alcantarillado (km),2005,..
00,Total Nacional,Longitud de la red de alcantarillado (km),2004,..
00,Total Nacional,Longitud de la red de alcantarillado (km),2003,..
00,Total Nacional,Longitud de la red de alcantarillado (km),2002,..
00,Total Nacional,Longitud de la red de alcantarillado (km),2001,..
00,Total Nacional,Longitud de la red de alcantarillado (km),2000,..
00,Total Nacional,Volumen de lodos generados en el tratamiento de aguas residuales (toneladas de materia seca/año),2022,1.161.058
00,Total Nacional,Volumen de lodos generados en el tratamiento de aguas residuales (toneladas de materia seca/año),2020,1.148.222
00,Total Nacional,Volumen de lodos generados en el tratamiento de aguas residuales (toneladas de materia seca/año),2018,1.210.447
00,Total Nacional,Volumen de lodos generados en el tratamiento de aguas residuales (toneladas de materia seca/año),2016,1.174.425
00,Total Nacional,Volumen de lodos generados en el tratamiento de aguas residuales (toneladas de materia seca/año),2014,1.131.632
00,Total Nacional,Volumen de lodos generados en el tratamiento de aguas residuales (toneladas de materia seca/año),2013,1.122.608
00,Total Nacional,Volumen de lodos generados en el tratamiento de aguas residuales (toneladas de materia seca/año),2012,1.233.393
00,Total Nacional,Volumen de lodos generados en el tratamiento de aguas residuales (toneladas de materia seca/año),2011,1.331.577
00,Total Nacional,Volumen de lodos generados en el tratamiento de aguas residuales (toneladas de materia seca/año),2010,..
00,Total Nacional,Volumen de lodos generados en el tratamiento de aguas residuales (toneladas de materia seca/año),2009,..
00,Total Nacional,Volumen de lodos generados en el tratamiento de aguas residuales (toneladas de materia seca/año),2008,..
00,Total Nacional,Volumen de lodos generados en el tratamiento de aguas residuales (toneladas de materia seca/año),2007,..
00,Total Nacional,Volumen de lodos generados en el tratamiento de aguas residuales (toneladas de materia seca/año),2006,..
00,Total Nacional,Volumen de lodos generados en el tratamiento de aguas residuales (toneladas de materia seca/año),2005,..
00,Total Nacional,Volumen de lodos generados en el tratamiento de aguas residuales (toneladas de materia seca/año),2004,..
00,Total Nacional,Volumen de lodos generados en el tratamiento de aguas residuales (toneladas de materia seca/año),2003,..
00,Total Nacional,Volumen de lodos generados en el tratamiento de aguas residuales (toneladas de materia seca/año),2002,..
00,Total Nacional,Volumen de lodos generados en el tratamiento de aguas residuales (toneladas de materia seca/año),2001,..
00,Total Nacional,Volumen de lodos generados en el tratamiento de aguas residuales (toneladas de materia seca/año),2000,..
01,Andalucía,Volumen de aguas residuales tratadas,2022,1.637.261
01,Andalucía,Volumen de aguas residuales tratadas,2020,1.915.525
01,Andalucía,Volumen de aguas residuales tratadas,2018,2.113.908
01,Andalucía,Volumen de aguas residuales tratadas,2016,1.912.804
01,Andalucía,Volumen de aguas residuales tratadas,2014,2.005.740
01,Andalucía,Volumen de aguas residuales tratadas,2013,2.073.031
01,Andalucía,Volumen de aguas residuales tratadas,2012,2.330.840
01,Andalucía,Volumen de aguas residuales tratadas,2011,2.256.741
01,Andalucía,Volumen de aguas residuales tratadas,2010,1.838.496
01,Andalucía,Volumen de aguas residuales tratadas,2009,1.566.714
01,Andalucía,Volumen de aguas residuales tratadas,2008,1.488.514
01,Andalucía,Volumen de aguas residuales tratadas,2007,1.387.265
01,Andalucía,Volumen de aguas residuales tratadas,2006,1.767.317
01,Andalucía,Volumen de aguas residuales tratadas,2005,1.745.600
01,Andalucía,Volumen de aguas residuales tratadas,2004,1.996.737
01,Andalucía,Volumen de aguas residuales tratadas,2003,1.642.305
01,Andalucía,Volumen de aguas residuales tratadas,2002,1.543.520
01,Andalucía,Volumen de aguas residuales tratadas,2001,1.581.312
01,Andalucía,Volumen de aguas residuales tratadas,2000,1.526.363
01,Andalucía,Volumen total de agua reutilizada,2022,89.149
01,Andalucía,Volumen total de agua reutilizada,2020,99.968
01,Andalucía,Volumen total de agua reutilizada,2018,101.541
01,Andalucía,Volumen total de agua reutilizada,2016,113.471
01,Andalucía,Volumen total de agua reutilizada,2014,157.083
01,Andalucía,Volumen total de agua reutilizada,2013,172.260
01,Andalucía,Volumen total de agua reutilizada,2012,240.384
01,Andalucía,Volumen total de agua reutilizada,2011,313.820
01,Andalucía,Volumen total de agua reutilizada,2010,338.035
01,Andalucía,Volumen total de agua reutilizada,2009,326.892
01,Andalucía,Volumen total de agua reutilizada,2008,264.917
01,Andalucía,Volumen total de agua reutilizada,2007,333.936
01,Andalucía,Volumen total de agua reutilizada,2006,124.125
01,Andalucía,Volumen total de agua reutilizada,2005,130.757
01,Andalucía,Volumen total de agua reutilizada,2004,143.990
01,Andalucía,Volumen total de agua reutilizada,2003,106.897
01,Andalucía,Volumen total de agua reutilizada,2002,100.443
01,Andalucía,Volumen total de agua reutilizada,2001,70.547
01,Andalucía,Volumen total de agua reutilizada,2000,115.005
01,Andalucía,Importe facturado por alcantarillado y depuración,2022,507.257
01,Andalucía,Importe facturado por alcantarillado y depuración,2020,454.552
01,Andalucía,Importe facturado por alcantarillado y depuración,2018,426.852
01,Andalucía,Importe facturado por alcantarillado y depuración,2016,390.594
01,Andalucía,Importe facturado por alcantarillado y depuración,2014,418.635
01,Andalucía,Importe facturado por alcantarillado y depuración,2013,381.132
01,Andalucía,Importe facturado por alcantarillado y depuración,2012,374.806
01,Andalucía,Importe facturado por alcantarillado y depuración,2011,331.882
01,Andalucía,Importe facturado por alcantarillado y depuración,2010,296.192
01,Andalucía,Importe facturado por alcantarillado y depuración,2009,284.071
01,Andalucía,Importe facturado por alcantarillado y depuración,2008,267.801
01,Andalucía,Importe facturado por alcantarillado y depuración,2007,283.755
01,Andalucía,Importe facturado por alcantarillado y depuración,2006,244.127
01,Andalucía,Importe facturado por alcantarillado y depuración,2005,275.825
01,Andalucía,Importe facturado por alcantarillado y depuración,2004,242.715
01,Andalucía,Importe facturado por alcantarillado y depuración,2003,169.640
01,Andalucía,Importe facturado por alcantarillado y depuración,2002,147.016
01,Andalucía,Importe facturado por alcantarillado y depuración,2001,140.699
01,Andalucía,Importe facturado por alcantarillado y depuración,2000,138.425
01,Andalucía,Longitud de la red de alcantarillado (km),2022,34.145
01,Andalucía,Longitud de la red de alcantarillado (km),2020,32.269
01,Andalucía,Longitud de la red de alcantarillado (km),2018,30.621
01,Andalucía,Longitud de la red de alcantarillado (km),2016,30.771
01,Andalucía,Longitud de la red de alcantarillado (km),2014,32.042
01,Andalucía,Longitud de la red de alcantarillado (km),2013,30.746
01,Andalucía,Longitud de la red de alcantarillado (km),2012,..
01,Andalucía,Longitud de la red de alcantarillado (km),2011,..
01,Andalucía,Longitud de la red de alcantarillado (km),2010,..
01,Andalucía,Longitud de la red de alcantarillado (km),2009,..
01,Andalucía,Longitud de la red de alcantarillado (km),2008,..
01,Andalucía,Longitud de la red de alcantarillado (km),2007,..
01,Andalucía,Longitud de la red de alcantarillado (km),2006,..
01,Andalucía,Longitud de la red de alcantarillado (km),2005,..
01,Andalucía,Longitud de la red de alcantarillado (km),2004,..
01,Andalucía,Longitud de la red de alcantarillado (km),2003,..
01,Andalucía,Longitud de la red de alcantarillado (km),2002,..
01,Andalucía,Longitud de la red de alcantarillado (km),2001,..
01,Andalucía,Longitud de la red de alcantarillado (km),2000,..
01,Andalucía,Volumen de lodos generados en el tratamiento de aguas residuales (toneladas de materia seca/año),2022,237.566
01,Andalucía,Volumen de lodos generados en el tratamiento de aguas residuales (toneladas de materia seca/año),2020,205.899
01,Andalucía,Volumen de lodos generados en el tratamiento de aguas residuales (toneladas de materia seca/año),2018,233.977
01,Andalucía,Volumen de lodos generados en el tratamiento de aguas residuales (toneladas de materia seca/año),2016,230.688
01,Andalucía,Volumen de lodos generados en el tratamiento de aguas residuales (toneladas de materia seca/año),2014,232.900
01,Andalucía,Volumen de lodos generados en el tratamiento de aguas residuales (toneladas de materia seca/año),2013,220.309
01,Andalucía,Volumen de lodos generados en el tratamiento de aguas residuales (toneladas de materia seca/año),2012,242.048
01,Andalucía,Volumen de lodos generados en el tratamiento de aguas residuales (toneladas de materia seca/año),2011,261.282
01,Andalucía,Volumen de lodos generados en el tratamiento de aguas residuales (toneladas de materia seca/año),2010,..
01,Andalucía,Volumen de lodos generados en el tratamiento de aguas residuales (toneladas de materia seca/año),2009,..
01,Andalucía,Volumen de lodos generados en el tratamiento de aguas residuales (toneladas de materia seca/año),2008,..
01,Andalucía,Volumen de lodos generados en el tratamiento de aguas residuales (toneladas de materia seca/año),2007,..
01,Andalucía,Volumen de lodos generados en el tratamiento de aguas residuales (toneladas de materia seca/año),2006,..
01,Andalucía,Volumen de lodos generados en el tratamiento de aguas residuales (toneladas de materia seca/año),2005,..
01,Andalucía,Volumen de lodos generados en el tratamiento de aguas residuales (toneladas de materia seca/año),2004,..
01,Andalucía,Volumen de lodos generados en el tratamiento de aguas residuales (toneladas de materia seca/año),2003,..
01,Andalucía,Volumen de lodos generados en el tratamiento de aguas residuales (toneladas de materia seca/año),2002,..
01,Andalucía,Volumen de lodos generados en el tratamiento de aguas residuales (toneladas de materia seca/año),2001,..
01,Andalucía,Volumen de lodos generados en el tratamiento de aguas residuales (toneladas de materia seca/año),2000,..
02,Aragón,Volumen de aguas residuales tratadas,2022,586.480
02,Aragón,Volumen de aguas residuales tratadas,2020,533.675
02,Aragón,Volumen de aguas residuales tratadas,2018,478.592
02,Aragón,Volumen de aguas residuales tratadas,2016,526.337
02,Aragón,Volumen de aguas residuales tratadas,2014,552.592
02,Aragón,Volumen de aguas residuales tratadas,2013,557.871
02,Aragón,Volumen de aguas residuales tratadas,2012,512.896
02,Aragón,Volumen de aguas residuales tratadas,2011,549.061
02,Aragón,Volumen de aguas residuales tratadas,2010,649.614
02,Aragón,Volumen de aguas residuales tratadas,2009,677.212
02,Aragón,Volumen de aguas residuales tratadas,2008,617.991
02,Aragón,Volumen de aguas residuales tratadas,2007,590.011
02,Aragón,Volumen de aguas residuales tratadas,2006,552.921
02,Aragón,Volumen de aguas residuales tratadas,2005,580.191
02,Aragón,Volumen de aguas residuales tratadas,2004,572.649
02,Aragón,Volumen de aguas residuales tratadas,2003,292.031
02,Aragón,Volumen de aguas residuales tratadas,2002,247.118
02,Aragón,Volumen de aguas residuales tratadas,2001,247.468
02,Aragón,Volumen de aguas residuales tratadas,2000,257.880
02,Aragón,Volumen total de agua reutilizada,2022,1.807
02,Aragón,Volumen total de agua reutilizada,2020,10.043
02,Aragón,Volumen total de agua reutilizada,2018,37.180
02,Aragón,Volumen total de agua reutilizada,2016,4.063
02,Aragón,Volumen total de agua reutilizada,2014,4.189
02,Aragón,Volumen total de agua reutilizada,2013,4.363
02,Aragón,Volumen total de agua reutilizada,2012,3.410
02,Aragón,Volumen total de agua reutilizada,2011,4.022
02,Aragón,Volumen total de agua reutilizada,2010,4.936
02,Aragón,Volumen total de agua reutilizada,2009,3.712
02,Aragón,Volumen total de agua reutilizada,2008,2.336
02,Aragón,Volumen total de agua reutilizada,2007,2.565
02,Aragón,Volumen total de agua reutilizada,2006,1.053
02,Aragón,Volumen total de agua reutilizada,2005,4.078
02,Aragón,Volumen total de agua reutilizada,2004,959
02,Aragón,Volumen total de agua reutilizada,2003,266
02,Aragón,Volumen total de agua reutilizada,2002,36.069
02,Aragón,Volumen total de agua reutilizada,2001,31.213
02,Aragón,Volumen total de agua reutilizada,2000,31.000
02,Aragón,Importe facturado por alcantarillado y depuración,2022,110.444
02,Aragón,Importe facturado por alcantarillado y depuración,2020,87.533
02,Aragón,Importe facturado por alcantarillado y depuración,2018,85.125
02,Aragón,Importe facturado por alcantarillado y depuración,2016,79.873
02,Aragón,Importe facturado por alcantarillado y depuración,2014,73.280
02,Aragón,Importe facturado por alcantarillado y depuración,2013,72.693
02,Aragón,Importe facturado por alcantarillado y depuración,2012,67.075
02,Aragón,Importe facturado por alcantarillado y depuración,2011,67.745
02,Aragón,Importe facturado por alcantarillado y depuración,2010,75.532
02,Aragón,Importe facturado por alcantarillado y depuración,2009,72.348
02,Aragón,Importe facturado por alcantarillado y depuración,2008,69.785
02,Aragón,Importe facturado por alcantarillado y depuración,2007,91.409
02,Aragón,Importe facturado por alcantarillado y depuración,2006,63.835
02,Aragón,Importe facturado por alcantarillado y depuración,2005,54.485
02,Aragón,Importe facturado por alcantarillado y depuración,2004,46.549
02,Aragón,Importe facturado por alcantarillado y depuración,2003,30.007
02,Aragón,Importe facturado por alcantarillado y depuración,2002,28.238
02,Aragón,Importe facturado por alcantarillado y depuración,2001,23.887
02,Aragón,Importe facturado por alcantarillado y depuración,2000,23.638
02,Aragón,Longitud de la red de alcantarillado (km),2022,2.820
02,Aragón,Longitud de la red de alcantarillado (km),2020,4.649
02,Aragón,Longitud de la red de alcantarillado (km),2018,4.697
02,Aragón,Longitud de la red de alcantarillado (km),2016,4.852
02,Aragón,Longitud de la red de alcantarillado (km),2014,4.398
02,Aragón,Longitud de la red de alcantarillado (km),2013,4.037
02,Aragón,Longitud de la red de alcantarillado (km),2012,..
02,Aragón,Longitud de la red de alcantarillado (km),2011,..
02,Aragón,Longitud de la red de alcantarillado (km),2010,..
02,Aragón,Longitud de la red de alcantarillado (km),2009,..
02,Aragón,Longitud de la red de alcantarillado (km),2008,..
02,Aragón,Longitud de la red de alcantarillado (km),2007,..
02,Aragón,Longitud de la red de alcantarillado (km),2006,..
02,Aragón,Longitud de la red de alcantarillado (km),2005,..
02,Aragón,Longitud de la red de alcantarillado (km),2004,..
02,Aragón,Longitud de la red de alcantarillado (km),2003,..
02,Aragón,Longitud de la red de alcantarillado (km),2002,..
02,Aragón,Longitud de la red de alcantarillado (km),2001,..
02,Aragón,Longitud de la red de alcantarillado (km),2000,..
02,Aragón,Volumen de lodos generados en el tratamiento de aguas residuales (toneladas de materia seca/año),2022,42.066
02,Aragón,Volumen de lodos generados en el tratamiento de aguas residuales (toneladas de materia seca/año),2020,36.243
02,Aragón,Volumen de lodos generados en el tratamiento de aguas residuales (toneladas de materia seca/año),2018,40.520
02,Aragón,Volumen de lodos generados en el tratamiento de aguas residuales (toneladas de materia seca/año),2016,46.346
02,Aragón,Volumen de lodos generados en el tratamiento de aguas residuales (toneladas de materia seca/año),2014,50.836
02,Aragón,Volumen de lodos generados en el tratamiento de aguas residuales (toneladas de materia seca/año),2013,48.812
02,Aragón,Volumen de lodos generados en el tratamiento de aguas residuales (toneladas de materia seca/año),2012,50.439
02,Aragón,Volumen de lodos generados en el tratamiento de aguas residuales (toneladas de materia seca/año),2011,48.971
02,Aragón,Volumen de lodos generados en el tratamiento de aguas residuales (toneladas de materia seca/año),2010,..
02,Aragón,Volumen de lodos generados en el tratamiento de aguas residuales (toneladas de materia seca/año),2009,..
02,Aragón,Volumen de lodos generados en el tratamiento de aguas residuales (toneladas de materia seca/año),2008,..
02,Aragón,Volumen de lodos generados en el tratamiento de aguas residuales (toneladas de materia seca/año),2007,..
02,Aragón,Volumen de lodos generados en el tratamiento de aguas residuales (toneladas de materia seca/año),2006,..
02,Aragón,Volumen de lodos generados en el tratamiento de aguas residuales (toneladas de materia seca/año),2005,..
02,Aragón,Volumen de lodos generados en el tratamiento de aguas residuales (toneladas de materia seca/año),2004,..
02,Aragón,Volumen de lodos generados en el tratamiento de aguas residuales (toneladas de materia seca/año),2003,..
02,Aragón,Volumen de lodos generados en el tratamiento de aguas residuales (toneladas de materia seca/año),2002,..
02,Aragón,Volumen de lodos generados en el tratamiento de aguas residuales (toneladas de materia seca/año),2001,..
02,Aragón,Volumen de lodos generados en el tratamiento de aguas residuales (toneladas de materia seca/año),2000,..
03,"Asturias, Principado de",Volumen de aguas residuales tratadas,2022,246.006
03,"Asturias, Principado de",Volumen de aguas residuales tratadas,2020,446.555
03,"Asturias, Principado de",Volumen de aguas residuales tratadas,2018,370.603
03,"Asturias, Principado de",Volumen de aguas residuales tratadas,2016,403.460
03,"Asturias, Principado de",Volumen de aguas residuales tratadas,2014,552.204
03,"Asturias, Principado de",Volumen de aguas residuales tratadas,2013,451.120
03,"Asturias, Principado de",Volumen de aguas residuales tratadas,2012,409.599
03,"Asturias, Principado de",Volumen de aguas residuales tratadas,2011,367.351
03,"Asturias, Principado de",Volumen de aguas residuales tratadas,2010,335.400
03,"Asturias, Principado de",Volumen de aguas residuales tratadas,2009,298.913
03,"Asturias, Principado de",Volumen de aguas residuales tratadas,2008,273.866
03,"Asturias, Principado de",Volumen de aguas residuales tratadas,2007,285.462
03,"Asturias, Principado de",Volumen de aguas residuales tratadas,2006,327.610
03,"Asturias, Principado de",Volumen de aguas residuales tratadas,2005,296.015
03,"Asturias, Principado de",Volumen de aguas residuales tratadas,2004,267.259
03,"Asturias, Principado de",Volumen de aguas residuales tratadas,2003,142.679
03,"Asturias, Principado de",Volumen de aguas residuales tratadas,2002,86.113
03,"Asturias, Principado de",Volumen de aguas residuales tratadas,2001,93.800
03,"Asturias, Principado de",Volumen de aguas residuales tratadas,2000,115.637
03,"Asturias, Principado de",Volumen total de agua reutilizada,2022,142
03,"Asturias, Principado de",Volumen total de agua reutilizada,2020,26.285
03,"Asturias, Principado de",Volumen total de agua reutilizada,2018,24.946
03,"Asturias, Principado de",Volumen total de agua reutilizada,2016,15.723
03,"Asturias, Principado de",Volumen total de agua reutilizada,2014,38.187
03,"Asturias, Principado de",Volumen total de agua reutilizada,2013,0
03,"Asturias, Principado de",Volumen total de agua reutilizada,2012,255
03,"Asturias, Principado de",Volumen total de agua reutilizada,2011,7.222
03,"Asturias, Principado de",Volumen total de agua reutilizada,2010,5.517
03,"Asturias, Principado de",Volumen total de agua reutilizada,2009,0
03,"Asturias, Principado de",Volumen total de agua reutilizada,2008,0
03,"Asturias, Principado de",Volumen total de agua reutilizada,2007,8.487
03,"Asturias, Principado de",Volumen total de agua reutilizada,2006,7.928
03,"Asturias, Principado de",Volumen total de agua reutilizada,2005,9.047
03,"Asturias, Principado de",Volumen total de agua reutilizada,2004,29.480
03,"Asturias, Principado de",Volumen total de agua reutilizada,2003,2.128
03,"Asturias, Principado de",Volumen total de agua reutilizada,2002,0
03,"Asturias, Principado de",Volumen total de agua reutilizada,2001,0
03,"Asturias, Principado de",Volumen total de agua reutilizada,2000,0
03,"Asturias, Principado de",Importe facturado por alcantarillado y depuración,2022,45.835
03,"Asturias, Principado de",Importe facturado por alcantarillado y depuración,2020,50.828
03,"Asturias, Principado de",Importe facturado por alcantarillado y depuración,2018,57.671
03,"Asturias, Principado de",Importe facturado por alcantarillado y depuración,2016,49.125
03,"Asturias, Principado de",Importe facturado por alcantarillado y depuración,2014,56.517
03,"Asturias, Principado de",Importe facturado por alcantarillado y depuración,2013,47.756
03,"Asturias, Principado de",Importe facturado por alcantarillado y depuración,2012,47.745
03,"Asturias, Principado de",Importe facturado por alcantarillado y depuración,2011,45.538
03,"Asturias, Principado de",Importe facturado por alcantarillado y depuración,2010,44.613
03,"Asturias, Principado de",Importe facturado por alcantarillado y depuración,2009,45.012
03,"Asturias, Principado de",Importe facturado por alcantarillado y depuración,2008,40.169
03,"Asturias, Principado de",Importe facturado por alcantarillado y depuración,2007,42.495
03,"Asturias, Principado de",Importe facturado por alcantarillado y depuración,2006,34.405
03,"Asturias, Principado de",Importe facturado por alcantarillado y depuración,2005,29.010
03,"Asturias, Principado de",Importe facturado por alcantarillado y depuración,2004,17.538
03,"Asturias, Principado de",Importe facturado por alcantarillado y depuración,2003,23.026
03,"Asturias, Principado de",Importe facturado por alcantarillado y depuración,2002,18.366
03,"Asturias, Principado de",Importe facturado por alcantarillado y depuración,2001,17.493
03,"Asturias, Principado de",Importe facturado por alcantarillado y depuración,2000,15.194
03,"Asturias, Principado de",Longitud de la red de alcantarillado (km),2022,4.589
03,"Asturias, Principado de",Longitud de la red de alcantarillado (km),2020,5.067
03,"Asturias, Principado de",Longitud de la red de alcantarillado (km),2018,4.892
03,"Asturias, Principado de",Longitud de la red de alcantarillado (km),2016,5.176
03,"Asturias, Principado de",Longitud de la red de alcantarillado (km),2014,5.137
03,"Asturias, Principado de",Longitud de la red de alcantarillado (km),2013,5.419
03,"Asturias, Principado de",Longitud de la red de alcantarillado (km),2012,..
03,"Asturias, Principado de",Longitud de la red de alcantarillado (km),2011,..
03,"Asturias, Principado de",Longitud de la red de alcantarillado (km),2010,..
03,"Asturias, Principado de",Longitud de la red de alcantarillado (km),2009,..
03,"Asturias, Principado de",Longitud de la red de alcantarillado (km),2008,..
03,"Asturias, Principado de",Longitud de la red de alcantarillado (km),2007,..
03,"Asturias, Principado de",Longitud de la red de alcantarillado (km),2006,..
03,"Asturias, Principado de",Longitud de la red de alcantarillado (km),2005,..
03,"Asturias, Principado de",Longitud de la red de alcantarillado (km),2004,..
03,"Asturias, Principado de",Longitud de la red de alcantarillado (km),2003,..
03,"Asturias, Principado de",Longitud de la red de alcantarillado (km),2002,..
03,"Asturias, Principado de",Longitud de la red de alcantarillado (km),2001,..
03,"Asturias, Principado de",Longitud de la red de alcantarillado (km),2000,..
03,"Asturias, Principado de",Volumen de lodos generados en el tratamiento de aguas residuales (toneladas de materia seca/año),2022,11.978
03,"Asturias, Principado de",Volumen de lodos generados en el tratamiento de aguas residuales (toneladas de materia seca/año),2020,18.097
03,"Asturias, Principado de",Volumen de lodos generados en el tratamiento de aguas residuales (toneladas de materia seca/año),2018,22.850
03,"Asturias, Principado de",Volumen de lodos generados en el tratamiento de aguas residuales (toneladas de materia seca/año),2016,20.184
03,"Asturias, Principado de",Volumen de lodos generados en el tratamiento de aguas residuales (toneladas de materia seca/año),2014,40.565
03,"Asturias, Principado de",Volumen de lodos generados en el tratamiento de aguas residuales (toneladas de materia seca/año),2013,17.843
03,"Asturias, Principado de",Volumen de lodos generados en el tratamiento de aguas residuales (toneladas de materia seca/año),2012,24.173
03,"Asturias, Principado de",Volumen de lodos generados en el tratamiento de aguas residuales (toneladas de materia seca/año),2011,23.739
03,"Asturias, Principado de",Volumen de lodos generados en el tratamiento de aguas residuales (toneladas de materia seca/año),2010,..
03,"Asturias, Principado de",Volumen de lodos generados en el tratamiento de aguas residuales (toneladas de materia seca/año),2009,..
03,"Asturias, Principado de",Volumen de lodos generados en el tratamiento de aguas residuales (toneladas de materia seca/año),2008,..
03,"Asturias, Principado de",Volumen de lodos generados en el tratamiento de aguas residuales (toneladas de materia seca/año),2007,..
03,"Asturias, Principado de",Volumen de lodos generados en el tratamiento de aguas residuales (toneladas de materia seca/año),2006,..
03,"Asturias, Principado de",Volumen de lodos generados en el tratamiento de aguas residuales (toneladas de materia seca/año),2005,..
03,"Asturias, Principado de",Volumen de lodos generados en el tratamiento de aguas residuales (toneladas de materia seca/año),2004,..
03,"Asturias, Principado de",Volumen de lodos generados en el tratamiento de aguas residuales (toneladas de materia seca/año),2003,..
03,"Asturias, Principado de",Volumen de lodos generados en el tratamiento de aguas residuales (toneladas de materia seca/año),2002,..
03,"Asturias, Principado de",Volumen de lodos generados en el tratamiento de aguas residuales (toneladas de materia seca/año),2001,..
03,"Asturias, Principado de",Volumen de lodos generados en el tratamiento de aguas residuales (toneladas de materia seca/año),2000,..
04,"Balears, Illes",Volumen de aguas residuales tratadas,2022,333.591
04,"Balears, Illes",Volumen de aguas residuales tratadas,2020,309.685
04,"Balears, Illes",Volumen de aguas residuales tratadas,2018,341.865
04,"Balears, Illes",Volumen de aguas residuales tratadas,2016,313.241
04,"Balears, Illes",Volumen de aguas residuales tratadas,2014,335.193
04,"Balears, Illes",Volumen de aguas residuales tratadas,2013,396.379
04,"Balears, Illes",Volumen de aguas residuales tratadas,2012,394.772
04,"Balears, Illes",Volumen de aguas residuales tratadas,2011,377.398
04,"Balears, Illes",Volumen de aguas residuales tratadas,2010,280.047
04,"Balears, Illes",Volumen de aguas residuales tratadas,2009,301.103
04,"Balears, Illes",Volumen de aguas residuales tratadas,2008,291.718
04,"Balears, Illes",Volumen de aguas residuales tratadas,2007,323.705
04,"Balears, Illes",Volumen de aguas residuales tratadas,2006,367.836
04,"Balears, Illes",Volumen de aguas residuales tratadas,2005,452.976
04,"Balears, Illes",Volumen de aguas residuales tratadas,2004,331.908
04,"Balears, Illes",Volumen de aguas residuales tratadas,2003,178.939
04,"Balears, Illes",Volumen de aguas residuales tratadas,2002,172.067
04,"Balears, Illes",Volumen de aguas residuales tratadas,2001,146.948
04,"Balears, Illes",Volumen de aguas residuales tratadas,2000,183.892
04,"Balears, Illes",Volumen total de agua reutilizada,2022,61.968
04,"Balears, Illes",Volumen total de agua reutilizada,2020,140.682
04,"Balears, Illes",Volumen total de agua reutilizada,2018,116.320
04,"Balears, Illes",Volumen total de agua reutilizada,2016,103.425
04,"Balears, Illes",Volumen total de agua reutilizada,2014,152.471
04,"Balears, Illes",Volumen total de agua reutilizada,2013,191.227
04,"Balears, Illes",Volumen total de agua reutilizada,2012,117.870
04,"Balears, Illes",Volumen total de agua reutilizada,2011,109.696
04,"Balears, Illes",Volumen total de agua reutilizada,2010,95.389
04,"Balears, Illes",Volumen total de agua reutilizada,2009,125.859
04,"Balears, Illes",Volumen total de agua reutilizada,2008,99.600
04,"Balears, Illes",Volumen total de agua reutilizada,2007,108.131
04,"Balears, Illes",Volumen total de agua reutilizada,2006,131.771
04,"Balears, Illes",Volumen total de agua reutilizada,2005,149.732
04,"Balears, Illes",Volumen total de agua reutilizada,2004,101.280
04,"Balears, Illes",Volumen total de agua reutilizada,2003,51.043
04,"Balears, Illes",Volumen total de agua reutilizada,2002,64.486
04,"Balears, Illes",Volumen total de agua reutilizada,2001,64.181
04,"Balears, Illes",Volumen total de agua reutilizada,2000,101.197
04,"Balears, Illes",Importe facturado por alcantarillado y depuración,2022,73.923
04,"Balears, Illes",Importe facturado por alcantarillado y depuración,2020,98.223
04,"Balears, Illes",Importe facturado por alcantarillado y depuración,2018,102.507
04,"Balears, Illes",Importe facturado por alcantarillado y depuración,2016,97.948
04,"Balears, Illes",Importe facturado por alcantarillado y depuración,2014,95.166
04,"Balears, Illes",Importe facturado por alcantarillado y depuración,2013,93.396
04,"Balears, Illes",Importe facturado por alcantarillado y depuración,2012,87.038
04,"Balears, Illes",Importe facturado por alcantarillado y depuración,2011,68.648
04,"Balears, Illes",Importe facturado por alcantarillado y depuración,2010,104.159
04,"Balears, Illes",Importe facturado por alcantarillado y depuración,2009,70.022
04,"Balears, Illes",Importe facturado por alcantarillado y depuración,2008,77.942
04,"Balears, Illes",Importe facturado por alcantarillado y depuración,2007,74.987
04,"Balears, Illes",Importe facturado por alcantarillado y depuración,2006,63.386
04,"Balears, Illes",Importe facturado por alcantarillado y depuración,2005,49.364
04,"Balears, Illes",Importe facturado por alcantarillado y depuración,2004,36.101
04,"Balears, Illes",Importe facturado por alcantarillado y depuración,2003,38.704
04,"Balears, Illes",Importe facturado por alcantarillado y depuración,2002,41.763
04,"Balears, Illes",Importe facturado por alcantarillado y depuración,2001,41.521
04,"Balears, Illes",Importe facturado por alcantarillado y depuración,2000,34.450
04,"Balears, Illes",Longitud de la red de alcantarillado (km),2022,2.658
04,"Balears, Illes",Longitud de la red de alcantarillado (km),2020,3.889
04,"Balears, Illes",Longitud de la red de alcantarillado (km),2018,3.622
04,"Balears, Illes",Longitud de la red de alcantarillado (km),2016,3.720
04,"Balears, Illes",Longitud de la red de alcantarillado (km),2014,3.684
04,"Balears, Illes",Longitud de la red de alcantarillado (km),2013,3.672
04,"Balears, Illes",Longitud de la red de alcantarillado (km),2012,..
04,"Balears, Illes",Longitud de la red de alcantarillado (km),2011,..
04,"Balears, Illes",Longitud de la red de alcantarillado (km),2010,..
04,"Balears, Illes",Longitud de la red de alcantarillado (km),2009,..
04,"Balears, Illes",Longitud de la red de alcantarillado (km),2008,..
04,"Balears, Illes",Longitud de la red de alcantarillado (km),2007,..
04,"Balears, Illes",Longitud de la red de alcantarillado (km),2006,..
04,"Balears, Illes",Longitud de la red de alcantarillado (km),2005,..
04,"Balears, Illes",Longitud de la red de alcantarillado (km),2004,..
04,"Balears, Illes",Longitud de la red de alcantarillado (km),2003,..
04,"Balears, Illes",Longitud de la red de alcantarillado (km),2002,..
04,"Balears, Illes",Longitud de la red de alcantarillado (km),2001,..
04,"Balears, Illes",Longitud de la red de alcantarillado (km),2000,..
04,"Balears, Illes",Volumen de lodos generados en el tratamiento de aguas residuales (toneladas de materia seca/año),2022,98.368
04,"Balears, Illes",Volumen de lodos generados en el tratamiento de aguas residuales (toneladas de materia seca/año),2020,44.619
04,"Balears, Illes",Volumen de lodos generados en el tratamiento de aguas residuales (toneladas de materia seca/año),2018,32.272
04,"Balears, Illes",Volumen de lodos generados en el tratamiento de aguas residuales (toneladas de materia seca/año),2016,44.490
04,"Balears, Illes",Volumen de lodos generados en el tratamiento de aguas residuales (toneladas de materia seca/año),2014,19.743
04,"Balears, Illes",Volumen de lodos generados en el tratamiento de aguas residuales (toneladas de materia seca/año),2013,25.153
04,"Balears, Illes",Volumen de lodos generados en el tratamiento de aguas residuales (toneladas de materia seca/año),2012,35.739
04,"Balears, Illes",Volumen de lodos generados en el tratamiento de aguas residuales (toneladas de materia seca/año),2011,34.446
04,"Balears, Illes",Volumen de lodos generados en el tratamiento de aguas residuales (toneladas de materia seca/año),2010,..
04,"Balears, Illes",Volumen de lodos generados en el tratamiento de aguas residuales (toneladas de materia seca/año),2009,..
04,"Balears, Illes",Volumen de lodos generados en el tratamiento de aguas residuales (toneladas de materia seca/año),2008,..
04,"Balears, Illes",Volumen de lodos generados en el tratamiento de aguas residuales (toneladas de materia seca/año),2007,..
04,"Balears, Illes",Volumen de lodos generados en el tratamiento de aguas residuales (toneladas de materia seca/año),2006,..
04,"Balears, Illes",Volumen de lodos generados en el tratamiento de aguas residuales (toneladas de materia seca/año),2005,..
04,"Balears, Illes",Volumen de lodos generados en el tratamiento de aguas residuales (toneladas de materia seca/año),2004,..
04,"Balears, Illes",Volumen de lodos generados en el tratamiento de aguas residuales (toneladas de materia seca/año),2003,..
04,"Balears, Illes",Volumen de lodos generados en el tratamiento de aguas residuales (toneladas de materia seca/año),2002,..
04,"Balears, Illes",Volumen de lodos generados en el tratamiento de aguas residuales (toneladas de materia seca/año),2001,..
04,"Balears, Illes",Volumen de lodos generados en el tratamiento de aguas residuales (toneladas de materia seca/año),2000,..
05,Canarias,Volumen de aguas residuales tratadas,2022,373.856
05,Canarias,Volumen de aguas residuales tratadas,2020,318.386
05,Canarias,Volumen de aguas residuales tratadas,2018,282.590
05,Canarias,Volumen de aguas residuales tratadas,2016,341.769
05,Canarias,Volumen de aguas residuales tratadas,2014,382.674
05,Canarias,Volumen de aguas residuales tratadas,2013,330.186
05,Canarias,Volumen de aguas residuales tratadas,2012,367.286
05,Canarias,Volumen de aguas residuales tratadas,2011,341.566
05,Canarias,Volumen de aguas residuales tratadas,2010,339.630
05,Canarias,Volumen de aguas residuales tratadas,2009,357.252
05,Canarias,Volumen de aguas residuales tratadas,2008,340.174
05,Canarias,Volumen de aguas residuales tratadas,2007,297.974
05,Canarias,Volumen de aguas residuales tratadas,2006,297.054
05,Canarias,Volumen de aguas residuales tratadas,2005,258.900
05,Canarias,Volumen de aguas residuales tratadas,2004,209.647
05,Canarias,Volumen de aguas residuales tratadas,2003,224.998
05,Canarias,Volumen de aguas residuales tratadas,2002,207.657
05,Canarias,Volumen de aguas residuales tratadas,2001,166.612
05,Canarias,Volumen de aguas residuales tratadas,2000,181.895
05,Canarias,Volumen total de agua reutilizada,2022,104.805
05,Canarias,Volumen total de agua reutilizada,2020,75.336
05,Canarias,Volumen total de agua reutilizada,2018,61.711
05,Canarias,Volumen total de agua reutilizada,2016,67.962
05,Canarias,Volumen total de agua reutilizada,2014,75.968
05,Canarias,Volumen total de agua reutilizada,2013,69.611
05,Canarias,Volumen total de agua reutilizada,2012,85.344
05,Canarias,Volumen total de agua reutilizada,2011,85.282
05,Canarias,Volumen total de agua reutilizada,2010,86.956
05,Canarias,Volumen total de agua reutilizada,2009,96.292
05,Canarias,Volumen total de agua reutilizada,2008,90.876
05,Canarias,Volumen total de agua reutilizada,2007,90.327
05,Canarias,Volumen total de agua reutilizada,2006,166.195
05,Canarias,Volumen total de agua reutilizada,2005,81.013
05,Canarias,Volumen total de agua reutilizada,2004,81.777
05,Canarias,Volumen total de agua reutilizada,2003,117.996
05,Canarias,Volumen total de agua reutilizada,2002,102.440
05,Canarias,Volumen total de agua reutilizada,2001,78.132
05,Canarias,Volumen total de agua reutilizada,2000,98.737
05,Canarias,Importe facturado por alcantarillado y depuración,2022,74.174
05,Canarias,Importe facturado por alcantarillado y depuración,2020,54.208
05,Canarias,Importe facturado por alcantarillado y depuración,2018,55.701
05,Canarias,Importe facturado por alcantarillado y depuración,2016,62.441
05,Canarias,Importe facturado por alcantarillado y depuración,2014,53.816
05,Canarias,Importe facturado por alcantarillado y depuración,2013,59.199
05,Canarias,Importe facturado por alcantarillado y depuración,2012,63.488
05,Canarias,Importe facturado por alcantarillado y depuración,2011,65.149
05,Canarias,Importe facturado por alcantarillado y depuración,2010,55.936
05,Canarias,Importe facturado por alcantarillado y depuración,2009,56.709
05,Canarias,Importe facturado por alcantarillado y depuración,2008,48.350
05,Canarias,Importe facturado por alcantarillado y depuración,2007,56.882
05,Canarias,Importe facturado por alcantarillado y depuración,2006,47.493
05,Canarias,Importe facturado por alcantarillado y depuración,2005,44.236
05,Canarias,Importe facturado por alcantarillado y depuración,2004,47.324
05,Canarias,Importe facturado por alcantarillado y depuración,2003,37.347
05,Canarias,Importe facturado por alcantarillado y depuración,2002,33.460
05,Canarias,Importe facturado por alcantarillado y depuración,2001,28.758
05,Canarias,Importe facturado por alcantarillado y depuración,2000,25.916
05,Canarias,Longitud de la red de alcantarillado (km),2022,4.691
05,Canarias,Longitud de la red de alcantarillado (km),2020,5.469
05,Canarias,Longitud de la red de alcantarillado (km),2018,6.197
05,Canarias,Longitud de la red de alcantarillado (km),2016,5.424
05,Canarias,Longitud de la red de alcantarillado (km),2014,5.562
05,Canarias,Longitud de la red de alcantarillado (km),2013,8.188
05,Canarias,Longitud de la red de alcantarillado (km),2012,..
05,Canarias,Longitud de la red de alcantarillado (km),2011,..
05,Canarias,Longitud de la red de alcantarillado (km),2010,..
05,Canarias,Longitud de la red de alcantarillado (km),2009,..
05,Canarias,Longitud de la red de alcantarillado (km),2008,..
05,Canarias,Longitud de la red de alcantarillado (km),2007,..
05,Canarias,Longitud de la red de alcantarillado (km),2006,..
05,Canarias,Longitud de la red de alcantarillado (km),2005,..
05,Canarias,Longitud de la red de alcantarillado (km),2004,..
05,Canarias,Longitud de la red de alcantarillado (km),2003,..
05,Canarias,Longitud de la red de alcantarillado (km),2002,..
05,Canarias,Longitud de la red de alcantarillado (km),2001,..
05,Canarias,Longitud de la red de alcantarillado (km),2000,..
05,Canarias,Volumen de lodos generados en el tratamiento de aguas residuales (toneladas de materia seca/año),2022,25.679
05,Canarias,Volumen de lodos generados en el tratamiento de aguas residuales (toneladas de materia seca/año),2020,22.245
05,Canarias,Volumen de lodos generados en el tratamiento de aguas residuales (toneladas de materia seca/año),2018,21.815
05,Canarias,Volumen de lodos generados en el tratamiento de aguas residuales (toneladas de materia seca/año),2016,17.405
05,Canarias,Volumen de lodos generados en el tratamiento de aguas residuales (toneladas de materia seca/año),2014,25.497
05,Canarias,Volumen de lodos generados en el tratamiento de aguas residuales (toneladas de materia seca/año),2013,17.006
05,Canarias,Volumen de lodos generados en el tratamiento de aguas residuales (toneladas de materia seca/año),2012,62.344
05,Canarias,Volumen de lodos generados en el tratamiento de aguas residuales (toneladas de materia seca/año),2011,30.602
05,Canarias,Volumen de lodos generados en el tratamiento de aguas residuales (toneladas de materia seca/año),2010,..
05,Canarias,Volumen de lodos generados en el tratamiento de aguas residuales (toneladas de materia seca/año),2009,..
05,Canarias,Volumen de lodos generados en el tratamiento de aguas residuales (toneladas de materia seca/año),2008,..
05,Canarias,Volumen de lodos generados en el tratamiento de aguas residuales (toneladas de materia seca/año),2007,..
05,Canarias,Volumen de lodos generados en el tratamiento de aguas residuales (toneladas de materia seca/año),2006,..
05,Canarias,Volumen de lodos generados en el tratamiento de aguas residuales (toneladas de materia seca/año),2005,..
05,Canarias,Volumen de lodos generados en el tratamiento de aguas residuales (toneladas de materia seca/año),2004,..
05,Canarias,Volumen de lodos generados en el tratamiento de aguas residuales (toneladas de materia seca/año),2003,..
05,Canarias,Volumen de lodos generados en el tratamiento de aguas residuales (toneladas de materia seca/año),2002,..
05,Canarias,Volumen de lodos generados en el tratamiento de aguas residuales (toneladas de materia seca/año),2001,..
05,Canarias,Volumen de lodos generados en el tratamiento de aguas residuales (toneladas de materia seca/año),2000,..
06,Cantabria,Volumen de aguas residuales tratadas,2022,874.605
06,Cantabria,Volumen de aguas residuales tratadas,2020,293.290
06,Cantabria,Volumen de aguas residuales tratadas,2018,349.650
06,Cantabria,Volumen de aguas residuales tratadas,2016,319.351
06,Cantabria,Volumen de aguas residuales tratadas,2014,266.992
06,Cantabria,Volumen de aguas residuales tratadas,2013,286.585
06,Cantabria,Volumen de aguas residuales tratadas,2012,257.359
06,Cantabria,Volumen de aguas residuales tratadas,2011,245.869
06,Cantabria,Volumen de aguas residuales tratadas,2010,279.236
06,Cantabria,Volumen de aguas residuales tratadas,2009,243.190
06,Cantabria,Volumen de aguas residuales tratadas,2008,254.799
06,Cantabria,Volumen de aguas residuales tratadas,2007,223.436
06,Cantabria,Volumen de aguas residuales tratadas,2006,283.538
06,Cantabria,Volumen de aguas residuales tratadas,2005,287.291
06,Cantabria,Volumen de aguas residuales tratadas,2004,204.618
06,Cantabria,Volumen de aguas residuales tratadas,2003,85.211
06,Cantabria,Volumen de aguas residuales tratadas,2002,65.373
06,Cantabria,Volumen de aguas residuales tratadas,2001,49.138
06,Cantabria,Volumen de aguas residuales tratadas,2000,85.939
06,Cantabria,Volumen total de agua reutilizada,2022,0
06,Cantabria,Volumen total de agua reutilizada,2020,4.911
06,Cantabria,Volumen total de agua reutilizada,2018,3.910
06,Cantabria,Volumen total de agua reutilizada,2016,5.486
06,Cantabria,Volumen total de agua reutilizada,2014,5.337
06,Cantabria,Volumen total de agua reutilizada,2013,5.636
06,Cantabria,Volumen total de agua reutilizada,2012,10.413
06,Cantabria,Volumen total de agua reutilizada,2011,0
06,Cantabria,Volumen total de agua reutilizada,2010,0
06,Cantabria,Volumen total de agua reutilizada,2009,0
06,Cantabria,Volumen total de agua reutilizada,2008,0
06,Cantabria,Volumen total de agua reutilizada,2007,0
06,Cantabria,Volumen total de agua reutilizada,2006,3.442
06,Cantabria,Volumen total de agua reutilizada,2005,3.431
06,Cantabria,Volumen total de agua reutilizada,2004,2.715
06,Cantabria,Volumen total de agua reutilizada,2003,11.843
06,Cantabria,Volumen total de agua reutilizada,2002,753
06,Cantabria,Volumen total de agua reutilizada,2001,318
06,Cantabria,Volumen total de agua reutilizada,2000,0
06,Cantabria,Importe facturado por alcantarillado y depuración,2022,29.029
06,Cantabria,Importe facturado por alcantarillado y depuración,2020,40.967
06,Cantabria,Importe facturado por alcantarillado y depuración,2018,35.835
06,Cantabria,Importe facturado por alcantarillado y depuración,2016,37.354
06,Cantabria,Importe facturado por alcantarillado y depuración,2014,36.131
06,Cantabria,Importe facturado por alcantarillado y depuración,2013,31.060
06,Cantabria,Importe facturado por alcantarillado y depuración,2012,26.833
06,Cantabria,Importe facturado por alcantarillado y depuración,2011,28.593
06,Cantabria,Importe facturado por alcantarillado y depuración,2010,23.743
06,Cantabria,Importe facturado por alcantarillado y depuración,2009,21.374
06,Cantabria,Importe facturado por alcantarillado y depuración,2008,20.232
06,Cantabria,Importe facturado por alcantarillado y depuración,2007,19.598
06,Cantabria,Importe facturado por alcantarillado y depuración,2006,14.217
06,Cantabria,Importe facturado por alcantarillado y depuración,2005,14.526
06,Cantabria,Importe facturado por alcantarillado y depuración,2004,13.210
06,Cantabria,Importe facturado por alcantarillado y depuración,2003,13.771
06,Cantabria,Importe facturado por alcantarillado y depuración,2002,12.508
06,Cantabria,Importe facturado por alcantarillado y depuración,2001,12.187
06,Cantabria,Importe facturado por alcantarillado y depuración,2000,12.447
06,Cantabria,Longitud de la red de alcantarillado (km),2022,3.903
06,Cantabria,Longitud de la red de alcantarillado (km),2020,2.347
06,Cantabria,Longitud de la red de alcantarillado (km),2018,2.305
06,Cantabria,Longitud de la red de alcantarillado (km),2016,2.405
06,Cantabria,Longitud de la red de alcantarillado (km),2014,2.473
06,Cantabria,Longitud de la red de alcantarillado (km),2013,2.569
06,Cantabria,Longitud de la red de alcantarillado (km),2012,..
06,Cantabria,Longitud de la red de alcantarillado (km),2011,..
06,Cantabria,Longitud de la red de alcantarillado (km),2010,..
06,Cantabria,Longitud de la red de alcantarillado (km),2009,..
06,Cantabria,Longitud de la red de alcantarillado (km),2008,..
06,Cantabria,Longitud de la red de alcantarillado (km),2007,..
06,Cantabria,Longitud de la red de alcantarillado (km),2006,..
06,Cantabria,Longitud de la red de alcantarillado (km),2005,..
06,Cantabria,Longitud de la red de alcantarillado (km),2004,..
06,Cantabria,Longitud de la red de alcantarillado (km),2003,..
06,Cantabria,Longitud de la red de alcantarillado (km),2002,..
06,Cantabria,Longitud de la red de alcantarillado (km),2001,..
06,Cantabria,Longitud de la red de alcantarillado (km),2000,..
06,Cantabria,Volumen de lodos generados en el tratamiento de aguas residuales (toneladas de materia seca/año),2022,21.472
06,Cantabria,Volumen de lodos generados en el tratamiento de aguas residuales (toneladas de materia seca/año),2020,22.301
06,Cantabria,Volumen de lodos generados en el tratamiento de aguas residuales (toneladas de materia seca/año),2018,24.066
06,Cantabria,Volumen de lodos generados en el tratamiento de aguas residuales (toneladas de materia seca/año),2016,24.582
06,Cantabria,Volumen de lodos generados en el tratamiento de aguas residuales (toneladas de materia seca/año),2014,66.904
06,Cantabria,Volumen de lodos generados en el tratamiento de aguas residuales (toneladas de materia seca/año),2013,22.498
06,Cantabria,Volumen de lodos generados en el tratamiento de aguas residuales (toneladas de materia seca/año),2012,32.991
06,Cantabria,Volumen de lodos generados en el tratamiento de aguas residuales (toneladas de materia seca/año),2011,48.602
06,Cantabria,Volumen de lodos generados en el tratamiento de aguas residuales (toneladas de materia seca/año),2010,..
06,Cantabria,Volumen de lodos generados en el tratamiento de aguas residuales (toneladas de materia seca/año),2009,..
06,Cantabria,Volumen de lodos generados en el tratamiento de aguas residuales (toneladas de materia seca/año),2008,..
06,Cantabria,Volumen de lodos generados en el tratamiento de aguas residuales (toneladas de materia seca/año),2007,..
06,Cantabria,Volumen de lodos generados en el tratamiento de aguas residuales (toneladas de materia seca/año),2006,..
06,Cantabria,Volumen de lodos generados en el tratamiento de aguas residuales (toneladas de materia seca/año),2005,..
06,Cantabria,Volumen de lodos generados en el tratamiento de aguas residuales (toneladas de materia seca/año),2004,..
06,Cantabria,Volumen de lodos generados en el tratamiento de aguas residuales (toneladas de materia seca/año),2003,..
06,Cantabria,Volumen de lodos generados en el tratamiento de aguas residuales (toneladas de materia seca/año),2002,..
06,Cantabria,Volumen de lodos generados en el tratamiento de aguas residuales (toneladas de materia seca/año),2001,..
06,Cantabria,Volumen de lodos generados en el tratamiento de aguas residuales (toneladas de materia seca/año),2000,..
07,Castilla y León,Volumen de aguas residuales tratadas,2022,1.400.261
07,Castilla y León,Volumen de aguas residuales tratadas,2020,1.129.762
07,Castilla y León,Volumen de aguas residuales tratadas,2018,1.304.756
07,Castilla y León,Volumen de aguas residuales tratadas,2016,1.026.339
07,Castilla y León,Volumen de aguas residuales tratadas,2014,1.070.390
07,Castilla y León,Volumen de aguas residuales tratadas,2013,1.090.397
07,Castilla y León,Volumen de aguas residuales tratadas,2012,1.180.864
07,Castilla y León,Volumen de aguas residuales tratadas,2011,1.085.202
07,Castilla y León,Volumen de aguas residuales tratadas,2010,1.425.452
07,Castilla y León,Volumen de aguas residuales tratadas,2009,1.325.983
07,Castilla y León,Volumen de aguas residuales tratadas,2008,1.297.653
07,Castilla y León,Volumen de aguas residuales tratadas,2007,1.719.236
07,Castilla y León,Volumen de aguas residuales tratadas,2006,1.588.593
07,Castilla y León,Volumen de aguas residuales tratadas,2005,1.453.871
07,Castilla y León,Volumen de aguas residuales tratadas,2004,983.050
07,Castilla y León,Volumen de aguas residuales tratadas,2003,537.222
07,Castilla y León,Volumen de aguas residuales tratadas,2002,513.616
07,Castilla y León,Volumen de aguas residuales tratadas,2001,295.914
07,Castilla y León,Volumen de aguas residuales tratadas,2000,299.200
07,Castilla y León,Volumen total de agua reutilizada,2022,13.577
07,Castilla y León,Volumen total de agua reutilizada,2020,11.429
07,Castilla y León,Volumen total de agua reutilizada,2018,26.461
07,Castilla y León,Volumen total de agua reutilizada,2016,9.387
07,Castilla y León,Volumen total de agua reutilizada,2014,10.758
07,Castilla y León,Volumen total de agua reutilizada,2013,13.841
07,Castilla y León,Volumen total de agua reutilizada,2012,8.438
07,Castilla y León,Volumen total de agua reutilizada,2011,2.460
07,Castilla y León,Volumen total de agua reutilizada,2010,9.693
07,Castilla y León,Volumen total de agua reutilizada,2009,9.430
07,Castilla y León,Volumen total de agua reutilizada,2008,8.864
07,Castilla y León,Volumen total de agua reutilizada,2007,8.790
07,Castilla y León,Volumen total de agua reutilizada,2006,13.845
07,Castilla y León,Volumen total de agua reutilizada,2005,4.793
07,Castilla y León,Volumen total de agua reutilizada,2004,3.693
07,Castilla y León,Volumen total de agua reutilizada,2003,3.505
07,Castilla y León,Volumen total de agua reutilizada,2002,18.050
07,Castilla y León,Volumen total de agua reutilizada,2001,2.953
07,Castilla y León,Volumen total de agua reutilizada,2000,2.060
07,Castilla y León,Importe facturado por alcantarillado y depuración,2022,110.398
07,Castilla y León,Importe facturado por alcantarillado y depuración,2020,91.994
07,Castilla y León,Importe facturado por alcantarillado y depuración,2018,96.574
07,Castilla y León,Importe facturado por alcantarillado y depuración,2016,97.534
07,Castilla y León,Importe facturado por alcantarillado y depuración,2014,94.668
07,Castilla y León,Importe facturado por alcantarillado y depuración,2013,97.520
07,Castilla y León,Importe facturado por alcantarillado y depuración,2012,109.990
07,Castilla y León,Importe facturado por alcantarillado y depuración,2011,92.986
07,Castilla y León,Importe facturado por alcantarillado y depuración,2010,111.100
07,Castilla y León,Importe facturado por alcantarillado y depuración,2009,109.870
07,Castilla y León,Importe facturado por alcantarillado y depuración,2008,103.715
07,Castilla y León,Importe facturado por alcantarillado y depuración,2007,129.035
07,Castilla y León,Importe facturado por alcantarillado y depuración,2006,96.834
07,Castilla y León,Importe facturado por alcantarillado y depuración,2005,64.651
07,Castilla y León,Importe facturado por alcantarillado y depuración,2004,47.057
07,Castilla y León,Importe facturado por alcantarillado y depuración,2003,34.387
07,Castilla y León,Importe facturado por alcantarillado y depuración,2002,19.284
07,Castilla y León,Importe facturado por alcantarillado y depuración,2001,20.188
07,Castilla y León,Importe facturado por alcantarillado y depuración,2000,15.224
07,Castilla y León,Longitud de la red de alcantarillado (km),2022,12.620
07,Castilla y León,Longitud de la red de alcantarillado (km),2020,9.925
07,Castilla y León,Longitud de la red de alcantarillado (km),2018,10.644
07,Castilla y León,Longitud de la red de alcantarillado (km),2016,9.880
07,Castilla y León,Longitud de la red de alcantarillado (km),2014,10.807
07,Castilla y León,Longitud de la red de alcantarillado (km),2013,10.309
07,Castilla y León,Longitud de la red de alcantarillado (km),2012,..
07,Castilla y León,Longitud de la red de alcantarillado (km),2011,..
07,Castilla y León,Longitud de la red de alcantarillado (km),2010,..
07,Castilla y León,Longitud de la red de alcantarillado (km),2009,..
07,Castilla y León,Longitud de la red de alcantarillado (km),2008,..
07,Castilla y León,Longitud de la red de alcantarillado (km),2007,..
07,Castilla y León,Longitud de la red de alcantarillado (km),2006,..
07,Castilla y León,Longitud de la red de alcantarillado (km),2005,..
07,Castilla y León,Longitud de la red de alcantarillado (km),2004,..
07,Castilla y León,Longitud de la red de alcantarillado (km),2003,..
07,Castilla y León,Longitud de la red de alcantarillado (km),2002,..
07,Castilla y León,Longitud de la red de alcantarillado (km),2001,..
07,Castilla y León,Longitud de la red de alcantarillado (km),2000,..
07,Castilla y León,Volumen de lodos generados en el tratamiento de aguas residuales (toneladas de materia seca/año),2022,54.833
07,Castilla y León,Volumen de lodos generados en el tratamiento de aguas residuales (toneladas de materia seca/año),2020,91.635
07,Castilla y León,Volumen de lodos generados en el tratamiento de aguas residuales (toneladas de materia seca/año),2018,112.992
07,Castilla y León,Volumen de lodos generados en el tratamiento de aguas residuales (toneladas de materia seca/año),2016,89.167
07,Castilla y León,Volumen de lodos generados en el tratamiento de aguas residuales (toneladas de materia seca/año),2014,72.747
07,Castilla y León,Volumen de lodos generados en el tratamiento de aguas residuales (toneladas de materia seca/año),2013,81.278
07,Castilla y León,Volumen de lodos generados en el tratamiento de aguas residuales (toneladas de materia seca/año),2012,77.449
07,Castilla y León,Volumen de lodos generados en el tratamiento de aguas residuales (toneladas de materia seca/año),2011,74.381
07,Castilla y León,Volumen de lodos generados en el tratamiento de aguas residuales (toneladas de materia seca/año),2010,..
07,Castilla y León,Volumen de lodos generados en el tratamiento de aguas residuales (toneladas de materia seca/año),2009,..
07,Castilla y León,Volumen de lodos generados en el tratamiento de aguas residuales (toneladas de materia seca/año),2008,..
07,Castilla y León,Volumen de lodos generados en el tratamiento de aguas residuales (toneladas de materia seca/año),2007,..
07,Castilla y León,Volumen de lodos generados en el tratamiento de aguas residuales (toneladas de materia seca/año),2006,..
07,Castilla y León,Volumen de lodos generados en el tratamiento de aguas residuales (toneladas de materia seca/año),2005,..
07,Castilla y León,Volumen de lodos generados en el tratamiento de aguas residuales (toneladas de materia seca/año),2004,..
07,Castilla y León,Volumen de lodos generados en el tratamiento de aguas residuales (toneladas de materia seca/año),2003,..
07,Castilla y León,Volumen de lodos generados en el tratamiento de aguas residuales (toneladas de materia seca/año),2002,..
07,Castilla y León,Volumen de lodos generados en el tratamiento de aguas residuales (toneladas de materia seca/año),2001,..
07,Castilla y León,Volumen de lodos generados en el tratamiento de aguas residuales (toneladas de materia seca/año),2000,..
08,Castilla - La Mancha,Volumen de aguas residuales tratadas,2022,604.317
08,Castilla - La Mancha,Volumen de aguas residuales tratadas,2020,557.720
08,Castilla - La Mancha,Volumen de aguas residuales tratadas,2018,646.665
08,Castilla - La Mancha,Volumen de aguas residuales tratadas,2016,498.337
08,Castilla - La Mancha,Volumen de aguas residuales tratadas,2014,528.160
08,Castilla - La Mancha,Volumen de aguas residuales tratadas,2013,636.849
08,Castilla - La Mancha,Volumen de aguas residuales tratadas,2012,606.197
08,Castilla - La Mancha,Volumen de aguas residuales tratadas,2011,697.040
08,Castilla - La Mancha,Volumen de aguas residuales tratadas,2010,581.596
08,Castilla - La Mancha,Volumen de aguas residuales tratadas,2009,543.248
08,Castilla - La Mancha,Volumen de aguas residuales tratadas,2008,508.587
08,Castilla - La Mancha,Volumen de aguas residuales tratadas,2007,429.921
08,Castilla - La Mancha,Volumen de aguas residuales tratadas,2006,488.963
08,Castilla - La Mancha,Volumen de aguas residuales tratadas,2005,581.152
08,Castilla - La Mancha,Volumen de aguas residuales tratadas,2004,492.724
08,Castilla - La Mancha,Volumen de aguas residuales tratadas,2003,339.362
08,Castilla - La Mancha,Volumen de aguas residuales tratadas,2002,301.625
08,Castilla - La Mancha,Volumen de aguas residuales tratadas,2001,336.019
08,Castilla - La Mancha,Volumen de aguas residuales tratadas,2000,279.765
08,Castilla - La Mancha,Volumen total de agua reutilizada,2022,2.413
08,Castilla - La Mancha,Volumen total de agua reutilizada,2020,15.501
08,Castilla - La Mancha,Volumen total de agua reutilizada,2018,12.385
08,Castilla - La Mancha,Volumen total de agua reutilizada,2016,18.822
08,Castilla - La Mancha,Volumen total de agua reutilizada,2014,15.297
08,Castilla - La Mancha,Volumen total de agua reutilizada,2013,22.348
08,Castilla - La Mancha,Volumen total de agua reutilizada,2012,4.046
08,Castilla - La Mancha,Volumen total de agua reutilizada,2011,4.625
08,Castilla - La Mancha,Volumen total de agua reutilizada,2010,13.587
08,Castilla - La Mancha,Volumen total de agua reutilizada,2009,19.901
08,Castilla - La Mancha,Volumen total de agua reutilizada,2008,17.516
08,Castilla - La Mancha,Volumen total de agua reutilizada,2007,18.041
08,Castilla - La Mancha,Volumen total de agua reutilizada,2006,16.349
08,Castilla - La Mancha,Volumen total de agua reutilizada,2005,19.734
08,Castilla - La Mancha,Volumen total de agua reutilizada,2004,9.193
08,Castilla - La Mancha,Volumen total de agua reutilizada,2003,5.524
08,Castilla - La Mancha,Volumen total de agua reutilizada,2002,17.241
08,Castilla - La Mancha,Volumen total de agua reutilizada,2001,21.562
08,Castilla - La Mancha,Volumen total de agua reutilizada,2000,13.210
08,Castilla - La Mancha,Importe facturado por alcantarillado y depuración,2022,76.944
08,Castilla - La Mancha,Importe facturado por alcantarillado y depuración,2020,63.428
08,Castilla - La Mancha,Importe facturado por alcantarillado y depuración,2018,65.501
08,Castilla - La Mancha,Importe facturado por alcantarillado y depuración,2016,68.583
08,Castilla - La Mancha,Importe facturado por alcantarillado y depuración,2014,67.524
08,Castilla - La Mancha,Importe facturado por alcantarillado y depuración,2013,79.176
08,Castilla - La Mancha,Importe facturado por alcantarillado y depuración,2012,69.187
08,Castilla - La Mancha,Importe facturado por alcantarillado y depuración,2011,77.744
08,Castilla - La Mancha,Importe facturado por alcantarillado y depuración,2010,67.355
08,Castilla - La Mancha,Importe facturado por alcantarillado y depuración,2009,63.367
08,Castilla - La Mancha,Importe facturado por alcantarillado y depuración,2008,55.097
08,Castilla - La Mancha,Importe facturado por alcantarillado y depuración,2007,51.044
08,Castilla - La Mancha,Importe facturado por alcantarillado y depuración,2006,57.160
08,Castilla - La Mancha,Importe facturado por alcantarillado y depuración,2005,44.159
08,Castilla - La Mancha,Importe facturado por alcantarillado y depuración,2004,27.349
08,Castilla - La Mancha,Importe facturado por alcantarillado y depuración,2003,25.922
08,Castilla - La Mancha,Importe facturado por alcantarillado y depuración,2002,20.303
08,Castilla - La Mancha,Importe facturado por alcantarillado y depuración,2001,18.938
08,Castilla - La Mancha,Importe facturado por alcantarillado y depuración,2000,15.404
08,Castilla - La Mancha,Longitud de la red de alcantarillado (km),2022,14.447
08,Castilla - La Mancha,Longitud de la red de alcantarillado (km),2020,8.305
08,Castilla - La Mancha,Longitud de la red de alcantarillado (km),2018,8.255
08,Castilla - La Mancha,Longitud de la red de alcantarillado (km),2016,8.754
08,Castilla - La Mancha,Longitud de la red de alcantarillado (km),2014,8.062
08,Castilla - La Mancha,Longitud de la red de alcantarillado (km),2013,8.893
08,Castilla - La Mancha,Longitud de la red de alcantarillado (km),2012,..
08,Castilla - La Mancha,Longitud de la red de alcantarillado (km),2011,..
08,Castilla - La Mancha,Longitud de la red de alcantarillado (km),2010,..
08,Castilla - La Mancha,Longitud de la red de alcantarillado (km),2009,..
08,Castilla - La Mancha,Longitud de la red de alcantarillado (km),2008,..
08,Castilla - La Mancha,Longitud de la red de alcantarillado (km),2007,..
08,Castilla - La Mancha,Longitud de la red de alcantarillado (km),2006,..
08,Castilla - La Mancha,Longitud de la red de alcantarillado (km),2005,..
08,Castilla - La Mancha,Longitud de la red de alcantarillado (km),2004,..
08,Castilla - La Mancha,Longitud de la red de alcantarillado (km),2003,..
08,Castilla - La Mancha,Longitud de la red de alcantarillado (km),2002,..
08,Castilla - La Mancha,Longitud de la red de alcantarillado (km),2001,..
08,Castilla - La Mancha,Longitud de la red de alcantarillado (km),2000,..
08,Castilla - La Mancha,Volumen de lodos generados en el tratamiento de aguas residuales (toneladas de materia seca/año),2022,43.116
08,Castilla - La Mancha,Volumen de lodos generados en el tratamiento de aguas residuales (toneladas de materia seca/año),2020,26.118
08,Castilla - La Mancha,Volumen de lodos generados en el tratamiento de aguas residuales (toneladas de materia seca/año),2018,52.349
08,Castilla - La Mancha,Volumen de lodos generados en el tratamiento de aguas residuales (toneladas de materia seca/año),2016,19.894
08,Castilla - La Mancha,Volumen de lodos generados en el tratamiento de aguas residuales (toneladas de materia seca/año),2014,22.461
08,Castilla - La Mancha,Volumen de lodos generados en el tratamiento de aguas residuales (toneladas de materia seca/año),2013,33.279
08,Castilla - La Mancha,Volumen de lodos generados en el tratamiento de aguas residuales (toneladas de materia seca/año),2012,49.236
08,Castilla - La Mancha,Volumen de lodos generados en el tratamiento de aguas residuales (toneladas de materia seca/año),2011,56.593
08,Castilla - La Mancha,Volumen de lodos generados en el tratamiento de aguas residuales (toneladas de materia seca/año),2010,..
08,Castilla - La Mancha,Volumen de lodos generados en el tratamiento de aguas residuales (toneladas de materia seca/año),2009,..
08,Castilla - La Mancha,Volumen de lodos generados en el tratamiento de aguas residuales (toneladas de materia seca/año),2008,..
08,Castilla - La Mancha,Volumen de lodos generados en el tratamiento de aguas residuales (toneladas de materia seca/año),2007,..
08,Castilla - La Mancha,Volumen de lodos generados en el tratamiento de aguas residuales (toneladas de materia seca/año),2006,..
08,Castilla - La Mancha,Volumen de lodos generados en el tratamiento de aguas residuales (toneladas de materia seca/año),2005,..
08,Castilla - La Mancha,Volumen de lodos generados en el tratamiento de aguas residuales (toneladas de materia seca/año),2004,..
08,Castilla - La Mancha,Volumen de lodos generados en el tratamiento de aguas residuales (toneladas de materia seca/año),2003,..
08,Castilla - La Mancha,Volumen de lodos generados en el tratamiento de aguas residuales (toneladas de materia seca/año),2002,..
08,Castilla - La Mancha,Volumen de lodos generados en el tratamiento de aguas residuales (toneladas de materia seca/año),2001,..
08,Castilla - La Mancha,Volumen de lodos generados en el tratamiento de aguas residuales (toneladas de materia seca/año),2000,..
09,Cataluña,Volumen de aguas residuales tratadas,2022,2.707.751
09,Cataluña,Volumen de aguas residuales tratadas,2020,1.935.244
09,Cataluña,Volumen de aguas residuales tratadas,2018,1.775.463
09,Cataluña,Volumen de aguas residuales tratadas,2016,1.716.803
09,Cataluña,Volumen de aguas residuales tratadas,2014,1.724.980
09,Cataluña,Volumen de aguas residuales tratadas,2013,1.788.210
09,Cataluña,Volumen de aguas residuales tratadas,2012,1.776.438
09,Cataluña,Volumen de aguas residuales tratadas,2011,1.892.045
09,Cataluña,Volumen de aguas residuales tratadas,2010,1.894.845
09,Cataluña,Volumen de aguas residuales tratadas,2009,1.850.979
09,Cataluña,Volumen de aguas residuales tratadas,2008,1.821.859
09,Cataluña,Volumen de aguas residuales tratadas,2007,1.805.479
09,Cataluña,Volumen de aguas residuales tratadas,2006,1.993.776
09,Cataluña,Volumen de aguas residuales tratadas,2005,1.609.402
09,Cataluña,Volumen de aguas residuales tratadas,2004,1.960.241
09,Cataluña,Volumen de aguas residuales tratadas,2003,1.440.621
09,Cataluña,Volumen de aguas residuales tratadas,2002,1.435.569
09,Cataluña,Volumen de aguas residuales tratadas,2001,1.609.628
09,Cataluña,Volumen de aguas residuales tratadas,2000,1.820.654
09,Cataluña,Volumen total de agua reutilizada,2022,339.536
09,Cataluña,Volumen total de agua reutilizada,2020,105.070
09,Cataluña,Volumen total de agua reutilizada,2018,79.245
09,Cataluña,Volumen total de agua reutilizada,2016,83.397
09,Cataluña,Volumen total de agua reutilizada,2014,69.315
09,Cataluña,Volumen total de agua reutilizada,2013,83.247
09,Cataluña,Volumen total de agua reutilizada,2012,78.074
09,Cataluña,Volumen total de agua reutilizada,2011,77.644
09,Cataluña,Volumen total de agua reutilizada,2010,91.424
09,Cataluña,Volumen total de agua reutilizada,2009,116.657
09,Cataluña,Volumen total de agua reutilizada,2008,113.764
09,Cataluña,Volumen total de agua reutilizada,2007,72.931
09,Cataluña,Volumen total de agua reutilizada,2006,106.259
09,Cataluña,Volumen total de agua reutilizada,2005,120.749
09,Cataluña,Volumen total de agua reutilizada,2004,31.062
09,Cataluña,Volumen total de agua reutilizada,2003,11.124
09,Cataluña,Volumen total de agua reutilizada,2002,13.781
09,Cataluña,Volumen total de agua reutilizada,2001,13.452
09,Cataluña,Volumen total de agua reutilizada,2000,162.572
09,Cataluña,Importe facturado por alcantarillado y depuración,2022,622.110
09,Cataluña,Importe facturado por alcantarillado y depuración,2020,506.831
09,Cataluña,Importe facturado por alcantarillado y depuración,2018,535.777
09,Cataluña,Importe facturado por alcantarillado y depuración,2016,560.419
09,Cataluña,Importe facturado por alcantarillado y depuración,2014,610.906
09,Cataluña,Importe facturado por alcantarillado y depuración,2013,554.671
09,Cataluña,Importe facturado por alcantarillado y depuración,2012,581.350
09,Cataluña,Importe facturado por alcantarillado y depuración,2011,369.452
09,Cataluña,Importe facturado por alcantarillado y depuración,2010,371.912
09,Cataluña,Importe facturado por alcantarillado y depuración,2009,361.877
09,Cataluña,Importe facturado por alcantarillado y depuración,2008,362.795
09,Cataluña,Importe facturado por alcantarillado y depuración,2007,423.628
09,Cataluña,Importe facturado por alcantarillado y depuración,2006,142.007
09,Cataluña,Importe facturado por alcantarillado y depuración,2005,112.150
09,Cataluña,Importe facturado por alcantarillado y depuración,2004,84.293
09,Cataluña,Importe facturado por alcantarillado y depuración,2003,134.134
09,Cataluña,Importe facturado por alcantarillado y depuración,2002,117.210
09,Cataluña,Importe facturado por alcantarillado y depuración,2001,97.457
09,Cataluña,Importe facturado por alcantarillado y depuración,2000,106.571
09,Cataluña,Longitud de la red de alcantarillado (km),2022,44.613
09,Cataluña,Longitud de la red de alcantarillado (km),2020,14.560
09,Cataluña,Longitud de la red de alcantarillado (km),2018,14.430
09,Cataluña,Longitud de la red de alcantarillado (km),2016,14.197
09,Cataluña,Longitud de la red de alcantarillado (km),2014,14.372
09,Cataluña,Longitud de la red de alcantarillado (km),2013,14.022
09,Cataluña,Longitud de la red de alcantarillado (km),2012,..
09,Cataluña,Longitud de la red de alcantarillado (km),2011,..
09,Cataluña,Longitud de la red de alcantarillado (km),2010,..
09,Cataluña,Longitud de la red de alcantarillado (km),2009,..
09,Cataluña,Longitud de la red de alcantarillado (km),2008,..
09,Cataluña,Longitud de la red de alcantarillado (km),2007,..
09,Cataluña,Longitud de la red de alcantarillado (km),2006,..
09,Cataluña,Longitud de la red de alcantarillado (km),2005,..
09,Cataluña,Longitud de la red de alcantarillado (km),2004,..
09,Cataluña,Longitud de la red de alcantarillado (km),2003,..
09,Cataluña,Longitud de la red de alcantarillado (km),2002,..
09,Cataluña,Longitud de la red de alcantarillado (km),2001,..
09,Cataluña,Longitud de la red de alcantarillado (km),2000,..
09,Cataluña,Volumen de lodos generados en el tratamiento de aguas residuales (toneladas de materia seca/año),2022,209.187
09,Cataluña,Volumen de lodos generados en el tratamiento de aguas residuales (toneladas de materia seca/año),2020,252.523
09,Cataluña,Volumen de lodos generados en el tratamiento de aguas residuales (toneladas de materia seca/año),2018,216.266
09,Cataluña,Volumen de lodos generados en el tratamiento de aguas residuales (toneladas de materia seca/año),2016,214.369
09,Cataluña,Volumen de lodos generados en el tratamiento de aguas residuales (toneladas de materia seca/año),2014,209.593
09,Cataluña,Volumen de lodos generados en el tratamiento de aguas residuales (toneladas de materia seca/año),2013,205.345
09,Cataluña,Volumen de lodos generados en el tratamiento de aguas residuales (toneladas de materia seca/año),2012,159.497
09,Cataluña,Volumen de lodos generados en el tratamiento de aguas residuales (toneladas de materia seca/año),2011,170.341
09,Cataluña,Volumen de lodos generados en el tratamiento de aguas residuales (toneladas de materia seca/año),2010,..
09,Cataluña,Volumen de lodos generados en el tratamiento de aguas residuales (toneladas de materia seca/año),2009,..
09,Cataluña,Volumen de lodos generados en el tratamiento de aguas residuales (toneladas de materia seca/año),2008,..
09,Cataluña,Volumen de lodos generados en el tratamiento de aguas residuales (toneladas de materia seca/año),2007,..
09,Cataluña,Volumen de lodos generados en el tratamiento de aguas residuales (toneladas de materia seca/año),2006,..
09,Cataluña,Volumen de lodos generados en el tratamiento de aguas residuales (toneladas de materia seca/año),2005,..
09,Cataluña,Volumen de lodos generados en el tratamiento de aguas residuales (toneladas de materia seca/año),2004,..
09,Cataluña,Volumen de lodos generados en el tratamiento de aguas residuales (toneladas de materia seca/año),2003,..
09,Cataluña,Volumen de lodos generados en el tratamiento de aguas residuales (toneladas de materia seca/año),2002,..
09,Cataluña,Volumen de lodos generados en el tratamiento de aguas residuales (toneladas de materia seca/año),2001,..
09,Cataluña,Volumen de lodos generados en el tratamiento de aguas residuales (toneladas de materia seca/año),2000,..
10,Comunitat Valenciana,Volumen de aguas residuales tratadas,2022,745.523
10,Comunitat Valenciana,Volumen de aguas residuales tratadas,2020,1.282.866
10,Comunitat Valenciana,Volumen de aguas residuales tratadas,2018,1.317.728
10,Comunitat Valenciana,Volumen de aguas residuales tratadas,2016,1.153.786
10,Comunitat Valenciana,Volumen de aguas residuales tratadas,2014,1.150.165
10,Comunitat Valenciana,Volumen de aguas residuales tratadas,2013,1.210.832
10,Comunitat Valenciana,Volumen de aguas residuales tratadas,2012,1.233.312
10,Comunitat Valenciana,Volumen de aguas residuales tratadas,2011,1.298.793
10,Comunitat Valenciana,Volumen de aguas residuales tratadas,2010,1.375.663
10,Comunitat Valenciana,Volumen de aguas residuales tratadas,2009,1.377.454
10,Comunitat Valenciana,Volumen de aguas residuales tratadas,2008,1.402.775
10,Comunitat Valenciana,Volumen de aguas residuales tratadas,2007,1.372.100
10,Comunitat Valenciana,Volumen de aguas residuales tratadas,2006,1.334.458
10,Comunitat Valenciana,Volumen de aguas residuales tratadas,2005,1.385.387
10,Comunitat Valenciana,Volumen de aguas residuales tratadas,2004,1.376.471
10,Comunitat Valenciana,Volumen de aguas residuales tratadas,2003,724.831
10,Comunitat Valenciana,Volumen de aguas residuales tratadas,2002,625.980
10,Comunitat Valenciana,Volumen de aguas residuales tratadas,2001,551.977
10,Comunitat Valenciana,Volumen de aguas residuales tratadas,2000,637.732
10,Comunitat Valenciana,Volumen total de agua reutilizada,2022,260.380
10,Comunitat Valenciana,Volumen total de agua reutilizada,2020,545.832
10,Comunitat Valenciana,Volumen total de agua reutilizada,2018,562.786
10,Comunitat Valenciana,Volumen total de agua reutilizada,2016,548.751
10,Comunitat Valenciana,Volumen total de agua reutilizada,2014,682.044
10,Comunitat Valenciana,Volumen total de agua reutilizada,2013,663.165
10,Comunitat Valenciana,Volumen total de agua reutilizada,2012,739.726
10,Comunitat Valenciana,Volumen total de agua reutilizada,2011,836.164
10,Comunitat Valenciana,Volumen total de agua reutilizada,2010,427.975
10,Comunitat Valenciana,Volumen total de agua reutilizada,2009,476.029
10,Comunitat Valenciana,Volumen total de agua reutilizada,2008,502.987
10,Comunitat Valenciana,Volumen total de agua reutilizada,2007,426.033
10,Comunitat Valenciana,Volumen total de agua reutilizada,2006,634.499
10,Comunitat Valenciana,Volumen total de agua reutilizada,2005,434.495
10,Comunitat Valenciana,Volumen total de agua reutilizada,2004,502.809
10,Comunitat Valenciana,Volumen total de agua reutilizada,2003,135.196
10,Comunitat Valenciana,Volumen total de agua reutilizada,2002,66.078
10,Comunitat Valenciana,Volumen total de agua reutilizada,2001,98.934
10,Comunitat Valenciana,Volumen total de agua reutilizada,2000,161.472
10,Comunitat Valenciana,Importe facturado por alcantarillado y depuración,2022,232.971
10,Comunitat Valenciana,Importe facturado por alcantarillado y depuración,2020,331.974
10,Comunitat Valenciana,Importe facturado por alcantarillado y depuración,2018,344.083
10,Comunitat Valenciana,Importe facturado por alcantarillado y depuración,2016,338.584
10,Comunitat Valenciana,Importe facturado por alcantarillado y depuración,2014,328.752
10,Comunitat Valenciana,Importe facturado por alcantarillado y depuración,2013,291.896
10,Comunitat Valenciana,Importe facturado por alcantarillado y depuración,2012,282.548
10,Comunitat Valenciana,Importe facturado por alcantarillado y depuración,2011,240.186
10,Comunitat Valenciana,Importe facturado por alcantarillado y depuración,2010,240.154
10,Comunitat Valenciana,Importe facturado por alcantarillado y depuración,2009,232.875
10,Comunitat Valenciana,Importe facturado por alcantarillado y depuración,2008,240.585
10,Comunitat Valenciana,Importe facturado por alcantarillado y depuración,2007,229.849
10,Comunitat Valenciana,Importe facturado por alcantarillado y depuración,2006,195.797
10,Comunitat Valenciana,Importe facturado por alcantarillado y depuración,2005,170.394
10,Comunitat Valenciana,Importe facturado por alcantarillado y depuración,2004,157.394
10,Comunitat Valenciana,Importe facturado por alcantarillado y depuración,2003,74.866
10,Comunitat Valenciana,Importe facturado por alcantarillado y depuración,2002,67.265
10,Comunitat Valenciana,Importe facturado por alcantarillado y depuración,2001,60.010
10,Comunitat Valenciana,Importe facturado por alcantarillado y depuración,2000,39.727
10,Comunitat Valenciana,Longitud de la red de alcantarillado (km),2022,11.042
10,Comunitat Valenciana,Longitud de la red de alcantarillado (km),2020,15.356
10,Comunitat Valenciana,Longitud de la red de alcantarillado (km),2018,15.205
10,Comunitat Valenciana,Longitud de la red de alcantarillado (km),2016,15.540
10,Comunitat Valenciana,Longitud de la red de alcantarillado (km),2014,14.412
10,Comunitat Valenciana,Longitud de la red de alcantarillado (km),2013,15.965
10,Comunitat Valenciana,Longitud de la red de alcantarillado (km),2012,..
10,Comunitat Valenciana,Longitud de la red de alcantarillado (km),2011,..
10,Comunitat Valenciana,Longitud de la red de alcantarillado (km),2010,..
10,Comunitat Valenciana,Longitud de la red de alcantarillado (km),2009,..
10,Comunitat Valenciana,Longitud de la red de alcantarillado (km),2008,..
10,Comunitat Valenciana,Longitud de la red de alcantarillado (km),2007,..
10,Comunitat Valenciana,Longitud de la red de alcantarillado (km),2006,..
10,Comunitat Valenciana,Longitud de la red de alcantarillado (km),2005,..
10,Comunitat Valenciana,Longitud de la red de alcantarillado (km),2004,..
10,Comunitat Valenciana,Longitud de la red de alcantarillado (km),2003,..
10,Comunitat Valenciana,Longitud de la red de alcantarillado (km),2002,..
10,Comunitat Valenciana,Longitud de la red de alcantarillado (km),2001,..
10,Comunitat Valenciana,Longitud de la red de alcantarillado (km),2000,..
10,Comunitat Valenciana,Volumen de lodos generados en el tratamiento de aguas residuales (toneladas de materia seca/año),2022,67.384
10,Comunitat Valenciana,Volumen de lodos generados en el tratamiento de aguas residuales (toneladas de materia seca/año),2020,114.510
10,Comunitat Valenciana,Volumen de lodos generados en el tratamiento de aguas residuales (toneladas de materia seca/año),2018,119.221
10,Comunitat Valenciana,Volumen de lodos generados en el tratamiento de aguas residuales (toneladas de materia seca/año),2016,136.295
10,Comunitat Valenciana,Volumen de lodos generados en el tratamiento de aguas residuales (toneladas de materia seca/año),2014,127.572
10,Comunitat Valenciana,Volumen de lodos generados en el tratamiento de aguas residuales (toneladas de materia seca/año),2013,130.447
10,Comunitat Valenciana,Volumen de lodos generados en el tratamiento de aguas residuales (toneladas de materia seca/año),2012,130.853
10,Comunitat Valenciana,Volumen de lodos generados en el tratamiento de aguas residuales (toneladas de materia seca/año),2011,141.570
10,Comunitat Valenciana,Volumen de lodos generados en el tratamiento de aguas residuales (toneladas de materia seca/año),2010,..
10,Comunitat Valenciana,Volumen de lodos generados en el tratamiento de aguas residuales (toneladas de materia seca/año),2009,..
10,Comunitat Valenciana,Volumen de lodos generados en el tratamiento de aguas residuales (toneladas de materia seca/año),2008,..
10,Comunitat Valenciana,Volumen de lodos generados en el tratamiento de aguas residuales (toneladas de materia seca/año),2007,..
10,Comunitat Valenciana,Volumen de lodos generados en el tratamiento de aguas residuales (toneladas de materia seca/año),2006,..
10,Comunitat Valenciana,Volumen de lodos generados en el tratamiento de aguas residuales (toneladas de materia seca/año),2005,..
10,Comunitat Valenciana,Volumen de lodos generados en el tratamiento de aguas residuales (toneladas de materia seca/año),2004,..
10,Comunitat Valenciana,Volumen de lodos generados en el tratamiento de aguas residuales (toneladas de materia seca/año),2003,..
10,Comunitat Valenciana,Volumen de lodos generados en el tratamiento de aguas residuales (toneladas de materia seca/año),2002,..
10,Comunitat Valenciana,Volumen de lodos generados en el tratamiento de aguas residuales (toneladas de materia seca/año),2001,..
10,Comunitat Valenciana,Volumen de lodos generados en el tratamiento de aguas residuales (toneladas de materia seca/año),2000,..
11,Extremadura,Volumen de aguas residuales tratadas,2022,225.209
11,Extremadura,Volumen de aguas residuales tratadas,2020,354.386
11,Extremadura,Volumen de aguas residuales tratadas,2018,415.490
11,Extremadura,Volumen de aguas residuales tratadas,2016,404.633
11,Extremadura,Volumen de aguas residuales tratadas,2014,444.289
11,Extremadura,Volumen de aguas residuales tratadas,2013,413.603
11,Extremadura,Volumen de aguas residuales tratadas,2012,449.889
11,Extremadura,Volumen de aguas residuales tratadas,2011,514.727
11,Extremadura,Volumen de aguas residuales tratadas,2010,409.066
11,Extremadura,Volumen de aguas residuales tratadas,2009,347.812
11,Extremadura,Volumen de aguas residuales tratadas,2008,385.720
11,Extremadura,Volumen de aguas residuales tratadas,2007,403.993
11,Extremadura,Volumen de aguas residuales tratadas,2006,282.573
11,Extremadura,Volumen de aguas residuales tratadas,2005,356.163
11,Extremadura,Volumen de aguas residuales tratadas,2004,126.298
11,Extremadura,Volumen de aguas residuales tratadas,2003,266.420
11,Extremadura,Volumen de aguas residuales tratadas,2002,244.332
11,Extremadura,Volumen de aguas residuales tratadas,2001,175.387
11,Extremadura,Volumen de aguas residuales tratadas,2000,150.022
11,Extremadura,Volumen total de agua reutilizada,2022,0
11,Extremadura,Volumen total de agua reutilizada,2020,0
11,Extremadura,Volumen total de agua reutilizada,2018,0
11,Extremadura,Volumen total de agua reutilizada,2016,0
11,Extremadura,Volumen total de agua reutilizada,2014,151
11,Extremadura,Volumen total de agua reutilizada,2013,0
11,Extremadura,Volumen total de agua reutilizada,2012,0
11,Extremadura,Volumen total de agua reutilizada,2011,2.381
11,Extremadura,Volumen total de agua reutilizada,2010,0
11,Extremadura,Volumen total de agua reutilizada,2009,0
11,Extremadura,Volumen total de agua reutilizada,2008,0
11,Extremadura,Volumen total de agua reutilizada,2007,0
11,Extremadura,Volumen total de agua reutilizada,2006,3.253
11,Extremadura,Volumen total de agua reutilizada,2005,6.351
11,Extremadura,Volumen total de agua reutilizada,2004,2.103
11,Extremadura,Volumen total de agua reutilizada,2003,1.293
11,Extremadura,Volumen total de agua reutilizada,2002,17.082
11,Extremadura,Volumen total de agua reutilizada,2001,16.227
11,Extremadura,Volumen total de agua reutilizada,2000,0
11,Extremadura,Importe facturado por alcantarillado y depuración,2022,25.417
11,Extremadura,Importe facturado por alcantarillado y depuración,2020,32.712
11,Extremadura,Importe facturado por alcantarillado y depuración,2018,31.663
11,Extremadura,Importe facturado por alcantarillado y depuración,2016,31.443
11,Extremadura,Importe facturado por alcantarillado y depuración,2014,35.030
11,Extremadura,Importe facturado por alcantarillado y depuración,2013,31.564
11,Extremadura,Importe facturado por alcantarillado y depuración,2012,36.006
11,Extremadura,Importe facturado por alcantarillado y depuración,2011,31.216
11,Extremadura,Importe facturado por alcantarillado y depuración,2010,33.022
11,Extremadura,Importe facturado por alcantarillado y depuración,2009,34.550
11,Extremadura,Importe facturado por alcantarillado y depuración,2008,40.789
11,Extremadura,Importe facturado por alcantarillado y depuración,2007,40.494
11,Extremadura,Importe facturado por alcantarillado y depuración,2006,27.920
11,Extremadura,Importe facturado por alcantarillado y depuración,2005,26.257
11,Extremadura,Importe facturado por alcantarillado y depuración,2004,18.445
11,Extremadura,Importe facturado por alcantarillado y depuración,2003,21.681
11,Extremadura,Importe facturado por alcantarillado y depuración,2002,19.447
11,Extremadura,Importe facturado por alcantarillado y depuración,2001,19.410
11,Extremadura,Importe facturado por alcantarillado y depuración,2000,13.288
11,Extremadura,Longitud de la red de alcantarillado (km),2022,3.944
11,Extremadura,Longitud de la red de alcantarillado (km),2020,3.820
11,Extremadura,Longitud de la red de alcantarillado (km),2018,3.874
11,Extremadura,Longitud de la red de alcantarillado (km),2016,3.198
11,Extremadura,Longitud de la red de alcantarillado (km),2014,3.279
11,Extremadura,Longitud de la red de alcantarillado (km),2013,3.547
11,Extremadura,Longitud de la red de alcantarillado (km),2012,..
11,Extremadura,Longitud de la red de alcantarillado (km),2011,..
11,Extremadura,Longitud de la red de alcantarillado (km),2010,..
11,Extremadura,Longitud de la red de alcantarillado (km),2009,..
11,Extremadura,Longitud de la red de alcantarillado (km),2008,..
11,Extremadura,Longitud de la red de alcantarillado (km),2007,..
11,Extremadura,Longitud de la red de alcantarillado (km),2006,..
11,Extremadura,Longitud de la red de alcantarillado (km),2005,..
11,Extremadura,Longitud de la red de alcantarillado (km),2004,..
11,Extremadura,Longitud de la red de alcantarillado (km),2003,..
11,Extremadura,Longitud de la red de alcantarillado (km),2002,..
11,Extremadura,Longitud de la red de alcantarillado (km),2001,..
11,Extremadura,Longitud de la red de alcantarillado (km),2000,..
11,Extremadura,Volumen de lodos generados en el tratamiento de aguas residuales (toneladas de materia seca/año),2022,13.905
11,Extremadura,Volumen de lodos generados en el tratamiento de aguas residuales (toneladas de materia seca/año),2020,32.821
11,Extremadura,Volumen de lodos generados en el tratamiento de aguas residuales (toneladas de materia seca/año),2018,20.515
11,Extremadura,Volumen de lodos generados en el tratamiento de aguas residuales (toneladas de materia seca/año),2016,28.854
11,Extremadura,Volumen de lodos generados en el tratamiento de aguas residuales (toneladas de materia seca/año),2014,23.811
11,Extremadura,Volumen de lodos generados en el tratamiento de aguas residuales (toneladas de materia seca/año),2013,29.541
11,Extremadura,Volumen de lodos generados en el tratamiento de aguas residuales (toneladas de materia seca/año),2012,36.211
11,Extremadura,Volumen de lodos generados en el tratamiento de aguas residuales (toneladas de materia seca/año),2011,121.065
11,Extremadura,Volumen de lodos generados en el tratamiento de aguas residuales (toneladas de materia seca/año),2010,..
11,Extremadura,Volumen de lodos generados en el tratamiento de aguas residuales (toneladas de materia seca/año),2009,..
11,Extremadura,Volumen de lodos generados en el tratamiento de aguas residuales (toneladas de materia seca/año),2008,..
11,Extremadura,Volumen de lodos generados en el tratamiento de aguas residuales (toneladas de materia seca/año),2007,..
11,Extremadura,Volumen de lodos generados en el tratamiento de aguas residuales (toneladas de materia seca/año),2006,..
11,Extremadura,Volumen de lodos generados en el tratamiento de aguas residuales (toneladas de materia seca/año),2005,..
11,Extremadura,Volumen de lodos generados en el tratamiento de aguas residuales (toneladas de materia seca/año),2004,..
11,Extremadura,Volumen de lodos generados en el tratamiento de aguas residuales (toneladas de materia seca/año),2003,..
11,Extremadura,Volumen de lodos generados en el tratamiento de aguas residuales (toneladas de materia seca/año),2002,..
11,Extremadura,Volumen de lodos generados en el tratamiento de aguas residuales (toneladas de materia seca/año),2001,..
11,Extremadura,Volumen de lodos generados en el tratamiento de aguas residuales (toneladas de materia seca/año),2000,..
12,Galicia,Volumen de aguas residuales tratadas,2022,1.498.152
12,Galicia,Volumen de aguas residuales tratadas,2020,1.047.977
12,Galicia,Volumen de aguas residuales tratadas,2018,1.039.852
12,Galicia,Volumen de aguas residuales tratadas,2016,891.827
12,Galicia,Volumen de aguas residuales tratadas,2014,904.492
12,Galicia,Volumen de aguas residuales tratadas,2013,978.384
12,Galicia,Volumen de aguas residuales tratadas,2012,955.690
12,Galicia,Volumen de aguas residuales tratadas,2011,827.195
12,Galicia,Volumen de aguas residuales tratadas,2010,834.061
12,Galicia,Volumen de aguas residuales tratadas,2009,896.645
12,Galicia,Volumen de aguas residuales tratadas,2008,737.520
12,Galicia,Volumen de aguas residuales tratadas,2007,751.661
12,Galicia,Volumen de aguas residuales tratadas,2006,679.221
12,Galicia,Volumen de aguas residuales tratadas,2005,743.950
12,Galicia,Volumen de aguas residuales tratadas,2004,1.140.686
12,Galicia,Volumen de aguas residuales tratadas,2003,497.878
12,Galicia,Volumen de aguas residuales tratadas,2002,523.872
12,Galicia,Volumen de aguas residuales tratadas,2001,447.168
12,Galicia,Volumen de aguas residuales tratadas,2000,373.745
12,Galicia,Volumen total de agua reutilizada,2022,923
12,Galicia,Volumen total de agua reutilizada,2020,89.700
12,Galicia,Volumen total de agua reutilizada,2018,189.218
12,Galicia,Volumen total de agua reutilizada,2016,78.630
12,Galicia,Volumen total de agua reutilizada,2014,1.254
12,Galicia,Volumen total de agua reutilizada,2013,0
12,Galicia,Volumen total de agua reutilizada,2012,2.580
12,Galicia,Volumen total de agua reutilizada,2011,1.466
12,Galicia,Volumen total de agua reutilizada,2010,1.444
12,Galicia,Volumen total de agua reutilizada,2009,1.671
12,Galicia,Volumen total de agua reutilizada,2008,1.658
12,Galicia,Volumen total de agua reutilizada,2007,1.394
12,Galicia,Volumen total de agua reutilizada,2006,1.642
12,Galicia,Volumen total de agua reutilizada,2005,2.559
12,Galicia,Volumen total de agua reutilizada,2004,4.107
12,Galicia,Volumen total de agua reutilizada,2003,1.561
12,Galicia,Volumen total de agua reutilizada,2002,574
12,Galicia,Volumen total de agua reutilizada,2001,162
12,Galicia,Volumen total de agua reutilizada,2000,0
12,Galicia,Importe facturado por alcantarillado y depuración,2022,157.305
12,Galicia,Importe facturado por alcantarillado y depuración,2020,97.583
12,Galicia,Importe facturado por alcantarillado y depuración,2018,104.719
12,Galicia,Importe facturado por alcantarillado y depuración,2016,90.172
12,Galicia,Importe facturado por alcantarillado y depuración,2014,81.438
12,Galicia,Importe facturado por alcantarillado y depuración,2013,78.133
12,Galicia,Importe facturado por alcantarillado y depuración,2012,73.275
12,Galicia,Importe facturado por alcantarillado y depuración,2011,78.129
12,Galicia,Importe facturado por alcantarillado y depuración,2010,75.332
12,Galicia,Importe facturado por alcantarillado y depuración,2009,67.028
12,Galicia,Importe facturado por alcantarillado y depuración,2008,58.898
12,Galicia,Importe facturado por alcantarillado y depuración,2007,63.784
12,Galicia,Importe facturado por alcantarillado y depuración,2006,48.848
12,Galicia,Importe facturado por alcantarillado y depuración,2005,65.217
12,Galicia,Importe facturado por alcantarillado y depuración,2004,63.441
12,Galicia,Importe facturado por alcantarillado y depuración,2003,29.509
12,Galicia,Importe facturado por alcantarillado y depuración,2002,27.007
12,Galicia,Importe facturado por alcantarillado y depuración,2001,29.122
12,Galicia,Importe facturado por alcantarillado y depuración,2000,22.814
12,Galicia,Longitud de la red de alcantarillado (km),2022,19.184
12,Galicia,Longitud de la red de alcantarillado (km),2020,12.210
12,Galicia,Longitud de la red de alcantarillado (km),2018,12.077
12,Galicia,Longitud de la red de alcantarillado (km),2016,12.898
12,Galicia,Longitud de la red de alcantarillado (km),2014,13.502
12,Galicia,Longitud de la red de alcantarillado (km),2013,13.809
12,Galicia,Longitud de la red de alcantarillado (km),2012,..
12,Galicia,Longitud de la red de alcantarillado (km),2011,..
12,Galicia,Longitud de la red de alcantarillado (km),2010,..
12,Galicia,Longitud de la red de alcantarillado (km),2009,..
12,Galicia,Longitud de la red de alcantarillado (km),2008,..
12,Galicia,Longitud de la red de alcantarillado (km),2007,..
12,Galicia,Longitud de la red de alcantarillado (km),2006,..
12,Galicia,Longitud de la red de alcantarillado (km),2005,..
12,Galicia,Longitud de la red de alcantarillado (km),2004,..
12,Galicia,Longitud de la red de alcantarillado (km),2003,..
12,Galicia,Longitud de la red de alcantarillado (km),2002,..
12,Galicia,Longitud de la red de alcantarillado (km),2001,..
12,Galicia,Longitud de la red de alcantarillado (km),2000,..
12,Galicia,Volumen de lodos generados en el tratamiento de aguas residuales (toneladas de materia seca/año),2022,68.136
12,Galicia,Volumen de lodos generados en el tratamiento de aguas residuales (toneladas de materia seca/año),2020,38.988
12,Galicia,Volumen de lodos generados en el tratamiento de aguas residuales (toneladas de materia seca/año),2018,46.358
12,Galicia,Volumen de lodos generados en el tratamiento de aguas residuales (toneladas de materia seca/año),2016,45.462
12,Galicia,Volumen de lodos generados en el tratamiento de aguas residuales (toneladas de materia seca/año),2014,25.146
12,Galicia,Volumen de lodos generados en el tratamiento de aguas residuales (toneladas de materia seca/año),2013,23.695
12,Galicia,Volumen de lodos generados en el tratamiento de aguas residuales (toneladas de materia seca/año),2012,67.245
12,Galicia,Volumen de lodos generados en el tratamiento de aguas residuales (toneladas de materia seca/año),2011,48.954
12,Galicia,Volumen de lodos generados en el tratamiento de aguas residuales (toneladas de materia seca/año),2010,..
12,Galicia,Volumen de lodos generados en el tratamiento de aguas residuales (toneladas de materia seca/año),2009,..
12,Galicia,Volumen de lodos generados en el tratamiento de aguas residuales (toneladas de materia seca/año),2008,..
12,Galicia,Volumen de lodos generados en el tratamiento de aguas residuales (toneladas de materia seca/año),2007,..
12,Galicia,Volumen de lodos generados en el tratamiento de aguas residuales (toneladas de materia seca/año),2006,..
12,Galicia,Volumen de lodos generados en el tratamiento de aguas residuales (toneladas de materia seca/año),2005,..
12,Galicia,Volumen de lodos generados en el tratamiento de aguas residuales (toneladas de materia seca/año),2004,..
12,Galicia,Volumen de lodos generados en el tratamiento de aguas residuales (toneladas de materia seca/año),2003,..
12,Galicia,Volumen de lodos generados en el tratamiento de aguas residuales (toneladas de materia seca/año),2002,..
12,Galicia,Volumen de lodos generados en el tratamiento de aguas residuales (toneladas de materia seca/año),2001,..
12,Galicia,Volumen de lodos generados en el tratamiento de aguas residuales (toneladas de materia seca/año),2000,..
13,"Madrid, Comunidad de",Volumen de aguas residuales tratadas,2022,1.634.765
13,"Madrid, Comunidad de",Volumen de aguas residuales tratadas,2020,1.401.292
13,"Madrid, Comunidad de",Volumen de aguas residuales tratadas,2018,1.487.112
13,"Madrid, Comunidad de",Volumen de aguas residuales tratadas,2016,1.500.326
13,"Madrid, Comunidad de",Volumen de aguas residuales tratadas,2014,1.681.915
13,"Madrid, Comunidad de",Volumen de aguas residuales tratadas,2013,1.687.026
13,"Madrid, Comunidad de",Volumen de aguas residuales tratadas,2012,1.570.983
13,"Madrid, Comunidad de",Volumen de aguas residuales tratadas,2011,1.656.841
13,"Madrid, Comunidad de",Volumen de aguas residuales tratadas,2010,1.549.957
13,"Madrid, Comunidad de",Volumen de aguas residuales tratadas,2009,1.428.676
13,"Madrid, Comunidad de",Volumen de aguas residuales tratadas,2008,1.515.336
13,"Madrid, Comunidad de",Volumen de aguas residuales tratadas,2007,1.432.331
13,"Madrid, Comunidad de",Volumen de aguas residuales tratadas,2006,1.843.835
13,"Madrid, Comunidad de",Volumen de aguas residuales tratadas,2005,2.043.836
13,"Madrid, Comunidad de",Volumen de aguas residuales tratadas,2004,2.102.584
13,"Madrid, Comunidad de",Volumen de aguas residuales tratadas,2003,1.133.616
13,"Madrid, Comunidad de",Volumen de aguas residuales tratadas,2002,1.107.471
13,"Madrid, Comunidad de",Volumen de aguas residuales tratadas,2001,1.145.424
13,"Madrid, Comunidad de",Volumen de aguas residuales tratadas,2000,1.129.075
13,"Madrid, Comunidad de",Volumen total de agua reutilizada,2022,61.713
13,"Madrid, Comunidad de",Volumen total de agua reutilizada,2020,36.320
13,"Madrid, Comunidad de",Volumen total de agua reutilizada,2018,34.832
13,"Madrid, Comunidad de",Volumen total de agua reutilizada,2016,34.178
13,"Madrid, Comunidad de",Volumen total de agua reutilizada,2014,39.865
13,"Madrid, Comunidad de",Volumen total de agua reutilizada,2013,29.175
13,"Madrid, Comunidad de",Volumen total de agua reutilizada,2012,31.160
13,"Madrid, Comunidad de",Volumen total de agua reutilizada,2011,24.874
13,"Madrid, Comunidad de",Volumen total de agua reutilizada,2010,18.677
13,"Madrid, Comunidad de",Volumen total de agua reutilizada,2009,17.051
13,"Madrid, Comunidad de",Volumen total de agua reutilizada,2008,16.945
13,"Madrid, Comunidad de",Volumen total de agua reutilizada,2007,17.352
13,"Madrid, Comunidad de",Volumen total de agua reutilizada,2006,15.392
13,"Madrid, Comunidad de",Volumen total de agua reutilizada,2005,13.526
13,"Madrid, Comunidad de",Volumen total de agua reutilizada,2004,12.980
13,"Madrid, Comunidad de",Volumen total de agua reutilizada,2003,4.139
13,"Madrid, Comunidad de",Volumen total de agua reutilizada,2002,7.204
13,"Madrid, Comunidad de",Volumen total de agua reutilizada,2001,4.486
13,"Madrid, Comunidad de",Volumen total de agua reutilizada,2000,7.887
13,"Madrid, Comunidad de",Importe facturado por alcantarillado y depuración,2022,356.955
13,"Madrid, Comunidad de",Importe facturado por alcantarillado y depuración,2020,294.720
13,"Madrid, Comunidad de",Importe facturado por alcantarillado y depuración,2018,291.575
13,"Madrid, Comunidad de",Importe facturado por alcantarillado y depuración,2016,312.980
13,"Madrid, Comunidad de",Importe facturado por alcantarillado y depuración,2014,311.654
13,"Madrid, Comunidad de",Importe facturado por alcantarillado y depuración,2013,306.426
13,"Madrid, Comunidad de",Importe facturado por alcantarillado y depuración,2012,293.606
13,"Madrid, Comunidad de",Importe facturado por alcantarillado y depuración,2011,283.401
13,"Madrid, Comunidad de",Importe facturado por alcantarillado y depuración,2010,266.204
13,"Madrid, Comunidad de",Importe facturado por alcantarillado y depuración,2009,270.007
13,"Madrid, Comunidad de",Importe facturado por alcantarillado y depuración,2008,257.560
13,"Madrid, Comunidad de",Importe facturado por alcantarillado y depuración,2007,215.085
13,"Madrid, Comunidad de",Importe facturado por alcantarillado y depuración,2006,192.405
13,"Madrid, Comunidad de",Importe facturado por alcantarillado y depuración,2005,165.388
13,"Madrid, Comunidad de",Importe facturado por alcantarillado y depuración,2004,158.221
13,"Madrid, Comunidad de",Importe facturado por alcantarillado y depuración,2003,109.766
13,"Madrid, Comunidad de",Importe facturado por alcantarillado y depuración,2002,95.874
13,"Madrid, Comunidad de",Importe facturado por alcantarillado y depuración,2001,94.435
13,"Madrid, Comunidad de",Importe facturado por alcantarillado y depuración,2000,54.241
13,"Madrid, Comunidad de",Longitud de la red de alcantarillado (km),2022,22.048
13,"Madrid, Comunidad de",Longitud de la red de alcantarillado (km),2020,15.183
13,"Madrid, Comunidad de",Longitud de la red de alcantarillado (km),2018,15.083
13,"Madrid, Comunidad de",Longitud de la red de alcantarillado (km),2016,14.841
13,"Madrid, Comunidad de",Longitud de la red de alcantarillado (km),2014,14.188
13,"Madrid, Comunidad de",Longitud de la red de alcantarillado (km),2013,12.233
13,"Madrid, Comunidad de",Longitud de la red de alcantarillado (km),2012,..
13,"Madrid, Comunidad de",Longitud de la red de alcantarillado (km),2011,..
13,"Madrid, Comunidad de",Longitud de la red de alcantarillado (km),2010,..
13,"Madrid, Comunidad de",Longitud de la red de alcantarillado (km),2009,..
13,"Madrid, Comunidad de",Longitud de la red de alcantarillado (km),2008,..
13,"Madrid, Comunidad de",Longitud de la red de alcantarillado (km),2007,..
13,"Madrid, Comunidad de",Longitud de la red de alcantarillado (km),2006,..
13,"Madrid, Comunidad de",Longitud de la red de alcantarillado (km),2005,..
13,"Madrid, Comunidad de",Longitud de la red de alcantarillado (km),2004,..
13,"Madrid, Comunidad de",Longitud de la red de alcantarillado (km),2003,..
13,"Madrid, Comunidad de",Longitud de la red de alcantarillado (km),2002,..
13,"Madrid, Comunidad de",Longitud de la red de alcantarillado (km),2001,..
13,"Madrid, Comunidad de",Longitud de la red de alcantarillado (km),2000,..
13,"Madrid, Comunidad de",Volumen de lodos generados en el tratamiento de aguas residuales (toneladas de materia seca/año),2022,109.560
13,"Madrid, Comunidad de",Volumen de lodos generados en el tratamiento de aguas residuales (toneladas de materia seca/año),2020,100.111
13,"Madrid, Comunidad de",Volumen de lodos generados en el tratamiento de aguas residuales (toneladas de materia seca/año),2018,109.253
13,"Madrid, Comunidad de",Volumen de lodos generados en el tratamiento de aguas residuales (toneladas de materia seca/año),2016,103.141
13,"Madrid, Comunidad de",Volumen de lodos generados en el tratamiento de aguas residuales (toneladas de materia seca/año),2014,115.375
13,"Madrid, Comunidad de",Volumen de lodos generados en el tratamiento de aguas residuales (toneladas de materia seca/año),2013,116.992
13,"Madrid, Comunidad de",Volumen de lodos generados en el tratamiento de aguas residuales (toneladas de materia seca/año),2012,98.297
13,"Madrid, Comunidad de",Volumen de lodos generados en el tratamiento de aguas residuales (toneladas de materia seca/año),2011,122.881
13,"Madrid, Comunidad de",Volumen de lodos generados en el tratamiento de aguas residuales (toneladas de materia seca/año),2010,..
13,"Madrid, Comunidad de",Volumen de lodos generados en el tratamiento de aguas residuales (toneladas de materia seca/año),2009,..
13,"Madrid, Comunidad de",Volumen de lodos generados en el tratamiento de aguas residuales (toneladas de materia seca/año),2008,..
13,"Madrid, Comunidad de",Volumen de lodos generados en el tratamiento de aguas residuales (toneladas de materia seca/año),2007,..
13,"Madrid, Comunidad de",Volumen de lodos generados en el tratamiento de aguas residuales (toneladas de materia seca/año),2006,..
13,"Madrid, Comunidad de",Volumen de lodos generados en el tratamiento de aguas residuales (toneladas de materia seca/año),2005,..
13,"Madrid, Comunidad de",Volumen de lodos generados en el tratamiento de aguas residuales (toneladas de materia seca/año),2004,..
13,"Madrid, Comunidad de",Volumen de lodos generados en el tratamiento de aguas residuales (toneladas de materia seca/año),2003,..
13,"Madrid, Comunidad de",Volumen de lodos generados en el tratamiento de aguas residuales (toneladas de materia seca/año),2002,..
13,"Madrid, Comunidad de",Volumen de lodos generados en el tratamiento de aguas residuales (toneladas de materia seca/año),2001,..
13,"Madrid, Comunidad de",Volumen de lodos generados en el tratamiento de aguas residuales (toneladas de materia seca/año),2000,..
14,"Murcia, Región de",Volumen de aguas residuales tratadas,2022,669.190
14,"Murcia, Región de",Volumen de aguas residuales tratadas,2020,313.800
14,"Murcia, Región de",Volumen de aguas residuales tratadas,2018,283.869
14,"Murcia, Región de",Volumen de aguas residuales tratadas,2016,356.164
14,"Murcia, Región de",Volumen de aguas residuales tratadas,2014,363.900
14,"Murcia, Región de",Volumen de aguas residuales tratadas,2013,302.171
14,"Murcia, Región de",Volumen de aguas residuales tratadas,2012,298.630
14,"Murcia, Región de",Volumen de aguas residuales tratadas,2011,315.288
14,"Murcia, Región de",Volumen de aguas residuales tratadas,2010,303.283
14,"Murcia, Región de",Volumen de aguas residuales tratadas,2009,303.319
14,"Murcia, Región de",Volumen de aguas residuales tratadas,2008,288.243
14,"Murcia, Región de",Volumen de aguas residuales tratadas,2007,285.956
14,"Murcia, Región de",Volumen de aguas residuales tratadas,2006,293.788
14,"Murcia, Región de",Volumen de aguas residuales tratadas,2005,338.710
14,"Murcia, Región de",Volumen de aguas residuales tratadas,2004,290.694
14,"Murcia, Región de",Volumen de aguas residuales tratadas,2003,241.049
14,"Murcia, Región de",Volumen de aguas residuales tratadas,2002,222.263
14,"Murcia, Región de",Volumen de aguas residuales tratadas,2001,206.781
14,"Murcia, Región de",Volumen de aguas residuales tratadas,2000,84.198
14,"Murcia, Región de",Volumen total de agua reutilizada,2022,415.444
14,"Murcia, Región de",Volumen total de agua reutilizada,2020,286.754
14,"Murcia, Región de",Volumen total de agua reutilizada,2018,271.355
14,"Murcia, Región de",Volumen total de agua reutilizada,2016,255.680
14,"Murcia, Región de",Volumen total de agua reutilizada,2014,183.227
14,"Murcia, Región de",Volumen total de agua reutilizada,2013,186.405
14,"Murcia, Región de",Volumen total de agua reutilizada,2012,171.330
14,"Murcia, Región de",Volumen total de agua reutilizada,2011,181.082
14,"Murcia, Región de",Volumen total de agua reutilizada,2010,235.007
14,"Murcia, Región de",Volumen total de agua reutilizada,2009,257.251
14,"Murcia, Región de",Volumen total de agua reutilizada,2008,272.876
14,"Murcia, Región de",Volumen total de agua reutilizada,2007,256.580
14,"Murcia, Región de",Volumen total de agua reutilizada,2006,108.653
14,"Murcia, Región de",Volumen total de agua reutilizada,2005,100.873
14,"Murcia, Región de",Volumen total de agua reutilizada,2004,78.509
14,"Murcia, Región de",Volumen total de agua reutilizada,2003,2.569
14,"Murcia, Región de",Volumen total de agua reutilizada,2002,34.664
14,"Murcia, Región de",Volumen total de agua reutilizada,2001,53.755
14,"Murcia, Región de",Volumen total de agua reutilizada,2000,7.285
14,"Murcia, Región de",Importe facturado por alcantarillado y depuración,2022,77.375
14,"Murcia, Región de",Importe facturado por alcantarillado y depuración,2020,88.856
14,"Murcia, Región de",Importe facturado por alcantarillado y depuración,2018,87.857
14,"Murcia, Región de",Importe facturado por alcantarillado y depuración,2016,85.453
14,"Murcia, Región de",Importe facturado por alcantarillado y depuración,2014,89.750
14,"Murcia, Región de",Importe facturado por alcantarillado y depuración,2013,86.353
14,"Murcia, Región de",Importe facturado por alcantarillado y depuración,2012,82.181
14,"Murcia, Región de",Importe facturado por alcantarillado y depuración,2011,72.774
14,"Murcia, Región de",Importe facturado por alcantarillado y depuración,2010,68.377
14,"Murcia, Región de",Importe facturado por alcantarillado y depuración,2009,66.677
14,"Murcia, Región de",Importe facturado por alcantarillado y depuración,2008,75.322
14,"Murcia, Región de",Importe facturado por alcantarillado y depuración,2007,83.296
14,"Murcia, Región de",Importe facturado por alcantarillado y depuración,2006,63.953
14,"Murcia, Región de",Importe facturado por alcantarillado y depuración,2005,67.235
14,"Murcia, Región de",Importe facturado por alcantarillado y depuración,2004,60.067
14,"Murcia, Región de",Importe facturado por alcantarillado y depuración,2003,21.556
14,"Murcia, Región de",Importe facturado por alcantarillado y depuración,2002,20.782
14,"Murcia, Región de",Importe facturado por alcantarillado y depuración,2001,18.569
14,"Murcia, Región de",Importe facturado por alcantarillado y depuración,2000,23.974
14,"Murcia, Región de",Longitud de la red de alcantarillado (km),2022,9.003
14,"Murcia, Región de",Longitud de la red de alcantarillado (km),2020,6.408
14,"Murcia, Región de",Longitud de la red de alcantarillado (km),2018,6.274
14,"Murcia, Región de",Longitud de la red de alcantarillado (km),2016,6.280
14,"Murcia, Región de",Longitud de la red de alcantarillado (km),2014,6.005
14,"Murcia, Región de",Longitud de la red de alcantarillado (km),2013,5.833
14,"Murcia, Región de",Longitud de la red de alcantarillado (km),2012,..
14,"Murcia, Región de",Longitud de la red de alcantarillado (km),2011,..
14,"Murcia, Región de",Longitud de la red de alcantarillado (km),2010,..
14,"Murcia, Región de",Longitud de la red de alcantarillado (km),2009,..
14,"Murcia, Región de",Longitud de la red de alcantarillado (km),2008,..
14,"Murcia, Región de",Longitud de la red de alcantarillado (km),2007,..
14,"Murcia, Región de",Longitud de la red de alcantarillado (km),2006,..
14,"Murcia, Región de",Longitud de la red de alcantarillado (km),2005,..
14,"Murcia, Región de",Longitud de la red de alcantarillado (km),2004,..
14,"Murcia, Región de",Longitud de la red de alcantarillado (km),2003,..
14,"Murcia, Región de",Longitud de la red de alcantarillado (km),2002,..
14,"Murcia, Región de",Longitud de la red de alcantarillado (km),2001,..
14,"Murcia, Región de",Longitud de la red de alcantarillado (km),2000,..
14,"Murcia, Región de",Volumen de lodos generados en el tratamiento de aguas residuales (toneladas de materia seca/año),2022,36.352
14,"Murcia, Región de",Volumen de lodos generados en el tratamiento de aguas residuales (toneladas de materia seca/año),2020,33.512
14,"Murcia, Región de",Volumen de lodos generados en el tratamiento de aguas residuales (toneladas de materia seca/año),2018,32.132
14,"Murcia, Región de",Volumen de lodos generados en el tratamiento de aguas residuales (toneladas de materia seca/año),2016,34.607
14,"Murcia, Región de",Volumen de lodos generados en el tratamiento de aguas residuales (toneladas de materia seca/año),2014,30.629
14,"Murcia, Región de",Volumen de lodos generados en el tratamiento de aguas residuales (toneladas de materia seca/año),2013,30.285
14,"Murcia, Región de",Volumen de lodos generados en el tratamiento de aguas residuales (toneladas de materia seca/año),2012,42.908
14,"Murcia, Región de",Volumen de lodos generados en el tratamiento de aguas residuales (toneladas de materia seca/año),2011,30.430
14,"Murcia, Región de",Volumen de lodos generados en el tratamiento de aguas residuales (toneladas de materia seca/año),2010,..
14,"Murcia, Región de",Volumen de lodos generados en el tratamiento de aguas residuales (toneladas de materia seca/año),2009,..
14,"Murcia, Región de",Volumen de lodos generados en el tratamiento de aguas residuales (toneladas de materia seca/año),2008,..
14,"Murcia, Región de",Volumen de lodos generados en el tratamiento de aguas residuales (toneladas de materia seca/año),2007,..
14,"Murcia, Región de",Volumen de lodos generados en el tratamiento de aguas residuales (toneladas de materia seca/año),2006,..
14,"Murcia, Región de",Volumen de lodos generados en el tratamiento de aguas residuales (toneladas de materia seca/año),2005,..
14,"Murcia, Región de",Volumen de lodos generados en el tratamiento de aguas residuales (toneladas de materia seca/año),2004,..
14,"Murcia, Región de",Volumen de lodos generados en el tratamiento de aguas residuales (toneladas de materia seca/año),2003,..
14,"Murcia, Región de",Volumen de lodos generados en el tratamiento de aguas residuales (toneladas de materia seca/año),2002,..
14,"Murcia, Región de",Volumen de lodos generados en el tratamiento de aguas residuales (toneladas de materia seca/año),2001,..
14,"Murcia, Región de",Volumen de lodos generados en el tratamiento de aguas residuales (toneladas de materia seca/año),2000,..
15,"Navarra, Comunidad Foral de",Volumen de aguas residuales tratadas,2022,429.506
15,"Navarra, Comunidad Foral de",Volumen de aguas residuales tratadas,2020,286.610
15,"Navarra, Comunidad Foral de",Volumen de aguas residuales tratadas,2018,295.282
15,"Navarra, Comunidad Foral de",Volumen de aguas residuales tratadas,2016,209.822
15,"Navarra, Comunidad Foral de",Volumen de aguas residuales tratadas,2014,215.947
15,"Navarra, Comunidad Foral de",Volumen de aguas residuales tratadas,2013,226.908
15,"Navarra, Comunidad Foral de",Volumen de aguas residuales tratadas,2012,192.638
15,"Navarra, Comunidad Foral de",Volumen de aguas residuales tratadas,2011,189.806
15,"Navarra, Comunidad Foral de",Volumen de aguas residuales tratadas,2010,207.969
15,"Navarra, Comunidad Foral de",Volumen de aguas residuales tratadas,2009,225.018
15,"Navarra, Comunidad Foral de",Volumen de aguas residuales tratadas,2008,313.229
15,"Navarra, Comunidad Foral de",Volumen de aguas residuales tratadas,2007,366.868
15,"Navarra, Comunidad Foral de",Volumen de aguas residuales tratadas,2006,348.483
15,"Navarra, Comunidad Foral de",Volumen de aguas residuales tratadas,2005,336.520
15,"Navarra, Comunidad Foral de",Volumen de aguas residuales tratadas,2004,329.649
15,"Navarra, Comunidad Foral de",Volumen de aguas residuales tratadas,2003,151.945
15,"Navarra, Comunidad Foral de",Volumen de aguas residuales tratadas,2002,140.459
15,"Navarra, Comunidad Foral de",Volumen de aguas residuales tratadas,2001,121.919
15,"Navarra, Comunidad Foral de",Volumen de aguas residuales tratadas,2000,132.588
15,"Navarra, Comunidad Foral de",Volumen total de agua reutilizada,2022,31.519
15,"Navarra, Comunidad Foral de",Volumen total de agua reutilizada,2020,220
15,"Navarra, Comunidad Foral de",Volumen total de agua reutilizada,2018,0
15,"Navarra, Comunidad Foral de",Volumen total de agua reutilizada,2016,0
15,"Navarra, Comunidad Foral de",Volumen total de agua reutilizada,2014,0
15,"Navarra, Comunidad Foral de",Volumen total de agua reutilizada,2013,0
15,"Navarra, Comunidad Foral de",Volumen total de agua reutilizada,2012,0
15,"Navarra, Comunidad Foral de",Volumen total de agua reutilizada,2011,0
15,"Navarra, Comunidad Foral de",Volumen total de agua reutilizada,2010,0
15,"Navarra, Comunidad Foral de",Volumen total de agua reutilizada,2009,0
15,"Navarra, Comunidad Foral de",Volumen total de agua reutilizada,2008,0
15,"Navarra, Comunidad Foral de",Volumen total de agua reutilizada,2007,0
15,"Navarra, Comunidad Foral de",Volumen total de agua reutilizada,2006,0
15,"Navarra, Comunidad Foral de",Volumen total de agua reutilizada,2005,0
15,"Navarra, Comunidad Foral de",Volumen total de agua reutilizada,2004,0
15,"Navarra, Comunidad Foral de",Volumen total de agua reutilizada,2003,0
15,"Navarra, Comunidad Foral de",Volumen total de agua reutilizada,2002,6.917
15,"Navarra, Comunidad Foral de",Volumen total de agua reutilizada,2001,7.027
15,"Navarra, Comunidad Foral de",Volumen total de agua reutilizada,2000,29
15,"Navarra, Comunidad Foral de",Importe facturado por alcantarillado y depuración,2022,48.236
15,"Navarra, Comunidad Foral de",Importe facturado por alcantarillado y depuración,2020,36.183
15,"Navarra, Comunidad Foral de",Importe facturado por alcantarillado y depuración,2018,33.995
15,"Navarra, Comunidad Foral de",Importe facturado por alcantarillado y depuración,2016,30.211
15,"Navarra, Comunidad Foral de",Importe facturado por alcantarillado y depuración,2014,32.266
15,"Navarra, Comunidad Foral de",Importe facturado por alcantarillado y depuración,2013,35.506
15,"Navarra, Comunidad Foral de",Importe facturado por alcantarillado y depuración,2012,38.146
15,"Navarra, Comunidad Foral de",Importe facturado por alcantarillado y depuración,2011,37.441
15,"Navarra, Comunidad Foral de",Importe facturado por alcantarillado y depuración,2010,37.561
15,"Navarra, Comunidad Foral de",Importe facturado por alcantarillado y depuración,2009,34.653
15,"Navarra, Comunidad Foral de",Importe facturado por alcantarillado y depuración,2008,35.900
15,"Navarra, Comunidad Foral de",Importe facturado por alcantarillado y depuración,2007,41.159
15,"Navarra, Comunidad Foral de",Importe facturado por alcantarillado y depuración,2006,37.331
15,"Navarra, Comunidad Foral de",Importe facturado por alcantarillado y depuración,2005,31.288
15,"Navarra, Comunidad Foral de",Importe facturado por alcantarillado y depuración,2004,30.494
15,"Navarra, Comunidad Foral de",Importe facturado por alcantarillado y depuración,2003,18.502
15,"Navarra, Comunidad Foral de",Importe facturado por alcantarillado y depuración,2002,14.954
15,"Navarra, Comunidad Foral de",Importe facturado por alcantarillado y depuración,2001,14.129
15,"Navarra, Comunidad Foral de",Importe facturado por alcantarillado y depuración,2000,16.023
15,"Navarra, Comunidad Foral de",Longitud de la red de alcantarillado (km),2022,4.640
15,"Navarra, Comunidad Foral de",Longitud de la red de alcantarillado (km),2020,3.850
15,"Navarra, Comunidad Foral de",Longitud de la red de alcantarillado (km),2018,3.789
15,"Navarra, Comunidad Foral de",Longitud de la red de alcantarillado (km),2016,3.162
15,"Navarra, Comunidad Foral de",Longitud de la red de alcantarillado (km),2014,3.304
15,"Navarra, Comunidad Foral de",Longitud de la red de alcantarillado (km),2013,3.314
15,"Navarra, Comunidad Foral de",Longitud de la red de alcantarillado (km),2012,..
15,"Navarra, Comunidad Foral de",Longitud de la red de alcantarillado (km),2011,..
15,"Navarra, Comunidad Foral de",Longitud de la red de alcantarillado (km),2010,..
15,"Navarra, Comunidad Foral de",Longitud de la red de alcantarillado (km),2009,..
15,"Navarra, Comunidad Foral de",Longitud de la red de alcantarillado (km),2008,..
15,"Navarra, Comunidad Foral de",Longitud de la red de alcantarillado (km),2007,..
15,"Navarra, Comunidad Foral de",Longitud de la red de alcantarillado (km),2006,..
15,"Navarra, Comunidad Foral de",Longitud de la red de alcantarillado (km),2005,..
15,"Navarra, Comunidad Foral de",Longitud de la red de alcantarillado (km),2004,..
15,"Navarra, Comunidad Foral de",Longitud de la red de alcantarillado (km),2003,..
15,"Navarra, Comunidad Foral de",Longitud de la red de alcantarillado (km),2002,..
15,"Navarra, Comunidad Foral de",Longitud de la red de alcantarillado (km),2001,..
15,"Navarra, Comunidad Foral de",Longitud de la red de alcantarillado (km),2000,..
15,"Navarra, Comunidad Foral de",Volumen de lodos generados en el tratamiento de aguas residuales (toneladas de materia seca/año),2022,54.605
15,"Navarra, Comunidad Foral de",Volumen de lodos generados en el tratamiento de aguas residuales (toneladas de materia seca/año),2020,55.176
15,"Navarra, Comunidad Foral de",Volumen de lodos generados en el tratamiento de aguas residuales (toneladas de materia seca/año),2018,59.253
15,"Navarra, Comunidad Foral de",Volumen de lodos generados en el tratamiento de aguas residuales (toneladas de materia seca/año),2016,46.081
15,"Navarra, Comunidad Foral de",Volumen de lodos generados en el tratamiento de aguas residuales (toneladas de materia seca/año),2014,45.867
15,"Navarra, Comunidad Foral de",Volumen de lodos generados en el tratamiento de aguas residuales (toneladas de materia seca/año),2013,52.519
15,"Navarra, Comunidad Foral de",Volumen de lodos generados en el tratamiento de aguas residuales (toneladas de materia seca/año),2012,54.820
15,"Navarra, Comunidad Foral de",Volumen de lodos generados en el tratamiento de aguas residuales (toneladas de materia seca/año),2011,42.628
15,"Navarra, Comunidad Foral de",Volumen de lodos generados en el tratamiento de aguas residuales (toneladas de materia seca/año),2010,..
15,"Navarra, Comunidad Foral de",Volumen de lodos generados en el tratamiento de aguas residuales (toneladas de materia seca/año),2009,..
15,"Navarra, Comunidad Foral de",Volumen de lodos generados en el tratamiento de aguas residuales (toneladas de materia seca/año),2008,..
15,"Navarra, Comunidad Foral de",Volumen de lodos generados en el tratamiento de aguas residuales (toneladas de materia seca/año),2007,..
15,"Navarra, Comunidad Foral de",Volumen de lodos generados en el tratamiento de aguas residuales (toneladas de materia seca/año),2006,..
15,"Navarra, Comunidad Foral de",Volumen de lodos generados en el tratamiento de aguas residuales (toneladas de materia seca/año),2005,..
15,"Navarra, Comunidad Foral de",Volumen de lodos generados en el tratamiento de aguas residuales (toneladas de materia seca/año),2004,..
15,"Navarra, Comunidad Foral de",Volumen de lodos generados en el tratamiento de aguas residuales (toneladas de materia seca/año),2003,..
15,"Navarra, Comunidad Foral de",Volumen de lodos generados en el tratamiento de aguas residuales (toneladas de materia seca/año),2002,..
15,"Navarra, Comunidad Foral de",Volumen de lodos generados en el tratamiento de aguas residuales (toneladas de materia seca/año),2001,..
15,"Navarra, Comunidad Foral de",Volumen de lodos generados en el tratamiento de aguas residuales (toneladas de materia seca/año),2000,..
16,País Vasco,Volumen de aguas residuales tratadas,2022,1.619.783
16,País Vasco,Volumen de aguas residuales tratadas,2020,1.013.022
16,País Vasco,Volumen de aguas residuales tratadas,2018,978.794
16,País Vasco,Volumen de aguas residuales tratadas,2016,1.181.241
16,País Vasco,Volumen de aguas residuales tratadas,2014,1.166.863
16,País Vasco,Volumen de aguas residuales tratadas,2013,1.056.816
16,País Vasco,Volumen de aguas residuales tratadas,2012,883.752
16,País Vasco,Volumen de aguas residuales tratadas,2011,718.825
16,País Vasco,Volumen de aguas residuales tratadas,2010,830.902
16,País Vasco,Volumen de aguas residuales tratadas,2009,851.532
16,País Vasco,Volumen de aguas residuales tratadas,2008,616.474
16,País Vasco,Volumen de aguas residuales tratadas,2007,575.885
16,País Vasco,Volumen de aguas residuales tratadas,2006,657.062
16,País Vasco,Volumen de aguas residuales tratadas,2005,1.042.034
16,País Vasco,Volumen de aguas residuales tratadas,2004,902.268
16,País Vasco,Volumen de aguas residuales tratadas,2003,515.848
16,País Vasco,Volumen de aguas residuales tratadas,2002,475.505
16,País Vasco,Volumen de aguas residuales tratadas,2001,433.841
16,País Vasco,Volumen de aguas residuales tratadas,2000,422.389
16,País Vasco,Volumen total de agua reutilizada,2022,159.298
16,País Vasco,Volumen total de agua reutilizada,2020,9.569
16,País Vasco,Volumen total de agua reutilizada,2018,12.187
16,País Vasco,Volumen total de agua reutilizada,2016,11.561
16,País Vasco,Volumen total de agua reutilizada,2014,18.378
16,País Vasco,Volumen total de agua reutilizada,2013,13.810
16,País Vasco,Volumen total de agua reutilizada,2012,9.316
16,País Vasco,Volumen total de agua reutilizada,2011,15.458
16,País Vasco,Volumen total de agua reutilizada,2010,16.907
16,País Vasco,Volumen total de agua reutilizada,2009,13.405
16,País Vasco,Volumen total de agua reutilizada,2008,47.493
16,País Vasco,Volumen total de agua reutilizada,2007,27.548
16,País Vasco,Volumen total de agua reutilizada,2006,143
16,País Vasco,Volumen total de agua reutilizada,2005,1.509
16,País Vasco,Volumen total de agua reutilizada,2004,0
16,País Vasco,Volumen total de agua reutilizada,2003,8.423
16,País Vasco,Volumen total de agua reutilizada,2002,10.598
16,País Vasco,Volumen total de agua reutilizada,2001,98.500
16,País Vasco,Volumen total de agua reutilizada,2000,33.340
16,País Vasco,Importe facturado por alcantarillado y depuración,2022,180.837
16,País Vasco,Importe facturado por alcantarillado y depuración,2020,132.188
16,País Vasco,Importe facturado por alcantarillado y depuración,2018,128.700
16,País Vasco,Importe facturado por alcantarillado y depuración,2016,135.071
16,País Vasco,Importe facturado por alcantarillado y depuración,2014,132.930
16,País Vasco,Importe facturado por alcantarillado y depuración,2013,118.100
16,País Vasco,Importe facturado por alcantarillado y depuración,2012,97.852
16,País Vasco,Importe facturado por alcantarillado y depuración,2011,101.349
16,País Vasco,Importe facturado por alcantarillado y depuración,2010,104.810
16,País Vasco,Importe facturado por alcantarillado y depuración,2009,77.837
16,País Vasco,Importe facturado por alcantarillado y depuración,2008,77.837
16,País Vasco,Importe facturado por alcantarillado y depuración,2007,72.323
16,País Vasco,Importe facturado por alcantarillado y depuración,2006,79.472
16,País Vasco,Importe facturado por alcantarillado y depuración,2005,96.832
16,País Vasco,Importe facturado por alcantarillado y depuración,2004,96.011
16,País Vasco,Importe facturado por alcantarillado y depuración,2003,97.356
16,País Vasco,Importe facturado por alcantarillado y depuración,2002,85.950
16,País Vasco,Importe facturado por alcantarillado y depuración,2001,90.709
16,País Vasco,Importe facturado por alcantarillado y depuración,2000,84.725
16,País Vasco,Longitud de la red de alcantarillado (km),2022,5.535
16,País Vasco,Longitud de la red de alcantarillado (km),2020,4.010
16,País Vasco,Longitud de la red de alcantarillado (km),2018,3.943
16,País Vasco,Longitud de la red de alcantarillado (km),2016,4.179
16,País Vasco,Longitud de la red de alcantarillado (km),2014,4.475
16,País Vasco,Longitud de la red de alcantarillado (km),2013,4.924
16,País Vasco,Longitud de la red de alcantarillado (km),2012,..
16,País Vasco,Longitud de la red de alcantarillado (km),2011,..
16,País Vasco,Longitud de la red de alcantarillado (km),2010,..
16,País Vasco,Longitud de la red de alcantarillado (km),2009,..
16,País Vasco,Longitud de la red de alcantarillado (km),2008,..
16,País Vasco,Longitud de la red de alcantarillado (km),2007,..
16,País Vasco,Longitud de la red de alcantarillado (km),2006,..
16,País Vasco,Longitud de la red de alcantarillado (km),2005,..
16,País Vasco,Longitud de la red de alcantarillado (km),2004,..
16,País Vasco,Longitud de la red de alcantarillado (km),2003,..
16,País Vasco,Longitud de la red de alcantarillado (km),2002,..
16,País Vasco,Longitud de la red de alcantarillado (km),2001,..
16,País Vasco,Longitud de la red de alcantarillado (km),2000,..
16,País Vasco,Volumen de lodos generados en el tratamiento de aguas residuales (toneladas de materia seca/año),2022,62.644
16,País Vasco,Volumen de lodos generados en el tratamiento de aguas residuales (toneladas de materia seca/año),2020,45.758
16,País Vasco,Volumen de lodos generados en el tratamiento de aguas residuales (toneladas de materia seca/año),2018,55.561
16,País Vasco,Volumen de lodos generados en el tratamiento de aguas residuales (toneladas de materia seca/año),2016,65.130
16,País Vasco,Volumen de lodos generados en el tratamiento de aguas residuales (toneladas de materia seca/año),2014,63.260
16,País Vasco,Volumen de lodos generados en el tratamiento de aguas residuales (toneladas de materia seca/año),2013,60.058
16,País Vasco,Volumen de lodos generados en el tratamiento de aguas residuales (toneladas de materia seca/año),2012,60.874
16,País Vasco,Volumen de lodos generados en el tratamiento de aguas residuales (toneladas de materia seca/año),2011,67.862
16,País Vasco,Volumen de lodos generados en el tratamiento de aguas residuales (toneladas de materia seca/año),2010,..
16,País Vasco,Volumen de lodos generados en el tratamiento de aguas residuales (toneladas de materia seca/año),2009,..
16,País Vasco,Volumen de lodos generados en el tratamiento de aguas residuales (toneladas de materia seca/año),2008,..
16,País Vasco,Volumen de lodos generados en el tratamiento de aguas residuales (toneladas de materia seca/año),2007,..
16,País Vasco,Volumen de lodos generados en el tratamiento de aguas residuales (toneladas de materia seca/año),2006,..
16,País Vasco,Volumen de lodos generados en el tratamiento de aguas residuales (toneladas de materia seca/año),2005,..
16,País Vasco,Volumen de lodos generados en el tratamiento de aguas residuales (toneladas de materia seca/año),2004,..
16,País Vasco,Volumen de lodos generados en el tratamiento de aguas residuales (toneladas de materia seca/año),2003,..
16,País Vasco,Volumen de lodos generados en el tratamiento de aguas residuales (toneladas de materia seca/año),2002,..
16,País Vasco,Volumen de lodos generados en el tratamiento de aguas residuales (toneladas de materia seca/año),2001,..
16,País Vasco,Volumen de lodos generados en el tratamiento de aguas residuales (toneladas de materia seca/año),2000,..
17,"Rioja, La",Volumen de aguas residuales tratadas,2022,135.311
17,"Rioja, La",Volumen de aguas residuales tratadas,2020,179.071
17,"Rioja, La",Volumen de aguas residuales tratadas,2018,160.431
17,"Rioja, La",Volumen de aguas residuales tratadas,2016,151.978
17,"Rioja, La",Volumen de aguas residuales tratadas,2014,148.053
17,"Rioja, La",Volumen de aguas residuales tratadas,2013,163.030
17,"Rioja, La",Volumen de aguas residuales tratadas,2012,138.318
17,"Rioja, La",Volumen de aguas residuales tratadas,2011,143.770
17,"Rioja, La",Volumen de aguas residuales tratadas,2010,143.244
17,"Rioja, La",Volumen de aguas residuales tratadas,2009,183.732
17,"Rioja, La",Volumen de aguas residuales tratadas,2008,195.047
17,"Rioja, La",Volumen de aguas residuales tratadas,2007,247.557
17,"Rioja, La",Volumen de aguas residuales tratadas,2006,245.362
17,"Rioja, La",Volumen de aguas residuales tratadas,2005,268.906
17,"Rioja, La",Volumen de aguas residuales tratadas,2004,284.046
17,"Rioja, La",Volumen de aguas residuales tratadas,2003,56.096
17,"Rioja, La",Volumen de aguas residuales tratadas,2002,83.811
17,"Rioja, La",Volumen de aguas residuales tratadas,2001,70.800
17,"Rioja, La",Volumen de aguas residuales tratadas,2000,52.650
17,"Rioja, La",Volumen total de agua reutilizada,2022,0
17,"Rioja, La",Volumen total de agua reutilizada,2020,0
17,"Rioja, La",Volumen total de agua reutilizada,2018,0
17,"Rioja, La",Volumen total de agua reutilizada,2016,0
17,"Rioja, La",Volumen total de agua reutilizada,2014,0
17,"Rioja, La",Volumen total de agua reutilizada,2013,0
17,"Rioja, La",Volumen total de agua reutilizada,2012,0
17,"Rioja, La",Volumen total de agua reutilizada,2011,0
17,"Rioja, La",Volumen total de agua reutilizada,2010,0
17,"Rioja, La",Volumen total de agua reutilizada,2009,0
17,"Rioja, La",Volumen total de agua reutilizada,2008,0
17,"Rioja, La",Volumen total de agua reutilizada,2007,0
17,"Rioja, La",Volumen total de agua reutilizada,2006,75
17,"Rioja, La",Volumen total de agua reutilizada,2005,272
17,"Rioja, La",Volumen total de agua reutilizada,2004,335
17,"Rioja, La",Volumen total de agua reutilizada,2003,0
17,"Rioja, La",Volumen total de agua reutilizada,2002,134
17,"Rioja, La",Volumen total de agua reutilizada,2001,0
17,"Rioja, La",Volumen total de agua reutilizada,2000,0
17,"Rioja, La",Importe facturado por alcantarillado y depuración,2022,22.708
17,"Rioja, La",Importe facturado por alcantarillado y depuración,2020,14.870
17,"Rioja, La",Importe facturado por alcantarillado y depuración,2018,13.580
17,"Rioja, La",Importe facturado por alcantarillado y depuración,2016,13.756
17,"Rioja, La",Importe facturado por alcantarillado y depuración,2014,13.262
17,"Rioja, La",Importe facturado por alcantarillado y depuración,2013,13.337
17,"Rioja, La",Importe facturado por alcantarillado y depuración,2012,10.750
17,"Rioja, La",Importe facturado por alcantarillado y depuración,2011,10.721
17,"Rioja, La",Importe facturado por alcantarillado y depuración,2010,11.335
17,"Rioja, La",Importe facturado por alcantarillado y depuración,2009,13.405
17,"Rioja, La",Importe facturado por alcantarillado y depuración,2008,15.536
17,"Rioja, La",Importe facturado por alcantarillado y depuración,2007,19.909
17,"Rioja, La",Importe facturado por alcantarillado y depuración,2006,15.639
17,"Rioja, La",Importe facturado por alcantarillado y depuración,2005,16.701
17,"Rioja, La",Importe facturado por alcantarillado y depuración,2004,16.776
17,"Rioja, La",Importe facturado por alcantarillado y depuración,2003,5.887
17,"Rioja, La",Importe facturado por alcantarillado y depuración,2002,7.899
17,"Rioja, La",Importe facturado por alcantarillado y depuración,2001,7.497
17,"Rioja, La",Importe facturado por alcantarillado y depuración,2000,7.573
17,"Rioja, La",Longitud de la red de alcantarillado (km),2022,1.040
17,"Rioja, La",Longitud de la red de alcantarillado (km),2020,1.207
17,"Rioja, La",Longitud de la red de alcantarillado (km),2018,1.024
17,"Rioja, La",Longitud de la red de alcantarillado (km),2016,835
17,"Rioja, La",Longitud de la red de alcantarillado (km),2014,951
17,"Rioja, La",Longitud de la red de alcantarillado (km),2013,1.082
17,"Rioja, La",Longitud de la red de alcantarillado (km),2012,..
17,"Rioja, La",Longitud de la red de alcantarillado (km),2011,..
17,"Rioja, La",Longitud de la red de alcantarillado (km),2010,..
17,"Rioja, La",Longitud de la red de alcantarillado (km),2009,..
17,"Rioja, La",Longitud de la red de alcantarillado (km),2008,..
17,"Rioja, La",Longitud de la red de alcantarillado (km),2007,..
17,"Rioja, La",Longitud de la red de alcantarillado (km),2006,..
17,"Rioja, La",Longitud de la red de alcantarillado (km),2005,..
17,"Rioja, La",Longitud de la red de alcantarillado (km),2004,..
17,"Rioja, La",Longitud de la red de alcantarillado (km),2003,..
17,"Rioja, La",Longitud de la red de alcantarillado (km),2002,..
17,"Rioja, La",Longitud de la red de alcantarillado (km),2001,..
17,"Rioja, La",Longitud de la red de alcantarillado (km),2000,..
17,"Rioja, La",Volumen de lodos generados en el tratamiento de aguas residuales (toneladas de materia seca/año),2022,5.221
17,"Rioja, La",Volumen de lodos generados en el tratamiento de aguas residuales (toneladas de materia seca/año),2020,5.535
17,"Rioja, La",Volumen de lodos generados en el tratamiento de aguas residuales (toneladas de materia seca/año),2018,8.247
17,"Rioja, La",Volumen de lodos generados en el tratamiento de aguas residuales (toneladas de materia seca/año),2016,6.096
17,"Rioja, La",Volumen de lodos generados en el tratamiento de aguas residuales (toneladas de materia seca/año),2014,5.415
17,"Rioja, La",Volumen de lodos generados en el tratamiento de aguas residuales (toneladas de materia seca/año),2013,5.654
17,"Rioja, La",Volumen de lodos generados en el tratamiento de aguas residuales (toneladas de materia seca/año),2012,7.219
17,"Rioja, La",Volumen de lodos generados en el tratamiento de aguas residuales (toneladas de materia seca/año),2011,5.830
17,"Rioja, La",Volumen de lodos generados en el tratamiento de aguas residuales (toneladas de materia seca/año),2010,..
17,"Rioja, La",Volumen de lodos generados en el tratamiento de aguas residuales (toneladas de materia seca/año),2009,..
17,"Rioja, La",Volumen de lodos generados en el tratamiento de aguas residuales (toneladas de materia seca/año),2008,..
17,"Rioja, La",Volumen de lodos generados en el tratamiento de aguas residuales (toneladas de materia seca/año),2007,..
17,"Rioja, La",Volumen de lodos generados en el tratamiento de aguas residuales (toneladas de materia seca/año),2006,..
17,"Rioja, La",Volumen de lodos generados en el tratamiento de aguas residuales (toneladas de materia seca/año),2005,..
17,"Rioja, La",Volumen de lodos generados en el tratamiento de aguas residuales (toneladas de materia seca/año),2004,..
17,"Rioja, La",Volumen de lodos generados en el tratamiento de aguas residuales (toneladas de materia seca/año),2003,..
17,"Rioja, La",Volumen de lodos generados en el tratamiento de aguas residuales (toneladas de materia seca/año),2002,..
17,"Rioja, La",Volumen de lodos generados en el tratamiento de aguas residuales (toneladas de materia seca/año),2001,..
17,"Rioja, La",Volumen de lodos generados en el tratamiento de aguas residuales (toneladas de materia seca/año),2000,..
18,Ceuta y Melilla,Volumen de aguas residuales tratadas,2022,38.027
18,Ceuta y Melilla,Volumen de aguas residuales tratadas,2020,42.776
18,Ceuta y Melilla,Volumen de aguas residuales tratadas,2018,41.937
18,Ceuta y Melilla,Volumen de aguas residuales tratadas,2016,40.858
18,Ceuta y Melilla,Volumen de aguas residuales tratadas,2014,45.535
18,Ceuta y Melilla,Volumen de aguas residuales tratadas,2013,44.247
18,Ceuta y Melilla,Volumen de aguas residuales tratadas,2012,32.792
18,Ceuta y Melilla,Volumen de aguas residuales tratadas,2011,20.000
18,Ceuta y Melilla,Volumen de aguas residuales tratadas,2010,48.341
18,Ceuta y Melilla,Volumen de aguas residuales tratadas,2009,22.192
18,Ceuta y Melilla,Volumen de aguas residuales tratadas,2008,22.000
18,Ceuta y Melilla,Volumen de aguas residuales tratadas,2007,20.655
18,Ceuta y Melilla,Volumen de aguas residuales tratadas,2006,19.314
18,Ceuta y Melilla,Volumen de aguas residuales tratadas,2005,23.997
18,Ceuta y Melilla,Volumen de aguas residuales tratadas,2004,28.669
18,Ceuta y Melilla,Volumen de aguas residuales tratadas,2003,19.000
18,Ceuta y Melilla,Volumen de aguas residuales tratadas,2002,20.000
18,Ceuta y Melilla,Volumen de aguas residuales tratadas,2001,19.800
18,Ceuta y Melilla,Volumen de aguas residuales tratadas,2000,19.000
18,Ceuta y Melilla,Volumen total de agua reutilizada,2022,14.466
18,Ceuta y Melilla,Volumen total de agua reutilizada,2020,0
18,Ceuta y Melilla,Volumen total de agua reutilizada,2018,23
18,Ceuta y Melilla,Volumen total de agua reutilizada,2016,0
18,Ceuta y Melilla,Volumen total de agua reutilizada,2014,471
18,Ceuta y Melilla,Volumen total de agua reutilizada,2013,421
18,Ceuta y Melilla,Volumen total de agua reutilizada,2012,268
18,Ceuta y Melilla,Volumen total de agua reutilizada,2011,233
18,Ceuta y Melilla,Volumen total de agua reutilizada,2010,461
18,Ceuta y Melilla,Volumen total de agua reutilizada,2009,111
18,Ceuta y Melilla,Volumen total de agua reutilizada,2008,0
18,Ceuta y Melilla,Volumen total de agua reutilizada,2007,0
18,Ceuta y Melilla,Volumen total de agua reutilizada,2006,522
18,Ceuta y Melilla,Volumen total de agua reutilizada,2005,632
18,Ceuta y Melilla,Volumen total de agua reutilizada,2004,3.002
18,Ceuta y Melilla,Volumen total de agua reutilizada,2003,50
18,Ceuta y Melilla,Volumen total de agua reutilizada,2002,200
18,Ceuta y Melilla,Volumen total de agua reutilizada,2001,150
18,Ceuta y Melilla,Volumen total de agua reutilizada,2000,100
18,Ceuta y Melilla,Importe facturado por alcantarillado y depuración,2022,6.370
18,Ceuta y Melilla,Importe facturado por alcantarillado y depuración,2020,3.865
18,Ceuta y Melilla,Importe facturado por alcantarillado y depuración,2018,4.345
18,Ceuta y Melilla,Importe facturado por alcantarillado y depuración,2016,4.206
18,Ceuta y Melilla,Importe facturado por alcantarillado y depuración,2014,5.073
18,Ceuta y Melilla,Importe facturado por alcantarillado y depuración,2013,5.083
18,Ceuta y Melilla,Importe facturado por alcantarillado y depuración,2012,4.233
18,Ceuta y Melilla,Importe facturado por alcantarillado y depuración,2011,2.575
18,Ceuta y Melilla,Importe facturado por alcantarillado y depuración,2010,3.753
18,Ceuta y Melilla,Importe facturado por alcantarillado y depuración,2009,3.343
18,Ceuta y Melilla,Importe facturado por alcantarillado y depuración,2008,3.181
18,Ceuta y Melilla,Importe facturado por alcantarillado y depuración,2007,2.098
18,Ceuta y Melilla,Importe facturado por alcantarillado y depuración,2006,1.870
18,Ceuta y Melilla,Importe facturado por alcantarillado y depuración,2005,1.829
18,Ceuta y Melilla,Importe facturado por alcantarillado y depuración,2004,1.650
18,Ceuta y Melilla,Importe facturado por alcantarillado y depuración,2003,0
18,Ceuta y Melilla,Importe facturado por alcantarillado y depuración,2002,0
18,Ceuta y Melilla,Importe facturado por alcantarillado y depuración,2001,0
18,Ceuta y Melilla,Importe facturado por alcantarillado y depuración,2000,0
18,Ceuta y Melilla,Longitud de la red de alcantarillado (km),2022,305
18,Ceuta y Melilla,Longitud de la red de alcantarillado (km),2020,305
18,Ceuta y Melilla,Longitud de la red de alcantarillado (km),2018,305
18,Ceuta y Melilla,Longitud de la red de alcantarillado (km),2016,302
18,Ceuta y Melilla,Longitud de la red de alcantarillado (km),2014,285
18,Ceuta y Melilla,Longitud de la red de alcantarillado (km),2013,285
18,Ceuta y Melilla,Longitud de la red de alcantarillado (km),2012,..
18,Ceuta y Melilla,Longitud de la red de alcantarillado (km),2011,..
18,Ceuta y Melilla,Longitud de la red de alcantarillado (km),2010,..
18,Ceuta y Melilla,Longitud de la red de alcantarillado (km),2009,..
18,Ceuta y Melilla,Longitud de la red de alcantarillado (km),2008,..
18,Ceuta y Melilla,Longitud de la red de alcantarillado (km),2007,..
18,Ceuta y Melilla,Longitud de la red de alcantarillado (km),2006,..
18,Ceuta y Melilla,Longitud de la red de alcantarillado (km),2005,..
18,Ceuta y Melilla,Longitud de la red de alcantarillado (km),2004,..
18,Ceuta y Melilla,Longitud de la red de alcantarillado (km),2003,..
18,Ceuta y Melilla,Longitud de la red de alcantarillado (km),2002,..
18,Ceuta y Melilla,Longitud de la red de alcantarillado (km),2001,..
18,Ceuta y Melilla,Longitud de la red de alcantarillado (km),2000,..
18,Ceuta y Melilla,Volumen de lodos generados en el tratamiento de aguas residuales (toneladas de materia seca/año),2022,20
18,Ceuta y Melilla,Volumen de lodos generados en el tratamiento de aguas residuales (toneladas de materia seca/año),2020,2.131
18,Ceuta y Melilla,Volumen de lodos generados en el tratamiento de aguas residuales (toneladas de materia seca/año),2018,2.800
18,Ceuta y Melilla,Volumen de lodos generados en el tratamiento de aguas residuales (toneladas de materia seca/año),2016,1.634
18,Ceuta y Melilla,Volumen de lodos generados en el tratamiento de aguas residuales (toneladas de materia seca/año),2014,1.959
18,Ceuta y Melilla,Volumen de lodos generados en el tratamiento de aguas residuales (toneladas de materia seca/año),2013,1.894
18,Ceuta y Melilla,Volumen de lodos generados en el tratamiento de aguas residuales (toneladas de materia seca/año),2012,1.050
18,Ceuta y Melilla,Volumen de lodos generados en el tratamiento de aguas residuales (toneladas de materia seca/año),2011,1.400
18,Ceuta y Melilla,Volumen de lodos generados en el tratamiento de aguas residuales (toneladas de materia seca/año),2010,..
18,Ceuta y Melilla,Volumen de lodos generados en el tratamiento de aguas residuales (toneladas de materia seca/año),2009,..
18,Ceuta y Melilla,Volumen de lodos generados en el tratamiento de aguas residuales (toneladas de materia seca/año),2008,..
18,Ceuta y Melilla,Volumen de lodos generados en el tratamiento de aguas residuales (toneladas de materia seca/año),2007,..
18,Ceuta y Melilla,Volumen de lodos generados en el tratamiento de aguas residuales (toneladas de materia seca/año),2006,..
18,Ceuta y Melilla,Volumen de lodos generados en el tratamiento de aguas residuales (toneladas de materia seca/año),2005,..
18,Ceuta y Melilla,Volumen de lodos generados en el tratamiento de aguas residuales (toneladas de materia seca/año),2004,..
18,Ceuta y Melilla,Volumen de lodos generados en el tratamiento de aguas residuales (toneladas de materia seca/año),2003,..
18,Ceuta y Melilla,Volumen de lodos generados en el tratamiento de aguas residuales (toneladas de materia seca/año),2002,..
18,Ceuta y Melilla,Volumen de lodos generados en el tratamiento de aguas residuales (toneladas de materia seca/año),2001,..
18,Ceuta y Melilla,Volumen de lodos generados en el tratamiento de aguas residuales (toneladas de materia seca/año),2000,..
