region_code,region,tipo_de_indicador,periodo,total
00,Total Nacional,Volumen de agua suministrada a la red de abastecimiento público,2022,4.252.295
00,Total Nacional,Volumen de agua suministrada a la red de abastecimiento público,2020,4.243.555
00,Total Nacional,Volumen de agua suministrada a la red de abastecimiento público,2018,4.235.947
00,Total Nacional,Volumen de agua suministrada a la red de abastecimiento público,2016,4.290.577
00,Total Nacional,Volumen de agua suministrada a la red de abastecimiento público,2014,4.271.966
00,Total Nacional,Volumen de agua suministrada a la red de abastecimiento público,2013,4.323.475
00,Total Nacional,Volumen de agua suministrada a la red de abastecimiento público,2012,4.485.264
00,Total Nacional,Volumen de agua suministrada a la red de abastecimiento público,2011,4.513.818
00,Total Nacional,Volumen de agua suministrada a la red de abastecimiento público,2010,4.580.645
00,Total Nacional,Volumen de agua suministrada a la red de abastecimiento público,2009,4.709.261
00,Total Nacional,Volumen de agua suministrada a la red de abastecimiento público,2008,4.940.976
00,Total Nacional,Volumen de agua suministrada a la red de abastecimiento público,2007,4.969.041
00,Total Nacional,Volumen de agua suministrada a la red de abastecimiento público,2006,4.697.857
00,Total Nacional,Volumen de agua suministrada a la red de abastecimiento público,2005,4.873.202
00,Total Nacional,Volumen de agua suministrada a la red de abastecimiento público,2004,4.973.463
00,Total Nacional,Volumen de agua suministrada a la red de abastecimiento público,2003,4.947.008
00,Total Nacional,Volumen de agua suministrada a la red de abastecimiento público,2002,4.783.127
00,Total Nacional,Volumen de agua suministrada a la red de abastecimiento público,2001,4.803.471
00,Total Nacional,Volumen de agua suministrada a la red de abastecimiento público,2000,4.782.096
00,Total Nacional,Volumen total de agua registrada y distribuida por tipo de usuario,2022,3.151.196
00,Total Nacional,Volumen total de agua registrada y distribuida por tipo de usuario,2020,3.177.815
00,Total Nacional,Volumen total de agua registrada y distribuida por tipo de usuario,2018,3.188.055
00,Total Nacional,Volumen total de agua registrada y distribuida por tipo de usuario,2016,3.199.910
00,Total Nacional,Volumen total de agua registrada y distribuida por tipo de usuario,2014,3.214.034
00,Total Nacional,Volumen total de agua registrada y distribuida por tipo de usuario,2013,3.210.843
00,Total Nacional,Volumen total de agua registrada y distribuida por tipo de usuario,2012,3.338.028
00,Total Nacional,Volumen total de agua registrada y distribuida por tipo de usuario,2011,3.381.318
00,Total Nacional,Volumen total de agua registrada y distribuida por tipo de usuario,2010,3.393.271
00,Total Nacional,Volumen total de agua registrada y distribuida por tipo de usuario,2009,3.500.578
00,Total Nacional,Volumen total de agua registrada y distribuida por tipo de usuario,2008,3.731.399
00,Total Nacional,Volumen total de agua registrada y distribuida por tipo de usuario,2007,3.778.036
00,Total Nacional,Volumen total de agua registrada y distribuida por tipo de usuario,2006,3.913.059
00,Total Nacional,Volumen total de agua registrada y distribuida por tipo de usuario,2005,4.002.180
00,Total Nacional,Volumen total de agua registrada y distribuida por tipo de usuario,2004,4.042.399
00,Total Nacional,Volumen total de agua registrada y distribuida por tipo de usuario,2003,4.019.615
00,Total Nacional,Volumen total de agua registrada y distribuida por tipo de usuario,2002,3.855.697
00,Total Nacional,Volumen total de agua registrada y distribuida por tipo de usuario,2001,3.870.650
00,Total Nacional,Volumen total de agua registrada y distribuida por tipo de usuario,2000,3.781.680
00,Total Nacional,Volumen de agua no registrada,2022,1.101.099
00,Total Nacional,Volumen de agua no registrada,2020,1.065.740
00,Total Nacional,Volumen de agua no registrada,2018,1.047.892
00,Total Nacional,Volumen de agua no registrada,2016,1.090.647
00,Total Nacional,Volumen de agua no registrada,2014,1.057.932
00,Total Nacional,Volumen de agua no registrada,2013,1.112.632
00,Total Nacional,Volumen de agua no registrada,2012,1.147.236
00,Total Nacional,Volumen de agua no registrada,2011,1.132.500
00,Total Nacional,Volumen de agua no registrada,2010,1.187.374
00,Total Nacional,Volumen de agua no registrada,2009,1.208.683
00,Total Nacional,Volumen de agua no registrada,2008,1.209.577
00,Total Nacional,Volumen de agua no registrada,2007,1.191.005
00,Total Nacional,Volumen de agua no registrada,2006,..
00,Total Nacional,Volumen de agua no registrada,2005,..
00,Total Nacional,Volumen de agua no registrada,2004,..
00,Total Nacional,Volumen de agua no registrada,2003,..
00,Total Nacional,Volumen de agua no registrada,2002,..
00,Total Nacional,Volumen de agua no registrada,2001,..
00,Total Nacional,Volumen de agua no registrada,2000,..
00,Total Nacional,Pérdidas reales,2022,695.185
00,Total Nacional,Pérdidas reales,2020,651.826
00,Total Nacional,Pérdidas reales,2018,652.841
00,Total Nacional,Pérdidas reales,2016,701.087
00,Total Nacional,Pérdidas reales,2014,651.061
00,Total Nacional,Pérdidas reales,2013,678.064
00,Total Nacional,Pérdidas reales,2012,710.942
00,Total Nacional,Pérdidas reales,2011,776.896
00,Total Nacional,Pérdidas reales,2010,802.502
00,Total Nacional,Pérdidas reales,2009,791.029
00,Total Nacional,Pérdidas reales,2008,820.398
00,Total Nacional,Pérdidas reales,2007,790.169
00,Total Nacional,Pérdidas reales,2006,784.798
00,Total Nacional,Pérdidas reales,2005,871.022
00,Total Nacional,Pérdidas reales,2004,931.064
00,Total Nacional,Pérdidas reales,2003,927.393
00,Total Nacional,Pérdidas reales,2002,927.430
00,Total Nacional,Pérdidas reales,2001,932.821
00,Total Nacional,Pérdidas reales,2000,1.000.416
00,Total Nacional,Pérdidas aparentes,2022,405.914
00,Total Nacional,Pérdidas aparentes,2020,413.914
00,Total Nacional,Pérdidas aparentes,2018,395.051
00,Total Nacional,Pérdidas aparentes,2016,389.560
00,Total Nacional,Pérdidas aparentes,2014,406.871
00,Total Nacional,Pérdidas aparentes,2013,434.568
00,Total Nacional,Pérdidas aparentes,2012,436.294
00,Total Nacional,Pérdidas aparentes,2011,355.604
00,Total Nacional,Pérdidas aparentes,2010,384.872
00,Total Nacional,Pérdidas aparentes,2009,417.654
00,Total Nacional,Pérdidas aparentes,2008,389.179
00,Total Nacional,Pérdidas aparentes,2007,400.836
00,Total Nacional,Pérdidas aparentes,2006,..
00,Total Nacional,Pérdidas aparentes,2005,..
00,Total Nacional,Pérdidas aparentes,2004,..
00,Total Nacional,Pérdidas aparentes,2003,..
00,Total Nacional,Pérdidas aparentes,2002,..
00,Total Nacional,Pérdidas aparentes,2001,..
00,Total Nacional,Pérdidas aparentes,2000,..
01,Andalucía,Volumen de agua suministrada a la red de abastecimiento público,2022,807.913
01,Andalucía,Volumen de agua suministrada a la red de abastecimiento público,2020,792.785
01,Andalucía,Volumen de agua suministrada a la red de abastecimiento público,2018,747.296
01,Andalucía,Volumen de agua suministrada a la red de abastecimiento público,2016,759.283
01,Andalucía,Volumen de agua suministrada a la red de abastecimiento público,2014,774.668
01,Andalucía,Volumen de agua suministrada a la red de abastecimiento público,2013,758.263
01,Andalucía,Volumen de agua suministrada a la red de abastecimiento público,2012,792.450
01,Andalucía,Volumen de agua suministrada a la red de abastecimiento público,2011,793.125
01,Andalucía,Volumen de agua suministrada a la red de abastecimiento público,2010,802.301
01,Andalucía,Volumen de agua suministrada a la red de abastecimiento público,2009,867.854
01,Andalucía,Volumen de agua suministrada a la red de abastecimiento público,2008,861.264
01,Andalucía,Volumen de agua suministrada a la red de abastecimiento público,2007,879.369
01,Andalucía,Volumen de agua suministrada a la red de abastecimiento público,2006,912.082
01,Andalucía,Volumen de agua suministrada a la red de abastecimiento público,2005,1.021.494
01,Andalucía,Volumen de agua suministrada a la red de abastecimiento público,2004,979.756
01,Andalucía,Volumen de agua suministrada a la red de abastecimiento público,2003,935.912
01,Andalucía,Volumen de agua suministrada a la red de abastecimiento público,2002,878.851
01,Andalucía,Volumen de agua suministrada a la red de abastecimiento público,2001,858.157
01,Andalucía,Volumen de agua suministrada a la red de abastecimiento público,2000,820.608
01,Andalucía,Volumen total de agua registrada y distribuida por tipo de usuario,2022,600.727
01,Andalucía,Volumen total de agua registrada y distribuida por tipo de usuario,2020,571.979
01,Andalucía,Volumen total de agua registrada y distribuida por tipo de usuario,2018,544.382
01,Andalucía,Volumen total de agua registrada y distribuida por tipo de usuario,2016,540.794
01,Andalucía,Volumen total de agua registrada y distribuida por tipo de usuario,2014,557.113
01,Andalucía,Volumen total de agua registrada y distribuida por tipo de usuario,2013,547.493
01,Andalucía,Volumen total de agua registrada y distribuida por tipo de usuario,2012,576.176
01,Andalucía,Volumen total de agua registrada y distribuida por tipo de usuario,2011,577.958
01,Andalucía,Volumen total de agua registrada y distribuida por tipo de usuario,2010,586.083
01,Andalucía,Volumen total de agua registrada y distribuida por tipo de usuario,2009,634.697
01,Andalucía,Volumen total de agua registrada y distribuida por tipo de usuario,2008,664.876
01,Andalucía,Volumen total de agua registrada y distribuida por tipo de usuario,2007,674.428
01,Andalucía,Volumen total de agua registrada y distribuida por tipo de usuario,2006,765.376
01,Andalucía,Volumen total de agua registrada y distribuida por tipo de usuario,2005,839.417
01,Andalucía,Volumen total de agua registrada y distribuida por tipo de usuario,2004,784.226
01,Andalucía,Volumen total de agua registrada y distribuida por tipo de usuario,2003,737.567
01,Andalucía,Volumen total de agua registrada y distribuida por tipo de usuario,2002,702.959
01,Andalucía,Volumen total de agua registrada y distribuida por tipo de usuario,2001,694.716
01,Andalucía,Volumen total de agua registrada y distribuida por tipo de usuario,2000,667.280
01,Andalucía,Volumen de agua no registrada,2022,207.185
01,Andalucía,Volumen de agua no registrada,2020,220.806
01,Andalucía,Volumen de agua no registrada,2018,202.914
01,Andalucía,Volumen de agua no registrada,2016,218.489
01,Andalucía,Volumen de agua no registrada,2014,217.555
01,Andalucía,Volumen de agua no registrada,2013,210.770
01,Andalucía,Volumen de agua no registrada,2012,216.274
01,Andalucía,Volumen de agua no registrada,2011,215.167
01,Andalucía,Volumen de agua no registrada,2010,216.218
01,Andalucía,Volumen de agua no registrada,2009,233.157
01,Andalucía,Volumen de agua no registrada,2008,196.388
01,Andalucía,Volumen de agua no registrada,2007,204.941
01,Andalucía,Volumen de agua no registrada,2006,..
01,Andalucía,Volumen de agua no registrada,2005,..
01,Andalucía,Volumen de agua no registrada,2004,..
01,Andalucía,Volumen de agua no registrada,2003,..
01,Andalucía,Volumen de agua no registrada,2002,..
01,Andalucía,Volumen de agua no registrada,2001,..
01,Andalucía,Volumen de agua no registrada,2000,..
01,Andalucía,Pérdidas reales,2022,136.981
01,Andalucía,Pérdidas reales,2020,129.604
01,Andalucía,Pérdidas reales,2018,123.777
01,Andalucía,Pérdidas reales,2016,157.749
01,Andalucía,Pérdidas reales,2014,151.636
01,Andalucía,Pérdidas reales,2013,142.059
01,Andalucía,Pérdidas reales,2012,125.439
01,Andalucía,Pérdidas reales,2011,143.965
01,Andalucía,Pérdidas reales,2010,136.217
01,Andalucía,Pérdidas reales,2009,146.889
01,Andalucía,Pérdidas reales,2008,135.508
01,Andalucía,Pérdidas reales,2007,127.445
01,Andalucía,Pérdidas reales,2006,146.706
01,Andalucía,Pérdidas reales,2005,182.077
01,Andalucía,Pérdidas reales,2004,195.530
01,Andalucía,Pérdidas reales,2003,198.345
01,Andalucía,Pérdidas reales,2002,175.892
01,Andalucía,Pérdidas reales,2001,163.441
01,Andalucía,Pérdidas reales,2000,153.328
01,Andalucía,Pérdidas aparentes,2022,70.205
01,Andalucía,Pérdidas aparentes,2020,91.202
01,Andalucía,Pérdidas aparentes,2018,79.137
01,Andalucía,Pérdidas aparentes,2016,60.740
01,Andalucía,Pérdidas aparentes,2014,65.919
01,Andalucía,Pérdidas aparentes,2013,68.711
01,Andalucía,Pérdidas aparentes,2012,90.835
01,Andalucía,Pérdidas aparentes,2011,71.202
01,Andalucía,Pérdidas aparentes,2010,80.001
01,Andalucía,Pérdidas aparentes,2009,86.268
01,Andalucía,Pérdidas aparentes,2008,60.880
01,Andalucía,Pérdidas aparentes,2007,77.496
01,Andalucía,Pérdidas aparentes,2006,..
01,Andalucía,Pérdidas aparentes,2005,..
01,Andalucía,Pérdidas aparentes,2004,..
01,Andalucía,Pérdidas aparentes,2003,..
01,Andalucía,Pérdidas aparentes,2002,..
01,Andalucía,Pérdidas aparentes,2001,..
01,Andalucía,Pérdidas aparentes,2000,..
02,Aragón,Volumen de agua suministrada a la red de abastecimiento público,2022,131.021
02,Aragón,Volumen de agua suministrada a la red de abastecimiento público,2020,143.772
02,Aragón,Volumen de agua suministrada a la red de abastecimiento público,2018,138.598
02,Aragón,Volumen de agua suministrada a la red de abastecimiento público,2016,134.182
02,Aragón,Volumen de agua suministrada a la red de abastecimiento público,2014,136.307
02,Aragón,Volumen de agua suministrada a la red de abastecimiento público,2013,140.605
02,Aragón,Volumen de agua suministrada a la red de abastecimiento público,2012,148.707
02,Aragón,Volumen de agua suministrada a la red de abastecimiento público,2011,136.287
02,Aragón,Volumen de agua suministrada a la red de abastecimiento público,2010,153.825
02,Aragón,Volumen de agua suministrada a la red de abastecimiento público,2009,160.377
02,Aragón,Volumen de agua suministrada a la red de abastecimiento público,2008,165.151
02,Aragón,Volumen de agua suministrada a la red de abastecimiento público,2007,153.218
02,Aragón,Volumen de agua suministrada a la red de abastecimiento público,2006,138.892
02,Aragón,Volumen de agua suministrada a la red de abastecimiento público,2005,152.341
02,Aragón,Volumen de agua suministrada a la red de abastecimiento público,2004,145.919
02,Aragón,Volumen de agua suministrada a la red de abastecimiento público,2003,163.861
02,Aragón,Volumen de agua suministrada a la red de abastecimiento público,2002,160.506
02,Aragón,Volumen de agua suministrada a la red de abastecimiento público,2001,160.117
02,Aragón,Volumen de agua suministrada a la red de abastecimiento público,2000,172.024
02,Aragón,Volumen total de agua registrada y distribuida por tipo de usuario,2022,92.628
02,Aragón,Volumen total de agua registrada y distribuida por tipo de usuario,2020,97.701
02,Aragón,Volumen total de agua registrada y distribuida por tipo de usuario,2018,101.723
02,Aragón,Volumen total de agua registrada y distribuida por tipo de usuario,2016,102.785
02,Aragón,Volumen total de agua registrada y distribuida por tipo de usuario,2014,97.052
02,Aragón,Volumen total de agua registrada y distribuida por tipo de usuario,2013,95.406
02,Aragón,Volumen total de agua registrada y distribuida por tipo de usuario,2012,106.036
02,Aragón,Volumen total de agua registrada y distribuida por tipo de usuario,2011,97.449
02,Aragón,Volumen total de agua registrada y distribuida por tipo de usuario,2010,104.256
02,Aragón,Volumen total de agua registrada y distribuida por tipo de usuario,2009,108.516
02,Aragón,Volumen total de agua registrada y distribuida por tipo de usuario,2008,113.256
02,Aragón,Volumen total de agua registrada y distribuida por tipo de usuario,2007,101.814
02,Aragón,Volumen total de agua registrada y distribuida por tipo de usuario,2006,111.741
02,Aragón,Volumen total de agua registrada y distribuida por tipo de usuario,2005,115.627
02,Aragón,Volumen total de agua registrada y distribuida por tipo de usuario,2004,113.896
02,Aragón,Volumen total de agua registrada y distribuida por tipo de usuario,2003,125.300
02,Aragón,Volumen total de agua registrada y distribuida por tipo de usuario,2002,116.030
02,Aragón,Volumen total de agua registrada y distribuida por tipo de usuario,2001,108.990
02,Aragón,Volumen total de agua registrada y distribuida por tipo de usuario,2000,110.567
02,Aragón,Volumen de agua no registrada,2022,38.393
02,Aragón,Volumen de agua no registrada,2020,46.071
02,Aragón,Volumen de agua no registrada,2018,36.875
02,Aragón,Volumen de agua no registrada,2016,31.397
02,Aragón,Volumen de agua no registrada,2014,39.255
02,Aragón,Volumen de agua no registrada,2013,45.199
02,Aragón,Volumen de agua no registrada,2012,42.671
02,Aragón,Volumen de agua no registrada,2011,38.838
02,Aragón,Volumen de agua no registrada,2010,49.569
02,Aragón,Volumen de agua no registrada,2009,51.861
02,Aragón,Volumen de agua no registrada,2008,51.895
02,Aragón,Volumen de agua no registrada,2007,51.404
02,Aragón,Volumen de agua no registrada,2006,..
02,Aragón,Volumen de agua no registrada,2005,..
02,Aragón,Volumen de agua no registrada,2004,..
02,Aragón,Volumen de agua no registrada,2003,..
02,Aragón,Volumen de agua no registrada,2002,..
02,Aragón,Volumen de agua no registrada,2001,..
02,Aragón,Volumen de agua no registrada,2000,..
02,Aragón,Pérdidas reales,2022,32.230
02,Aragón,Pérdidas reales,2020,30.386
02,Aragón,Pérdidas reales,2018,25.406
02,Aragón,Pérdidas reales,2016,22.386
02,Aragón,Pérdidas reales,2014,27.086
02,Aragón,Pérdidas reales,2013,28.249
02,Aragón,Pérdidas reales,2012,26.029
02,Aragón,Pérdidas reales,2011,27.575
02,Aragón,Pérdidas reales,2010,37.673
02,Aragón,Pérdidas reales,2009,36.821
02,Aragón,Pérdidas reales,2008,34.251
02,Aragón,Pérdidas reales,2007,32.899
02,Aragón,Pérdidas reales,2006,27.151
02,Aragón,Pérdidas reales,2005,36.714
02,Aragón,Pérdidas reales,2004,32.023
02,Aragón,Pérdidas reales,2003,38.561
02,Aragón,Pérdidas reales,2002,44.476
02,Aragón,Pérdidas reales,2001,51.127
02,Aragón,Pérdidas reales,2000,61.457
02,Aragón,Pérdidas aparentes,2022,6.163
02,Aragón,Pérdidas aparentes,2020,15.685
02,Aragón,Pérdidas aparentes,2018,11.469
02,Aragón,Pérdidas aparentes,2016,9.011
02,Aragón,Pérdidas aparentes,2014,12.169
02,Aragón,Pérdidas aparentes,2013,16.950
02,Aragón,Pérdidas aparentes,2012,16.642
02,Aragón,Pérdidas aparentes,2011,11.263
02,Aragón,Pérdidas aparentes,2010,11.896
02,Aragón,Pérdidas aparentes,2009,15.040
02,Aragón,Pérdidas aparentes,2008,17.644
02,Aragón,Pérdidas aparentes,2007,18.505
02,Aragón,Pérdidas aparentes,2006,..
02,Aragón,Pérdidas aparentes,2005,..
02,Aragón,Pérdidas aparentes,2004,..
02,Aragón,Pérdidas aparentes,2003,..
02,Aragón,Pérdidas aparentes,2002,..
02,Aragón,Pérdidas aparentes,2001,..
02,Aragón,Pérdidas aparentes,2000,..
03,"Asturias, Principado de",Volumen de agua suministrada a la red de abastecimiento público,2022,115.726
03,"Asturias, Principado de",Volumen de agua suministrada a la red de abastecimiento público,2020,103.915
03,"Asturias, Principado de",Volumen de agua suministrada a la red de abastecimiento público,2018,104.933
03,"Asturias, Principado de",Volumen de agua suministrada a la red de abastecimiento público,2016,120.402
03,"Asturias, Principado de",Volumen de agua suministrada a la red de abastecimiento público,2014,114.172
03,"Asturias, Principado de",Volumen de agua suministrada a la red de abastecimiento público,2013,116.005
03,"Asturias, Principado de",Volumen de agua suministrada a la red de abastecimiento público,2012,115.033
03,"Asturias, Principado de",Volumen de agua suministrada a la red de abastecimiento público,2011,120.245
03,"Asturias, Principado de",Volumen de agua suministrada a la red de abastecimiento público,2010,121.519
03,"Asturias, Principado de",Volumen de agua suministrada a la red de abastecimiento público,2009,123.506
03,"Asturias, Principado de",Volumen de agua suministrada a la red de abastecimiento público,2008,128.172
03,"Asturias, Principado de",Volumen de agua suministrada a la red de abastecimiento público,2007,132.891
03,"Asturias, Principado de",Volumen de agua suministrada a la red de abastecimiento público,2006,121.227
03,"Asturias, Principado de",Volumen de agua suministrada a la red de abastecimiento público,2005,120.886
03,"Asturias, Principado de",Volumen de agua suministrada a la red de abastecimiento público,2004,128.458
03,"Asturias, Principado de",Volumen de agua suministrada a la red de abastecimiento público,2003,116.928
03,"Asturias, Principado de",Volumen de agua suministrada a la red de abastecimiento público,2002,109.460
03,"Asturias, Principado de",Volumen de agua suministrada a la red de abastecimiento público,2001,116.221
03,"Asturias, Principado de",Volumen de agua suministrada a la red de abastecimiento público,2000,108.870
03,"Asturias, Principado de",Volumen total de agua registrada y distribuida por tipo de usuario,2022,70.320
03,"Asturias, Principado de",Volumen total de agua registrada y distribuida por tipo de usuario,2020,70.895
03,"Asturias, Principado de",Volumen total de agua registrada y distribuida por tipo de usuario,2018,76.093
03,"Asturias, Principado de",Volumen total de agua registrada y distribuida por tipo de usuario,2016,83.733
03,"Asturias, Principado de",Volumen total de agua registrada y distribuida por tipo de usuario,2014,78.790
03,"Asturias, Principado de",Volumen total de agua registrada y distribuida por tipo de usuario,2013,74.885
03,"Asturias, Principado de",Volumen total de agua registrada y distribuida por tipo de usuario,2012,77.558
03,"Asturias, Principado de",Volumen total de agua registrada y distribuida por tipo de usuario,2011,82.647
03,"Asturias, Principado de",Volumen total de agua registrada y distribuida por tipo de usuario,2010,86.698
03,"Asturias, Principado de",Volumen total de agua registrada y distribuida por tipo de usuario,2009,86.457
03,"Asturias, Principado de",Volumen total de agua registrada y distribuida por tipo de usuario,2008,98.830
03,"Asturias, Principado de",Volumen total de agua registrada y distribuida por tipo de usuario,2007,103.151
03,"Asturias, Principado de",Volumen total de agua registrada y distribuida por tipo de usuario,2006,109.556
03,"Asturias, Principado de",Volumen total de agua registrada y distribuida por tipo de usuario,2005,106.063
03,"Asturias, Principado de",Volumen total de agua registrada y distribuida por tipo de usuario,2004,103.528
03,"Asturias, Principado de",Volumen total de agua registrada y distribuida por tipo de usuario,2003,95.943
03,"Asturias, Principado de",Volumen total de agua registrada y distribuida por tipo de usuario,2002,92.108
03,"Asturias, Principado de",Volumen total de agua registrada y distribuida por tipo de usuario,2001,93.788
03,"Asturias, Principado de",Volumen total de agua registrada y distribuida por tipo de usuario,2000,83.173
03,"Asturias, Principado de",Volumen de agua no registrada,2022,45.407
03,"Asturias, Principado de",Volumen de agua no registrada,2020,33.020
03,"Asturias, Principado de",Volumen de agua no registrada,2018,28.840
03,"Asturias, Principado de",Volumen de agua no registrada,2016,36.669
03,"Asturias, Principado de",Volumen de agua no registrada,2014,35.382
03,"Asturias, Principado de",Volumen de agua no registrada,2013,41.120
03,"Asturias, Principado de",Volumen de agua no registrada,2012,37.475
03,"Asturias, Principado de",Volumen de agua no registrada,2011,37.598
03,"Asturias, Principado de",Volumen de agua no registrada,2010,34.821
03,"Asturias, Principado de",Volumen de agua no registrada,2009,37.049
03,"Asturias, Principado de",Volumen de agua no registrada,2008,29.342
03,"Asturias, Principado de",Volumen de agua no registrada,2007,29.740
03,"Asturias, Principado de",Volumen de agua no registrada,2006,..
03,"Asturias, Principado de",Volumen de agua no registrada,2005,..
03,"Asturias, Principado de",Volumen de agua no registrada,2004,..
03,"Asturias, Principado de",Volumen de agua no registrada,2003,..
03,"Asturias, Principado de",Volumen de agua no registrada,2002,..
03,"Asturias, Principado de",Volumen de agua no registrada,2001,..
03,"Asturias, Principado de",Volumen de agua no registrada,2000,..
03,"Asturias, Principado de",Pérdidas reales,2022,28.224
03,"Asturias, Principado de",Pérdidas reales,2020,20.269
03,"Asturias, Principado de",Pérdidas reales,2018,15.772
03,"Asturias, Principado de",Pérdidas reales,2016,20.994
03,"Asturias, Principado de",Pérdidas reales,2014,19.882
03,"Asturias, Principado de",Pérdidas reales,2013,23.557
03,"Asturias, Principado de",Pérdidas reales,2012,19.545
03,"Asturias, Principado de",Pérdidas reales,2011,23.138
03,"Asturias, Principado de",Pérdidas reales,2010,22.285
03,"Asturias, Principado de",Pérdidas reales,2009,24.453
03,"Asturias, Principado de",Pérdidas reales,2008,20.246
03,"Asturias, Principado de",Pérdidas reales,2007,19.133
03,"Asturias, Principado de",Pérdidas reales,2006,11.671
03,"Asturias, Principado de",Pérdidas reales,2005,14.823
03,"Asturias, Principado de",Pérdidas reales,2004,24.930
03,"Asturias, Principado de",Pérdidas reales,2003,20.985
03,"Asturias, Principado de",Pérdidas reales,2002,17.352
03,"Asturias, Principado de",Pérdidas reales,2001,22.433
03,"Asturias, Principado de",Pérdidas reales,2000,25.697
03,"Asturias, Principado de",Pérdidas aparentes,2022,17.183
03,"Asturias, Principado de",Pérdidas aparentes,2020,12.751
03,"Asturias, Principado de",Pérdidas aparentes,2018,13.068
03,"Asturias, Principado de",Pérdidas aparentes,2016,15.675
03,"Asturias, Principado de",Pérdidas aparentes,2014,15.500
03,"Asturias, Principado de",Pérdidas aparentes,2013,17.563
03,"Asturias, Principado de",Pérdidas aparentes,2012,17.930
03,"Asturias, Principado de",Pérdidas aparentes,2011,14.460
03,"Asturias, Principado de",Pérdidas aparentes,2010,12.536
03,"Asturias, Principado de",Pérdidas aparentes,2009,12.596
03,"Asturias, Principado de",Pérdidas aparentes,2008,9.096
03,"Asturias, Principado de",Pérdidas aparentes,2007,10.607
03,"Asturias, Principado de",Pérdidas aparentes,2006,..
03,"Asturias, Principado de",Pérdidas aparentes,2005,..
03,"Asturias, Principado de",Pérdidas aparentes,2004,..
03,"Asturias, Principado de",Pérdidas aparentes,2003,..
03,"Asturias, Principado de",Pérdidas aparentes,2002,..
03,"Asturias, Principado de",Pérdidas aparentes,2001,..
03,"Asturias, Principado de",Pérdidas aparentes,2000,..
04,"Balears, Illes",Volumen de agua suministrada a la red de abastecimiento público,2022,110.449
04,"Balears, Illes",Volumen de agua suministrada a la red de abastecimiento público,2020,111.137
04,"Balears, Illes",Volumen de agua suministrada a la red de abastecimiento público,2018,113.624
04,"Balears, Illes",Volumen de agua suministrada a la red de abastecimiento público,2016,125.540
04,"Balears, Illes",Volumen de agua suministrada a la red de abastecimiento público,2014,111.288
04,"Balears, Illes",Volumen de agua suministrada a la red de abastecimiento público,2013,109.278
04,"Balears, Illes",Volumen de agua suministrada a la red de abastecimiento público,2012,106.795
04,"Balears, Illes",Volumen de agua suministrada a la red de abastecimiento público,2011,101.573
04,"Balears, Illes",Volumen de agua suministrada a la red de abastecimiento público,2010,98.771
04,"Balears, Illes",Volumen de agua suministrada a la red de abastecimiento público,2009,107.954
04,"Balears, Illes",Volumen de agua suministrada a la red de abastecimiento público,2008,113.558
04,"Balears, Illes",Volumen de agua suministrada a la red de abastecimiento público,2007,111.967
04,"Balears, Illes",Volumen de agua suministrada a la red de abastecimiento público,2006,118.920
04,"Balears, Illes",Volumen de agua suministrada a la red de abastecimiento público,2005,114.468
04,"Balears, Illes",Volumen de agua suministrada a la red de abastecimiento público,2004,120.070
04,"Balears, Illes",Volumen de agua suministrada a la red de abastecimiento público,2003,99.365
04,"Balears, Illes",Volumen de agua suministrada a la red de abastecimiento público,2002,93.538
04,"Balears, Illes",Volumen de agua suministrada a la red de abastecimiento público,2001,86.852
04,"Balears, Illes",Volumen de agua suministrada a la red de abastecimiento público,2000,87.460
04,"Balears, Illes",Volumen total de agua registrada y distribuida por tipo de usuario,2022,85.503
04,"Balears, Illes",Volumen total de agua registrada y distribuida por tipo de usuario,2020,82.743
04,"Balears, Illes",Volumen total de agua registrada y distribuida por tipo de usuario,2018,87.576
04,"Balears, Illes",Volumen total de agua registrada y distribuida por tipo de usuario,2016,94.235
04,"Balears, Illes",Volumen total de agua registrada y distribuida por tipo de usuario,2014,85.556
04,"Balears, Illes",Volumen total de agua registrada y distribuida por tipo de usuario,2013,84.969
04,"Balears, Illes",Volumen total de agua registrada y distribuida por tipo de usuario,2012,81.979
04,"Balears, Illes",Volumen total de agua registrada y distribuida por tipo de usuario,2011,74.509
04,"Balears, Illes",Volumen total de agua registrada y distribuida por tipo de usuario,2010,73.902
04,"Balears, Illes",Volumen total de agua registrada y distribuida por tipo de usuario,2009,81.702
04,"Balears, Illes",Volumen total de agua registrada y distribuida por tipo de usuario,2008,88.749
04,"Balears, Illes",Volumen total de agua registrada y distribuida por tipo de usuario,2007,86.057
04,"Balears, Illes",Volumen total de agua registrada y distribuida por tipo de usuario,2006,95.743
04,"Balears, Illes",Volumen total de agua registrada y distribuida por tipo de usuario,2005,91.401
04,"Balears, Illes",Volumen total de agua registrada y distribuida por tipo de usuario,2004,92.477
04,"Balears, Illes",Volumen total de agua registrada y distribuida por tipo de usuario,2003,77.408
04,"Balears, Illes",Volumen total de agua registrada y distribuida por tipo de usuario,2002,71.792
04,"Balears, Illes",Volumen total de agua registrada y distribuida por tipo de usuario,2001,65.706
04,"Balears, Illes",Volumen total de agua registrada y distribuida por tipo de usuario,2000,67.421
04,"Balears, Illes",Volumen de agua no registrada,2022,24.947
04,"Balears, Illes",Volumen de agua no registrada,2020,28.394
04,"Balears, Illes",Volumen de agua no registrada,2018,26.048
04,"Balears, Illes",Volumen de agua no registrada,2016,31.305
04,"Balears, Illes",Volumen de agua no registrada,2014,25.732
04,"Balears, Illes",Volumen de agua no registrada,2013,24.309
04,"Balears, Illes",Volumen de agua no registrada,2012,24.816
04,"Balears, Illes",Volumen de agua no registrada,2011,27.064
04,"Balears, Illes",Volumen de agua no registrada,2010,24.869
04,"Balears, Illes",Volumen de agua no registrada,2009,26.252
04,"Balears, Illes",Volumen de agua no registrada,2008,24.809
04,"Balears, Illes",Volumen de agua no registrada,2007,25.910
04,"Balears, Illes",Volumen de agua no registrada,2006,..
04,"Balears, Illes",Volumen de agua no registrada,2005,..
04,"Balears, Illes",Volumen de agua no registrada,2004,..
04,"Balears, Illes",Volumen de agua no registrada,2003,..
04,"Balears, Illes",Volumen de agua no registrada,2002,..
04,"Balears, Illes",Volumen de agua no registrada,2001,..
04,"Balears, Illes",Volumen de agua no registrada,2000,..
04,"Balears, Illes",Pérdidas reales,2022,18.066
04,"Balears, Illes",Pérdidas reales,2020,20.049
04,"Balears, Illes",Pérdidas reales,2018,20.150
04,"Balears, Illes",Pérdidas reales,2016,22.852
04,"Balears, Illes",Pérdidas reales,2014,18.579
04,"Balears, Illes",Pérdidas reales,2013,17.138
04,"Balears, Illes",Pérdidas reales,2012,18.364
04,"Balears, Illes",Pérdidas reales,2011,19.051
04,"Balears, Illes",Pérdidas reales,2010,16.662
04,"Balears, Illes",Pérdidas reales,2009,17.326
04,"Balears, Illes",Pérdidas reales,2008,16.622
04,"Balears, Illes",Pérdidas reales,2007,15.428
04,"Balears, Illes",Pérdidas reales,2006,23.177
04,"Balears, Illes",Pérdidas reales,2005,23.067
04,"Balears, Illes",Pérdidas reales,2004,27.593
04,"Balears, Illes",Pérdidas reales,2003,21.957
04,"Balears, Illes",Pérdidas reales,2002,21.746
04,"Balears, Illes",Pérdidas reales,2001,21.146
04,"Balears, Illes",Pérdidas reales,2000,20.039
04,"Balears, Illes",Pérdidas aparentes,2022,6.881
04,"Balears, Illes",Pérdidas aparentes,2020,8.345
04,"Balears, Illes",Pérdidas aparentes,2018,5.898
04,"Balears, Illes",Pérdidas aparentes,2016,8.453
04,"Balears, Illes",Pérdidas aparentes,2014,7.153
04,"Balears, Illes",Pérdidas aparentes,2013,7.171
04,"Balears, Illes",Pérdidas aparentes,2012,6.452
04,"Balears, Illes",Pérdidas aparentes,2011,8.013
04,"Balears, Illes",Pérdidas aparentes,2010,8.207
04,"Balears, Illes",Pérdidas aparentes,2009,8.926
04,"Balears, Illes",Pérdidas aparentes,2008,8.187
04,"Balears, Illes",Pérdidas aparentes,2007,10.482
04,"Balears, Illes",Pérdidas aparentes,2006,..
04,"Balears, Illes",Pérdidas aparentes,2005,..
04,"Balears, Illes",Pérdidas aparentes,2004,..
04,"Balears, Illes",Pérdidas aparentes,2003,..
04,"Balears, Illes",Pérdidas aparentes,2002,..
04,"Balears, Illes",Pérdidas aparentes,2001,..
04,"Balears, Illes",Pérdidas aparentes,2000,..
05,Canarias,Volumen de agua suministrada a la red de abastecimiento público,2022,189.423
05,Canarias,Volumen de agua suministrada a la red de abastecimiento público,2020,211.724
05,Canarias,Volumen de agua suministrada a la red de abastecimiento público,2018,212.814
05,Canarias,Volumen de agua suministrada a la red de abastecimiento público,2016,226.846
05,Canarias,Volumen de agua suministrada a la red de abastecimiento público,2014,203.906
05,Canarias,Volumen de agua suministrada a la red de abastecimiento público,2013,220.094
05,Canarias,Volumen de agua suministrada a la red de abastecimiento público,2012,226.587
05,Canarias,Volumen de agua suministrada a la red de abastecimiento público,2011,218.420
05,Canarias,Volumen de agua suministrada a la red de abastecimiento público,2010,202.786
05,Canarias,Volumen de agua suministrada a la red de abastecimiento público,2009,212.011
05,Canarias,Volumen de agua suministrada a la red de abastecimiento público,2008,243.050
05,Canarias,Volumen de agua suministrada a la red de abastecimiento público,2007,237.488
05,Canarias,Volumen de agua suministrada a la red de abastecimiento público,2006,188.311
05,Canarias,Volumen de agua suministrada a la red de abastecimiento público,2005,232.225
05,Canarias,Volumen de agua suministrada a la red de abastecimiento público,2004,219.781
05,Canarias,Volumen de agua suministrada a la red de abastecimiento público,2003,190.554
05,Canarias,Volumen de agua suministrada a la red de abastecimiento público,2002,185.286
05,Canarias,Volumen de agua suministrada a la red de abastecimiento público,2001,171.068
05,Canarias,Volumen de agua suministrada a la red de abastecimiento público,2000,176.905
05,Canarias,Volumen total de agua registrada y distribuida por tipo de usuario,2022,135.722
05,Canarias,Volumen total de agua registrada y distribuida por tipo de usuario,2020,141.190
05,Canarias,Volumen total de agua registrada y distribuida por tipo de usuario,2018,147.470
05,Canarias,Volumen total de agua registrada y distribuida por tipo de usuario,2016,157.510
05,Canarias,Volumen total de agua registrada y distribuida por tipo de usuario,2014,144.545
05,Canarias,Volumen total de agua registrada y distribuida por tipo de usuario,2013,158.521
05,Canarias,Volumen total de agua registrada y distribuida por tipo de usuario,2012,162.915
05,Canarias,Volumen total de agua registrada y distribuida por tipo de usuario,2011,159.714
05,Canarias,Volumen total de agua registrada y distribuida por tipo de usuario,2010,154.426
05,Canarias,Volumen total de agua registrada y distribuida por tipo de usuario,2009,153.904
05,Canarias,Volumen total de agua registrada y distribuida por tipo de usuario,2008,180.215
05,Canarias,Volumen total de agua registrada y distribuida por tipo de usuario,2007,178.337
05,Canarias,Volumen total de agua registrada y distribuida por tipo de usuario,2006,154.152
05,Canarias,Volumen total de agua registrada y distribuida por tipo de usuario,2005,186.012
05,Canarias,Volumen total de agua registrada y distribuida por tipo de usuario,2004,177.253
05,Canarias,Volumen total de agua registrada y distribuida por tipo de usuario,2003,155.613
05,Canarias,Volumen total de agua registrada y distribuida por tipo de usuario,2002,150.177
05,Canarias,Volumen total de agua registrada y distribuida por tipo de usuario,2001,132.590
05,Canarias,Volumen total de agua registrada y distribuida por tipo de usuario,2000,138.035
05,Canarias,Volumen de agua no registrada,2022,53.701
05,Canarias,Volumen de agua no registrada,2020,70.534
05,Canarias,Volumen de agua no registrada,2018,65.344
05,Canarias,Volumen de agua no registrada,2016,69.336
05,Canarias,Volumen de agua no registrada,2014,59.361
05,Canarias,Volumen de agua no registrada,2013,61.573
05,Canarias,Volumen de agua no registrada,2012,63.672
05,Canarias,Volumen de agua no registrada,2011,58.706
05,Canarias,Volumen de agua no registrada,2010,48.360
05,Canarias,Volumen de agua no registrada,2009,58.107
05,Canarias,Volumen de agua no registrada,2008,62.835
05,Canarias,Volumen de agua no registrada,2007,59.151
05,Canarias,Volumen de agua no registrada,2006,..
05,Canarias,Volumen de agua no registrada,2005,..
05,Canarias,Volumen de agua no registrada,2004,..
05,Canarias,Volumen de agua no registrada,2003,..
05,Canarias,Volumen de agua no registrada,2002,..
05,Canarias,Volumen de agua no registrada,2001,..
05,Canarias,Volumen de agua no registrada,2000,..
05,Canarias,Pérdidas reales,2022,41.623
05,Canarias,Pérdidas reales,2020,51.585
05,Canarias,Pérdidas reales,2018,50.896
05,Canarias,Pérdidas reales,2016,52.254
05,Canarias,Pérdidas reales,2014,41.315
05,Canarias,Pérdidas reales,2013,44.394
05,Canarias,Pérdidas reales,2012,43.934
05,Canarias,Pérdidas reales,2011,46.378
05,Canarias,Pérdidas reales,2010,43.040
05,Canarias,Pérdidas reales,2009,49.196
05,Canarias,Pérdidas reales,2008,51.525
05,Canarias,Pérdidas reales,2007,48.881
05,Canarias,Pérdidas reales,2006,34.159
05,Canarias,Pérdidas reales,2005,46.213
05,Canarias,Pérdidas reales,2004,42.528
05,Canarias,Pérdidas reales,2003,34.941
05,Canarias,Pérdidas reales,2002,35.109
05,Canarias,Pérdidas reales,2001,38.478
05,Canarias,Pérdidas reales,2000,38.870
05,Canarias,Pérdidas aparentes,2022,12.078
05,Canarias,Pérdidas aparentes,2020,18.949
05,Canarias,Pérdidas aparentes,2018,14.448
05,Canarias,Pérdidas aparentes,2016,17.082
05,Canarias,Pérdidas aparentes,2014,18.046
05,Canarias,Pérdidas aparentes,2013,17.179
05,Canarias,Pérdidas aparentes,2012,19.738
05,Canarias,Pérdidas aparentes,2011,12.328
05,Canarias,Pérdidas aparentes,2010,5.320
05,Canarias,Pérdidas aparentes,2009,8.911
05,Canarias,Pérdidas aparentes,2008,11.310
05,Canarias,Pérdidas aparentes,2007,10.270
05,Canarias,Pérdidas aparentes,2006,..
05,Canarias,Pérdidas aparentes,2005,..
05,Canarias,Pérdidas aparentes,2004,..
05,Canarias,Pérdidas aparentes,2003,..
05,Canarias,Pérdidas aparentes,2002,..
05,Canarias,Pérdidas aparentes,2001,..
05,Canarias,Pérdidas aparentes,2000,..
06,Cantabria,Volumen de agua suministrada a la red de abastecimiento público,2022,76.788
06,Cantabria,Volumen de agua suministrada a la red de abastecimiento público,2020,70.734
06,Cantabria,Volumen de agua suministrada a la red de abastecimiento público,2018,72.627
06,Cantabria,Volumen de agua suministrada a la red de abastecimiento público,2016,75.597
06,Cantabria,Volumen de agua suministrada a la red de abastecimiento público,2014,74.310
06,Cantabria,Volumen de agua suministrada a la red de abastecimiento público,2013,72.079
06,Cantabria,Volumen de agua suministrada a la red de abastecimiento público,2012,74.601
06,Cantabria,Volumen de agua suministrada a la red de abastecimiento público,2011,77.555
06,Cantabria,Volumen de agua suministrada a la red de abastecimiento público,2010,75.132
06,Cantabria,Volumen de agua suministrada a la red de abastecimiento público,2009,74.916
06,Cantabria,Volumen de agua suministrada a la red de abastecimiento público,2008,81.147
06,Cantabria,Volumen de agua suministrada a la red de abastecimiento público,2007,77.663
06,Cantabria,Volumen de agua suministrada a la red de abastecimiento público,2006,87.182
06,Cantabria,Volumen de agua suministrada a la red de abastecimiento público,2005,80.620
06,Cantabria,Volumen de agua suministrada a la red de abastecimiento público,2004,77.383
06,Cantabria,Volumen de agua suministrada a la red de abastecimiento público,2003,77.712
06,Cantabria,Volumen de agua suministrada a la red de abastecimiento público,2002,81.280
06,Cantabria,Volumen de agua suministrada a la red de abastecimiento público,2001,82.135
06,Cantabria,Volumen de agua suministrada a la red de abastecimiento público,2000,79.578
06,Cantabria,Volumen total de agua registrada y distribuida por tipo de usuario,2022,51.850
06,Cantabria,Volumen total de agua registrada y distribuida por tipo de usuario,2020,49.457
06,Cantabria,Volumen total de agua registrada y distribuida por tipo de usuario,2018,46.548
06,Cantabria,Volumen total de agua registrada y distribuida por tipo de usuario,2016,45.482
06,Cantabria,Volumen total de agua registrada y distribuida por tipo de usuario,2014,48.087
06,Cantabria,Volumen total de agua registrada y distribuida por tipo de usuario,2013,47.767
06,Cantabria,Volumen total de agua registrada y distribuida por tipo de usuario,2012,50.748
06,Cantabria,Volumen total de agua registrada y distribuida por tipo de usuario,2011,50.029
06,Cantabria,Volumen total de agua registrada y distribuida por tipo de usuario,2010,51.180
06,Cantabria,Volumen total de agua registrada y distribuida por tipo de usuario,2009,53.233
06,Cantabria,Volumen total de agua registrada y distribuida por tipo de usuario,2008,59.603
06,Cantabria,Volumen total de agua registrada y distribuida por tipo de usuario,2007,56.060
06,Cantabria,Volumen total de agua registrada y distribuida por tipo de usuario,2006,65.550
06,Cantabria,Volumen total de agua registrada y distribuida por tipo de usuario,2005,64.232
06,Cantabria,Volumen total de agua registrada y distribuida por tipo de usuario,2004,61.406
06,Cantabria,Volumen total de agua registrada y distribuida por tipo de usuario,2003,68.854
06,Cantabria,Volumen total de agua registrada y distribuida por tipo de usuario,2002,65.713
06,Cantabria,Volumen total de agua registrada y distribuida por tipo de usuario,2001,65.920
06,Cantabria,Volumen total de agua registrada y distribuida por tipo de usuario,2000,64.026
06,Cantabria,Volumen de agua no registrada,2022,24.937
06,Cantabria,Volumen de agua no registrada,2020,21.277
06,Cantabria,Volumen de agua no registrada,2018,26.079
06,Cantabria,Volumen de agua no registrada,2016,30.115
06,Cantabria,Volumen de agua no registrada,2014,26.223
06,Cantabria,Volumen de agua no registrada,2013,24.312
06,Cantabria,Volumen de agua no registrada,2012,23.853
06,Cantabria,Volumen de agua no registrada,2011,27.526
06,Cantabria,Volumen de agua no registrada,2010,23.952
06,Cantabria,Volumen de agua no registrada,2009,21.683
06,Cantabria,Volumen de agua no registrada,2008,21.544
06,Cantabria,Volumen de agua no registrada,2007,21.603
06,Cantabria,Volumen de agua no registrada,2006,..
06,Cantabria,Volumen de agua no registrada,2005,..
06,Cantabria,Volumen de agua no registrada,2004,..
06,Cantabria,Volumen de agua no registrada,2003,..
06,Cantabria,Volumen de agua no registrada,2002,..
06,Cantabria,Volumen de agua no registrada,2001,..
06,Cantabria,Volumen de agua no registrada,2000,..
06,Cantabria,Pérdidas reales,2022,18.377
06,Cantabria,Pérdidas reales,2020,14.449
06,Cantabria,Pérdidas reales,2018,18.156
06,Cantabria,Pérdidas reales,2016,23.068
06,Cantabria,Pérdidas reales,2014,18.645
06,Cantabria,Pérdidas reales,2013,18.745
06,Cantabria,Pérdidas reales,2012,18.605
06,Cantabria,Pérdidas reales,2011,21.746
06,Cantabria,Pérdidas reales,2010,19.880
06,Cantabria,Pérdidas reales,2009,15.059
06,Cantabria,Pérdidas reales,2008,14.004
06,Cantabria,Pérdidas reales,2007,13.827
06,Cantabria,Pérdidas reales,2006,21.632
06,Cantabria,Pérdidas reales,2005,16.388
06,Cantabria,Pérdidas reales,2004,15.977
06,Cantabria,Pérdidas reales,2003,8.858
06,Cantabria,Pérdidas reales,2002,15.567
06,Cantabria,Pérdidas reales,2001,16.215
06,Cantabria,Pérdidas reales,2000,15.552
06,Cantabria,Pérdidas aparentes,2022,6.560
06,Cantabria,Pérdidas aparentes,2020,6.828
06,Cantabria,Pérdidas aparentes,2018,7.923
06,Cantabria,Pérdidas aparentes,2016,7.047
06,Cantabria,Pérdidas aparentes,2014,7.578
06,Cantabria,Pérdidas aparentes,2013,5.567
06,Cantabria,Pérdidas aparentes,2012,5.248
06,Cantabria,Pérdidas aparentes,2011,5.780
06,Cantabria,Pérdidas aparentes,2010,4.072
06,Cantabria,Pérdidas aparentes,2009,6.624
06,Cantabria,Pérdidas aparentes,2008,7.540
06,Cantabria,Pérdidas aparentes,2007,7.776
06,Cantabria,Pérdidas aparentes,2006,..
06,Cantabria,Pérdidas aparentes,2005,..
06,Cantabria,Pérdidas aparentes,2004,..
06,Cantabria,Pérdidas aparentes,2003,..
06,Cantabria,Pérdidas aparentes,2002,..
06,Cantabria,Pérdidas aparentes,2001,..
06,Cantabria,Pérdidas aparentes,2000,..
07,Castilla y León,Volumen de agua suministrada a la red de abastecimiento público,2022,257.676
07,Castilla y León,Volumen de agua suministrada a la red de abastecimiento público,2020,249.301
07,Castilla y León,Volumen de agua suministrada a la red de abastecimiento público,2018,246.976
07,Castilla y León,Volumen de agua suministrada a la red de abastecimiento público,2016,267.380
07,Castilla y León,Volumen de agua suministrada a la red de abastecimiento público,2014,298.613
07,Castilla y León,Volumen de agua suministrada a la red de abastecimiento público,2013,290.043
07,Castilla y León,Volumen de agua suministrada a la red de abastecimiento público,2012,296.003
07,Castilla y León,Volumen de agua suministrada a la red de abastecimiento público,2011,310.311
07,Castilla y León,Volumen de agua suministrada a la red de abastecimiento público,2010,320.536
07,Castilla y León,Volumen de agua suministrada a la red de abastecimiento público,2009,291.917
07,Castilla y León,Volumen de agua suministrada a la red de abastecimiento público,2008,292.443
07,Castilla y León,Volumen de agua suministrada a la red de abastecimiento público,2007,290.794
07,Castilla y León,Volumen de agua suministrada a la red de abastecimiento público,2006,278.719
07,Castilla y León,Volumen de agua suministrada a la red de abastecimiento público,2005,296.803
07,Castilla y León,Volumen de agua suministrada a la red de abastecimiento público,2004,320.497
07,Castilla y León,Volumen de agua suministrada a la red de abastecimiento público,2003,337.720
07,Castilla y León,Volumen de agua suministrada a la red de abastecimiento público,2002,323.775
07,Castilla y León,Volumen de agua suministrada a la red de abastecimiento público,2001,322.689
07,Castilla y León,Volumen de agua suministrada a la red de abastecimiento público,2000,340.193
07,Castilla y León,Volumen total de agua registrada y distribuida por tipo de usuario,2022,190.503
07,Castilla y León,Volumen total de agua registrada y distribuida por tipo de usuario,2020,187.076
07,Castilla y León,Volumen total de agua registrada y distribuida por tipo de usuario,2018,185.204
07,Castilla y León,Volumen total de agua registrada y distribuida por tipo de usuario,2016,192.215
07,Castilla y León,Volumen total de agua registrada y distribuida por tipo de usuario,2014,228.279
07,Castilla y León,Volumen total de agua registrada y distribuida por tipo de usuario,2013,213.035
07,Castilla y León,Volumen total de agua registrada y distribuida por tipo de usuario,2012,212.398
07,Castilla y León,Volumen total de agua registrada y distribuida por tipo de usuario,2011,227.831
07,Castilla y León,Volumen total de agua registrada y distribuida por tipo de usuario,2010,221.573
07,Castilla y León,Volumen total de agua registrada y distribuida por tipo de usuario,2009,200.351
07,Castilla y León,Volumen total de agua registrada y distribuida por tipo de usuario,2008,207.324
07,Castilla y León,Volumen total de agua registrada y distribuida por tipo de usuario,2007,198.864
07,Castilla y León,Volumen total de agua registrada y distribuida por tipo de usuario,2006,230.402
07,Castilla y León,Volumen total de agua registrada y distribuida por tipo de usuario,2005,239.186
07,Castilla y León,Volumen total de agua registrada y distribuida por tipo de usuario,2004,254.701
07,Castilla y León,Volumen total de agua registrada y distribuida por tipo de usuario,2003,286.555
07,Castilla y León,Volumen total de agua registrada y distribuida por tipo de usuario,2002,260.522
07,Castilla y León,Volumen total de agua registrada y distribuida por tipo de usuario,2001,247.080
07,Castilla y León,Volumen total de agua registrada y distribuida por tipo de usuario,2000,264.330
07,Castilla y León,Volumen de agua no registrada,2022,67.172
07,Castilla y León,Volumen de agua no registrada,2020,62.225
07,Castilla y León,Volumen de agua no registrada,2018,61.772
07,Castilla y León,Volumen de agua no registrada,2016,75.165
07,Castilla y León,Volumen de agua no registrada,2014,70.334
07,Castilla y León,Volumen de agua no registrada,2013,77.008
07,Castilla y León,Volumen de agua no registrada,2012,83.605
07,Castilla y León,Volumen de agua no registrada,2011,82.480
07,Castilla y León,Volumen de agua no registrada,2010,98.963
07,Castilla y León,Volumen de agua no registrada,2009,91.566
07,Castilla y León,Volumen de agua no registrada,2008,85.119
07,Castilla y León,Volumen de agua no registrada,2007,91.930
07,Castilla y León,Volumen de agua no registrada,2006,..
07,Castilla y León,Volumen de agua no registrada,2005,..
07,Castilla y León,Volumen de agua no registrada,2004,..
07,Castilla y León,Volumen de agua no registrada,2003,..
07,Castilla y León,Volumen de agua no registrada,2002,..
07,Castilla y León,Volumen de agua no registrada,2001,..
07,Castilla y León,Volumen de agua no registrada,2000,..
07,Castilla y León,Pérdidas reales,2022,43.641
07,Castilla y León,Pérdidas reales,2020,37.464
07,Castilla y León,Pérdidas reales,2018,41.263
07,Castilla y León,Pérdidas reales,2016,42.618
07,Castilla y León,Pérdidas reales,2014,49.374
07,Castilla y León,Pérdidas reales,2013,58.338
07,Castilla y León,Pérdidas reales,2012,50.999
07,Castilla y León,Pérdidas reales,2011,63.510
07,Castilla y León,Pérdidas reales,2010,65.316
07,Castilla y León,Pérdidas reales,2009,62.265
07,Castilla y León,Pérdidas reales,2008,57.030
07,Castilla y León,Pérdidas reales,2007,51.021
07,Castilla y León,Pérdidas reales,2006,48.317
07,Castilla y León,Pérdidas reales,2005,57.617
07,Castilla y León,Pérdidas reales,2004,65.796
07,Castilla y León,Pérdidas reales,2003,51.165
07,Castilla y León,Pérdidas reales,2002,63.253
07,Castilla y León,Pérdidas reales,2001,75.609
07,Castilla y León,Pérdidas reales,2000,75.863
07,Castilla y León,Pérdidas aparentes,2022,23.531
07,Castilla y León,Pérdidas aparentes,2020,24.761
07,Castilla y León,Pérdidas aparentes,2018,20.509
07,Castilla y León,Pérdidas aparentes,2016,32.547
07,Castilla y León,Pérdidas aparentes,2014,20.960
07,Castilla y León,Pérdidas aparentes,2013,18.670
07,Castilla y León,Pérdidas aparentes,2012,32.606
07,Castilla y León,Pérdidas aparentes,2011,18.970
07,Castilla y León,Pérdidas aparentes,2010,33.647
07,Castilla y León,Pérdidas aparentes,2009,29.301
07,Castilla y León,Pérdidas aparentes,2008,28.089
07,Castilla y León,Pérdidas aparentes,2007,40.909
07,Castilla y León,Pérdidas aparentes,2006,..
07,Castilla y León,Pérdidas aparentes,2005,..
07,Castilla y León,Pérdidas aparentes,2004,..
07,Castilla y León,Pérdidas aparentes,2003,..
07,Castilla y León,Pérdidas aparentes,2002,..
07,Castilla y León,Pérdidas aparentes,2001,..
07,Castilla y León,Pérdidas aparentes,2000,..
08,Castilla - La Mancha,Volumen de agua suministrada a la red de abastecimiento público,2022,214.865
08,Castilla - La Mancha,Volumen de agua suministrada a la red de abastecimiento público,2020,209.258
08,Castilla - La Mancha,Volumen de agua suministrada a la red de abastecimiento público,2018,203.968
08,Castilla - La Mancha,Volumen de agua suministrada a la red de abastecimiento público,2016,201.973
08,Castilla - La Mancha,Volumen de agua suministrada a la red de abastecimiento público,2014,200.063
08,Castilla - La Mancha,Volumen de agua suministrada a la red de abastecimiento público,2013,213.752
08,Castilla - La Mancha,Volumen de agua suministrada a la red de abastecimiento público,2012,203.867
08,Castilla - La Mancha,Volumen de agua suministrada a la red de abastecimiento público,2011,212.842
08,Castilla - La Mancha,Volumen de agua suministrada a la red de abastecimiento público,2010,205.723
08,Castilla - La Mancha,Volumen de agua suministrada a la red de abastecimiento público,2009,209.883
08,Castilla - La Mancha,Volumen de agua suministrada a la red de abastecimiento público,2008,214.187
08,Castilla - La Mancha,Volumen de agua suministrada a la red de abastecimiento público,2007,220.255
08,Castilla - La Mancha,Volumen de agua suministrada a la red de abastecimiento público,2006,207.653
08,Castilla - La Mancha,Volumen de agua suministrada a la red de abastecimiento público,2005,211.013
08,Castilla - La Mancha,Volumen de agua suministrada a la red de abastecimiento público,2004,206.968
08,Castilla - La Mancha,Volumen de agua suministrada a la red de abastecimiento público,2003,218.511
08,Castilla - La Mancha,Volumen de agua suministrada a la red de abastecimiento público,2002,194.652
08,Castilla - La Mancha,Volumen de agua suministrada a la red de abastecimiento público,2001,208.574
08,Castilla - La Mancha,Volumen de agua suministrada a la red de abastecimiento público,2000,206.325
08,Castilla - La Mancha,Volumen total de agua registrada y distribuida por tipo de usuario,2022,133.245
08,Castilla - La Mancha,Volumen total de agua registrada y distribuida por tipo de usuario,2020,143.427
08,Castilla - La Mancha,Volumen total de agua registrada y distribuida por tipo de usuario,2018,143.020
08,Castilla - La Mancha,Volumen total de agua registrada y distribuida por tipo de usuario,2016,149.899
08,Castilla - La Mancha,Volumen total de agua registrada y distribuida por tipo de usuario,2014,147.301
08,Castilla - La Mancha,Volumen total de agua registrada y distribuida por tipo de usuario,2013,160.503
08,Castilla - La Mancha,Volumen total de agua registrada y distribuida por tipo de usuario,2012,150.879
08,Castilla - La Mancha,Volumen total de agua registrada y distribuida por tipo de usuario,2011,156.224
08,Castilla - La Mancha,Volumen total de agua registrada y distribuida por tipo de usuario,2010,142.725
08,Castilla - La Mancha,Volumen total de agua registrada y distribuida por tipo de usuario,2009,149.213
08,Castilla - La Mancha,Volumen total de agua registrada y distribuida por tipo de usuario,2008,158.675
08,Castilla - La Mancha,Volumen total de agua registrada y distribuida por tipo de usuario,2007,163.626
08,Castilla - La Mancha,Volumen total de agua registrada y distribuida por tipo de usuario,2006,168.806
08,Castilla - La Mancha,Volumen total de agua registrada y distribuida por tipo de usuario,2005,173.256
08,Castilla - La Mancha,Volumen total de agua registrada y distribuida por tipo de usuario,2004,168.897
08,Castilla - La Mancha,Volumen total de agua registrada y distribuida por tipo de usuario,2003,175.685
08,Castilla - La Mancha,Volumen total de agua registrada y distribuida por tipo de usuario,2002,159.438
08,Castilla - La Mancha,Volumen total de agua registrada y distribuida por tipo de usuario,2001,172.358
08,Castilla - La Mancha,Volumen total de agua registrada y distribuida por tipo de usuario,2000,172.367
08,Castilla - La Mancha,Volumen de agua no registrada,2022,81.620
08,Castilla - La Mancha,Volumen de agua no registrada,2020,65.831
08,Castilla - La Mancha,Volumen de agua no registrada,2018,60.948
08,Castilla - La Mancha,Volumen de agua no registrada,2016,52.074
08,Castilla - La Mancha,Volumen de agua no registrada,2014,52.762
08,Castilla - La Mancha,Volumen de agua no registrada,2013,53.249
08,Castilla - La Mancha,Volumen de agua no registrada,2012,52.988
08,Castilla - La Mancha,Volumen de agua no registrada,2011,56.618
08,Castilla - La Mancha,Volumen de agua no registrada,2010,62.998
08,Castilla - La Mancha,Volumen de agua no registrada,2009,60.670
08,Castilla - La Mancha,Volumen de agua no registrada,2008,55.512
08,Castilla - La Mancha,Volumen de agua no registrada,2007,56.629
08,Castilla - La Mancha,Volumen de agua no registrada,2006,..
08,Castilla - La Mancha,Volumen de agua no registrada,2005,..
08,Castilla - La Mancha,Volumen de agua no registrada,2004,..
08,Castilla - La Mancha,Volumen de agua no registrada,2003,..
08,Castilla - La Mancha,Volumen de agua no registrada,2002,..
08,Castilla - La Mancha,Volumen de agua no registrada,2001,..
08,Castilla - La Mancha,Volumen de agua no registrada,2000,..
08,Castilla - La Mancha,Pérdidas reales,2022,50.386
08,Castilla - La Mancha,Pérdidas reales,2020,44.852
08,Castilla - La Mancha,Pérdidas reales,2018,41.749
08,Castilla - La Mancha,Pérdidas reales,2016,34.403
08,Castilla - La Mancha,Pérdidas reales,2014,38.041
08,Castilla - La Mancha,Pérdidas reales,2013,35.642
08,Castilla - La Mancha,Pérdidas reales,2012,41.331
08,Castilla - La Mancha,Pérdidas reales,2011,50.390
08,Castilla - La Mancha,Pérdidas reales,2010,51.028
08,Castilla - La Mancha,Pérdidas reales,2009,50.356
08,Castilla - La Mancha,Pérdidas reales,2008,41.634
08,Castilla - La Mancha,Pérdidas reales,2007,32.670
08,Castilla - La Mancha,Pérdidas reales,2006,38.847
08,Castilla - La Mancha,Pérdidas reales,2005,37.757
08,Castilla - La Mancha,Pérdidas reales,2004,38.071
08,Castilla - La Mancha,Pérdidas reales,2003,42.826
08,Castilla - La Mancha,Pérdidas reales,2002,35.214
08,Castilla - La Mancha,Pérdidas reales,2001,36.216
08,Castilla - La Mancha,Pérdidas reales,2000,33.958
08,Castilla - La Mancha,Pérdidas aparentes,2022,31.233
08,Castilla - La Mancha,Pérdidas aparentes,2020,20.979
08,Castilla - La Mancha,Pérdidas aparentes,2018,19.199
08,Castilla - La Mancha,Pérdidas aparentes,2016,17.671
08,Castilla - La Mancha,Pérdidas aparentes,2014,14.721
08,Castilla - La Mancha,Pérdidas aparentes,2013,17.607
08,Castilla - La Mancha,Pérdidas aparentes,2012,11.657
08,Castilla - La Mancha,Pérdidas aparentes,2011,6.228
08,Castilla - La Mancha,Pérdidas aparentes,2010,11.970
08,Castilla - La Mancha,Pérdidas aparentes,2009,10.314
08,Castilla - La Mancha,Pérdidas aparentes,2008,13.878
08,Castilla - La Mancha,Pérdidas aparentes,2007,23.959
08,Castilla - La Mancha,Pérdidas aparentes,2006,..
08,Castilla - La Mancha,Pérdidas aparentes,2005,..
08,Castilla - La Mancha,Pérdidas aparentes,2004,..
08,Castilla - La Mancha,Pérdidas aparentes,2003,..
08,Castilla - La Mancha,Pérdidas aparentes,2002,..
08,Castilla - La Mancha,Pérdidas aparentes,2001,..
08,Castilla - La Mancha,Pérdidas aparentes,2000,..
09,Cataluña,Volumen de agua suministrada a la red de abastecimiento público,2022,572.779
09,Cataluña,Volumen de agua suministrada a la red de abastecimiento público,2020,598.753
09,Cataluña,Volumen de agua suministrada a la red de abastecimiento público,2018,602.061
09,Cataluña,Volumen de agua suministrada a la red de abastecimiento público,2016,617.843
09,Cataluña,Volumen de agua suministrada a la red de abastecimiento público,2014,592.090
09,Cataluña,Volumen de agua suministrada a la red de abastecimiento público,2013,616.236
09,Cataluña,Volumen de agua suministrada a la red de abastecimiento público,2012,648.762
09,Cataluña,Volumen de agua suministrada a la red de abastecimiento público,2011,655.712
09,Cataluña,Volumen de agua suministrada a la red de abastecimiento público,2010,672.603
09,Cataluña,Volumen de agua suministrada a la red de abastecimiento público,2009,666.180
09,Cataluña,Volumen de agua suministrada a la red de abastecimiento público,2008,720.433
09,Cataluña,Volumen de agua suministrada a la red de abastecimiento público,2007,776.156
09,Cataluña,Volumen de agua suministrada a la red de abastecimiento público,2006,697.384
09,Cataluña,Volumen de agua suministrada a la red de abastecimiento público,2005,651.999
09,Cataluña,Volumen de agua suministrada a la red de abastecimiento público,2004,691.245
09,Cataluña,Volumen de agua suministrada a la red de abastecimiento público,2003,736.346
09,Cataluña,Volumen de agua suministrada a la red de abastecimiento público,2002,772.319
09,Cataluña,Volumen de agua suministrada a la red de abastecimiento público,2001,780.275
09,Cataluña,Volumen de agua suministrada a la red de abastecimiento público,2000,824.762
09,Cataluña,Volumen total de agua registrada y distribuida por tipo de usuario,2022,445.432
09,Cataluña,Volumen total de agua registrada y distribuida por tipo de usuario,2020,454.227
09,Cataluña,Volumen total de agua registrada y distribuida por tipo de usuario,2018,467.324
09,Cataluña,Volumen total de agua registrada y distribuida por tipo de usuario,2016,465.434
09,Cataluña,Volumen total de agua registrada y distribuida por tipo de usuario,2014,457.383
09,Cataluña,Volumen total de agua registrada y distribuida por tipo de usuario,2013,461.504
09,Cataluña,Volumen total de agua registrada y distribuida por tipo de usuario,2012,504.301
09,Cataluña,Volumen total de agua registrada y distribuida por tipo de usuario,2011,509.837
09,Cataluña,Volumen total de agua registrada y distribuida por tipo de usuario,2010,514.872
09,Cataluña,Volumen total de agua registrada y distribuida por tipo de usuario,2009,510.990
09,Cataluña,Volumen total de agua registrada y distribuida por tipo de usuario,2008,547.907
09,Cataluña,Volumen total de agua registrada y distribuida por tipo de usuario,2007,613.298
09,Cataluña,Volumen total de agua registrada y distribuida por tipo de usuario,2006,591.939
09,Cataluña,Volumen total de agua registrada y distribuida por tipo de usuario,2005,541.377
09,Cataluña,Volumen total de agua registrada y distribuida por tipo de usuario,2004,576.186
09,Cataluña,Volumen total de agua registrada y distribuida por tipo de usuario,2003,618.368
09,Cataluña,Volumen total de agua registrada y distribuida por tipo de usuario,2002,632.718
09,Cataluña,Volumen total de agua registrada y distribuida por tipo de usuario,2001,661.254
09,Cataluña,Volumen total de agua registrada y distribuida por tipo de usuario,2000,657.130
09,Cataluña,Volumen de agua no registrada,2022,127.347
09,Cataluña,Volumen de agua no registrada,2020,144.526
09,Cataluña,Volumen de agua no registrada,2018,134.737
09,Cataluña,Volumen de agua no registrada,2016,152.409
09,Cataluña,Volumen de agua no registrada,2014,134.707
09,Cataluña,Volumen de agua no registrada,2013,154.732
09,Cataluña,Volumen de agua no registrada,2012,144.461
09,Cataluña,Volumen de agua no registrada,2011,145.875
09,Cataluña,Volumen de agua no registrada,2010,157.731
09,Cataluña,Volumen de agua no registrada,2009,155.190
09,Cataluña,Volumen de agua no registrada,2008,172.526
09,Cataluña,Volumen de agua no registrada,2007,162.858
09,Cataluña,Volumen de agua no registrada,2006,..
09,Cataluña,Volumen de agua no registrada,2005,..
09,Cataluña,Volumen de agua no registrada,2004,..
09,Cataluña,Volumen de agua no registrada,2003,..
09,Cataluña,Volumen de agua no registrada,2002,..
09,Cataluña,Volumen de agua no registrada,2001,..
09,Cataluña,Volumen de agua no registrada,2000,..
09,Cataluña,Pérdidas reales,2022,74.138
09,Cataluña,Pérdidas reales,2020,85.852
09,Cataluña,Pérdidas reales,2018,82.484
09,Cataluña,Pérdidas reales,2016,89.616
09,Cataluña,Pérdidas reales,2014,66.545
09,Cataluña,Pérdidas reales,2013,71.950
09,Cataluña,Pérdidas reales,2012,88.895
09,Cataluña,Pérdidas reales,2011,94.819
09,Cataluña,Pérdidas reales,2010,102.525
09,Cataluña,Pérdidas reales,2009,100.873
09,Cataluña,Pérdidas reales,2008,108.691
09,Cataluña,Pérdidas reales,2007,120.341
09,Cataluña,Pérdidas reales,2006,105.445
09,Cataluña,Pérdidas reales,2005,110.622
09,Cataluña,Pérdidas reales,2004,115.059
09,Cataluña,Pérdidas reales,2003,117.978
09,Cataluña,Pérdidas reales,2002,139.601
09,Cataluña,Pérdidas reales,2001,119.021
09,Cataluña,Pérdidas reales,2000,167.632
09,Cataluña,Pérdidas aparentes,2022,53.208
09,Cataluña,Pérdidas aparentes,2020,58.674
09,Cataluña,Pérdidas aparentes,2018,52.253
09,Cataluña,Pérdidas aparentes,2016,62.793
09,Cataluña,Pérdidas aparentes,2014,68.162
09,Cataluña,Pérdidas aparentes,2013,82.782
09,Cataluña,Pérdidas aparentes,2012,55.566
09,Cataluña,Pérdidas aparentes,2011,51.056
09,Cataluña,Pérdidas aparentes,2010,55.206
09,Cataluña,Pérdidas aparentes,2009,54.317
09,Cataluña,Pérdidas aparentes,2008,63.835
09,Cataluña,Pérdidas aparentes,2007,42.517
09,Cataluña,Pérdidas aparentes,2006,..
09,Cataluña,Pérdidas aparentes,2005,..
09,Cataluña,Pérdidas aparentes,2004,..
09,Cataluña,Pérdidas aparentes,2003,..
09,Cataluña,Pérdidas aparentes,2002,..
09,Cataluña,Pérdidas aparentes,2001,..
09,Cataluña,Pérdidas aparentes,2000,..
10,Comunitat Valenciana,Volumen de agua suministrada a la red de abastecimiento público,2022,463.412
10,Comunitat Valenciana,Volumen de agua suministrada a la red de abastecimiento público,2020,503.786
10,Comunitat Valenciana,Volumen de agua suministrada a la red de abastecimiento público,2018,554.234
10,Comunitat Valenciana,Volumen de agua suministrada a la red de abastecimiento público,2016,486.313
10,Comunitat Valenciana,Volumen de agua suministrada a la red de abastecimiento público,2014,488.956
10,Comunitat Valenciana,Volumen de agua suministrada a la red de abastecimiento público,2013,481.587
10,Comunitat Valenciana,Volumen de agua suministrada a la red de abastecimiento público,2012,506.726
10,Comunitat Valenciana,Volumen de agua suministrada a la red de abastecimiento público,2011,485.022
10,Comunitat Valenciana,Volumen de agua suministrada a la red de abastecimiento público,2010,507.658
10,Comunitat Valenciana,Volumen de agua suministrada a la red de abastecimiento público,2009,527.108
10,Comunitat Valenciana,Volumen de agua suministrada a la red de abastecimiento público,2008,608.573
10,Comunitat Valenciana,Volumen de agua suministrada a la red de abastecimiento público,2007,585.086
10,Comunitat Valenciana,Volumen de agua suministrada a la red de abastecimiento público,2006,546.001
10,Comunitat Valenciana,Volumen de agua suministrada a la red de abastecimiento público,2005,518.726
10,Comunitat Valenciana,Volumen de agua suministrada a la red de abastecimiento público,2004,562.567
10,Comunitat Valenciana,Volumen de agua suministrada a la red de abastecimiento público,2003,543.550
10,Comunitat Valenciana,Volumen de agua suministrada a la red de abastecimiento público,2002,476.998
10,Comunitat Valenciana,Volumen de agua suministrada a la red de abastecimiento público,2001,488.331
10,Comunitat Valenciana,Volumen de agua suministrada a la red de abastecimiento público,2000,526.315
10,Comunitat Valenciana,Volumen total de agua registrada y distribuida por tipo de usuario,2022,354.425
10,Comunitat Valenciana,Volumen total de agua registrada y distribuida por tipo de usuario,2020,389.668
10,Comunitat Valenciana,Volumen total de agua registrada y distribuida por tipo de usuario,2018,407.669
10,Comunitat Valenciana,Volumen total de agua registrada y distribuida por tipo de usuario,2016,368.952
10,Comunitat Valenciana,Volumen total de agua registrada y distribuida por tipo de usuario,2014,381.995
10,Comunitat Valenciana,Volumen total de agua registrada y distribuida por tipo de usuario,2013,364.059
10,Comunitat Valenciana,Volumen total de agua registrada y distribuida por tipo de usuario,2012,369.422
10,Comunitat Valenciana,Volumen total de agua registrada y distribuida por tipo de usuario,2011,356.403
10,Comunitat Valenciana,Volumen total de agua registrada y distribuida por tipo de usuario,2010,363.797
10,Comunitat Valenciana,Volumen total de agua registrada y distribuida por tipo de usuario,2009,395.768
10,Comunitat Valenciana,Volumen total de agua registrada y distribuida por tipo de usuario,2008,438.975
10,Comunitat Valenciana,Volumen total de agua registrada y distribuida por tipo de usuario,2007,421.075
10,Comunitat Valenciana,Volumen total de agua registrada y distribuida por tipo de usuario,2006,421.497
10,Comunitat Valenciana,Volumen total de agua registrada y distribuida por tipo de usuario,2005,393.009
10,Comunitat Valenciana,Volumen total de agua registrada y distribuida por tipo de usuario,2004,422.820
10,Comunitat Valenciana,Volumen total de agua registrada y distribuida por tipo de usuario,2003,389.367
10,Comunitat Valenciana,Volumen total de agua registrada y distribuida por tipo de usuario,2002,351.382
10,Comunitat Valenciana,Volumen total de agua registrada y distribuida por tipo de usuario,2001,363.360
10,Comunitat Valenciana,Volumen total de agua registrada y distribuida por tipo de usuario,2000,368.606
10,Comunitat Valenciana,Volumen de agua no registrada,2022,108.987
10,Comunitat Valenciana,Volumen de agua no registrada,2020,114.118
10,Comunitat Valenciana,Volumen de agua no registrada,2018,146.565
10,Comunitat Valenciana,Volumen de agua no registrada,2016,117.361
10,Comunitat Valenciana,Volumen de agua no registrada,2014,106.961
10,Comunitat Valenciana,Volumen de agua no registrada,2013,117.528
10,Comunitat Valenciana,Volumen de agua no registrada,2012,137.304
10,Comunitat Valenciana,Volumen de agua no registrada,2011,128.619
10,Comunitat Valenciana,Volumen de agua no registrada,2010,143.861
10,Comunitat Valenciana,Volumen de agua no registrada,2009,131.340
10,Comunitat Valenciana,Volumen de agua no registrada,2008,169.598
10,Comunitat Valenciana,Volumen de agua no registrada,2007,164.011
10,Comunitat Valenciana,Volumen de agua no registrada,2006,..
10,Comunitat Valenciana,Volumen de agua no registrada,2005,..
10,Comunitat Valenciana,Volumen de agua no registrada,2004,..
10,Comunitat Valenciana,Volumen de agua no registrada,2003,..
10,Comunitat Valenciana,Volumen de agua no registrada,2002,..
10,Comunitat Valenciana,Volumen de agua no registrada,2001,..
10,Comunitat Valenciana,Volumen de agua no registrada,2000,..
10,Comunitat Valenciana,Pérdidas reales,2022,78.741
10,Comunitat Valenciana,Pérdidas reales,2020,76.640
10,Comunitat Valenciana,Pérdidas reales,2018,99.944
10,Comunitat Valenciana,Pérdidas reales,2016,84.734
10,Comunitat Valenciana,Pérdidas reales,2014,77.119
10,Comunitat Valenciana,Pérdidas reales,2013,85.678
10,Comunitat Valenciana,Pérdidas reales,2012,102.978
10,Comunitat Valenciana,Pérdidas reales,2011,100.323
10,Comunitat Valenciana,Pérdidas reales,2010,113.650
10,Comunitat Valenciana,Pérdidas reales,2009,102.445
10,Comunitat Valenciana,Pérdidas reales,2008,128.894
10,Comunitat Valenciana,Pérdidas reales,2007,131.350
10,Comunitat Valenciana,Pérdidas reales,2006,124.504
10,Comunitat Valenciana,Pérdidas reales,2005,125.717
10,Comunitat Valenciana,Pérdidas reales,2004,139.747
10,Comunitat Valenciana,Pérdidas reales,2003,154.183
10,Comunitat Valenciana,Pérdidas reales,2002,125.616
10,Comunitat Valenciana,Pérdidas reales,2001,124.971
10,Comunitat Valenciana,Pérdidas reales,2000,157.709
10,Comunitat Valenciana,Pérdidas aparentes,2022,30.246
10,Comunitat Valenciana,Pérdidas aparentes,2020,37.478
10,Comunitat Valenciana,Pérdidas aparentes,2018,46.621
10,Comunitat Valenciana,Pérdidas aparentes,2016,32.627
10,Comunitat Valenciana,Pérdidas aparentes,2014,29.842
10,Comunitat Valenciana,Pérdidas aparentes,2013,31.850
10,Comunitat Valenciana,Pérdidas aparentes,2012,34.326
10,Comunitat Valenciana,Pérdidas aparentes,2011,28.296
10,Comunitat Valenciana,Pérdidas aparentes,2010,30.211
10,Comunitat Valenciana,Pérdidas aparentes,2009,28.895
10,Comunitat Valenciana,Pérdidas aparentes,2008,40.704
10,Comunitat Valenciana,Pérdidas aparentes,2007,32.661
10,Comunitat Valenciana,Pérdidas aparentes,2006,..
10,Comunitat Valenciana,Pérdidas aparentes,2005,..
10,Comunitat Valenciana,Pérdidas aparentes,2004,..
10,Comunitat Valenciana,Pérdidas aparentes,2003,..
10,Comunitat Valenciana,Pérdidas aparentes,2002,..
10,Comunitat Valenciana,Pérdidas aparentes,2001,..
10,Comunitat Valenciana,Pérdidas aparentes,2000,..
11,Extremadura,Volumen de agua suministrada a la red de abastecimiento público,2022,99.079
11,Extremadura,Volumen de agua suministrada a la red de abastecimiento público,2020,92.347
11,Extremadura,Volumen de agua suministrada a la red de abastecimiento público,2018,101.366
11,Extremadura,Volumen de agua suministrada a la red de abastecimiento público,2016,112.047
11,Extremadura,Volumen de agua suministrada a la red de abastecimiento público,2014,104.601
11,Extremadura,Volumen de agua suministrada a la red de abastecimiento público,2013,111.935
11,Extremadura,Volumen de agua suministrada a la red de abastecimiento público,2012,115.719
11,Extremadura,Volumen de agua suministrada a la red de abastecimiento público,2011,110.105
11,Extremadura,Volumen de agua suministrada a la red de abastecimiento público,2010,115.490
11,Extremadura,Volumen de agua suministrada a la red de abastecimiento público,2009,113.708
11,Extremadura,Volumen de agua suministrada a la red de abastecimiento público,2008,123.973
11,Extremadura,Volumen de agua suministrada a la red de abastecimiento público,2007,137.120
11,Extremadura,Volumen de agua suministrada a la red de abastecimiento público,2006,136.498
11,Extremadura,Volumen de agua suministrada a la red de abastecimiento público,2005,140.350
11,Extremadura,Volumen de agua suministrada a la red de abastecimiento público,2004,145.585
11,Extremadura,Volumen de agua suministrada a la red de abastecimiento público,2003,136.376
11,Extremadura,Volumen de agua suministrada a la red de abastecimiento público,2002,116.740
11,Extremadura,Volumen de agua suministrada a la red de abastecimiento público,2001,112.347
11,Extremadura,Volumen de agua suministrada a la red de abastecimiento público,2000,98.864
11,Extremadura,Volumen total de agua registrada y distribuida por tipo de usuario,2022,66.445
11,Extremadura,Volumen total de agua registrada y distribuida por tipo de usuario,2020,61.740
11,Extremadura,Volumen total de agua registrada y distribuida por tipo de usuario,2018,67.141
11,Extremadura,Volumen total de agua registrada y distribuida por tipo de usuario,2016,73.179
11,Extremadura,Volumen total de agua registrada y distribuida por tipo de usuario,2014,67.890
11,Extremadura,Volumen total de agua registrada y distribuida por tipo de usuario,2013,69.626
11,Extremadura,Volumen total de agua registrada y distribuida por tipo de usuario,2012,75.522
11,Extremadura,Volumen total de agua registrada y distribuida por tipo de usuario,2011,74.042
11,Extremadura,Volumen total de agua registrada y distribuida por tipo de usuario,2010,78.298
11,Extremadura,Volumen total de agua registrada y distribuida por tipo de usuario,2009,79.683
11,Extremadura,Volumen total de agua registrada y distribuida por tipo de usuario,2008,90.963
11,Extremadura,Volumen total de agua registrada y distribuida por tipo de usuario,2007,98.774
11,Extremadura,Volumen total de agua registrada y distribuida por tipo de usuario,2006,111.253
11,Extremadura,Volumen total de agua registrada y distribuida por tipo de usuario,2005,108.617
11,Extremadura,Volumen total de agua registrada y distribuida por tipo de usuario,2004,114.719
11,Extremadura,Volumen total de agua registrada y distribuida por tipo de usuario,2003,114.108
11,Extremadura,Volumen total de agua registrada y distribuida por tipo de usuario,2002,97.182
11,Extremadura,Volumen total de agua registrada y distribuida por tipo de usuario,2001,95.105
11,Extremadura,Volumen total de agua registrada y distribuida por tipo de usuario,2000,81.855
11,Extremadura,Volumen de agua no registrada,2022,32.634
11,Extremadura,Volumen de agua no registrada,2020,30.607
11,Extremadura,Volumen de agua no registrada,2018,34.225
11,Extremadura,Volumen de agua no registrada,2016,38.868
11,Extremadura,Volumen de agua no registrada,2014,36.711
11,Extremadura,Volumen de agua no registrada,2013,42.309
11,Extremadura,Volumen de agua no registrada,2012,40.197
11,Extremadura,Volumen de agua no registrada,2011,36.063
11,Extremadura,Volumen de agua no registrada,2010,37.192
11,Extremadura,Volumen de agua no registrada,2009,34.025
11,Extremadura,Volumen de agua no registrada,2008,33.010
11,Extremadura,Volumen de agua no registrada,2007,38.346
11,Extremadura,Volumen de agua no registrada,2006,..
11,Extremadura,Volumen de agua no registrada,2005,..
11,Extremadura,Volumen de agua no registrada,2004,..
11,Extremadura,Volumen de agua no registrada,2003,..
11,Extremadura,Volumen de agua no registrada,2002,..
11,Extremadura,Volumen de agua no registrada,2001,..
11,Extremadura,Volumen de agua no registrada,2000,..
11,Extremadura,Pérdidas reales,2022,24.359
11,Extremadura,Pérdidas reales,2020,20.005
11,Extremadura,Pérdidas reales,2018,24.026
11,Extremadura,Pérdidas reales,2016,28.478
11,Extremadura,Pérdidas reales,2014,25.147
11,Extremadura,Pérdidas reales,2013,26.319
11,Extremadura,Pérdidas reales,2012,27.736
11,Extremadura,Pérdidas reales,2011,23.585
11,Extremadura,Pérdidas reales,2010,24.353
11,Extremadura,Pérdidas reales,2009,20.075
11,Extremadura,Pérdidas reales,2008,22.117
11,Extremadura,Pérdidas reales,2007,20.446
11,Extremadura,Pérdidas reales,2006,25.245
11,Extremadura,Pérdidas reales,2005,31.733
11,Extremadura,Pérdidas reales,2004,30.866
11,Extremadura,Pérdidas reales,2003,22.268
11,Extremadura,Pérdidas reales,2002,19.558
11,Extremadura,Pérdidas reales,2001,17.242
11,Extremadura,Pérdidas reales,2000,17.009
11,Extremadura,Pérdidas aparentes,2022,8.275
11,Extremadura,Pérdidas aparentes,2020,10.602
11,Extremadura,Pérdidas aparentes,2018,10.199
11,Extremadura,Pérdidas aparentes,2016,10.390
11,Extremadura,Pérdidas aparentes,2014,11.564
11,Extremadura,Pérdidas aparentes,2013,15.990
11,Extremadura,Pérdidas aparentes,2012,12.461
11,Extremadura,Pérdidas aparentes,2011,12.478
11,Extremadura,Pérdidas aparentes,2010,12.839
11,Extremadura,Pérdidas aparentes,2009,13.950
11,Extremadura,Pérdidas aparentes,2008,10.893
11,Extremadura,Pérdidas aparentes,2007,17.900
11,Extremadura,Pérdidas aparentes,2006,..
11,Extremadura,Pérdidas aparentes,2005,..
11,Extremadura,Pérdidas aparentes,2004,..
11,Extremadura,Pérdidas aparentes,2003,..
11,Extremadura,Pérdidas aparentes,2002,..
11,Extremadura,Pérdidas aparentes,2001,..
11,Extremadura,Pérdidas aparentes,2000,..
12,Galicia,Volumen de agua suministrada a la red de abastecimiento público,2022,283.704
12,Galicia,Volumen de agua suministrada a la red de abastecimiento público,2020,242.880
12,Galicia,Volumen de agua suministrada a la red de abastecimiento público,2018,236.572
12,Galicia,Volumen de agua suministrada a la red de abastecimiento público,2016,258.671
12,Galicia,Volumen de agua suministrada a la red de abastecimiento público,2014,243.137
12,Galicia,Volumen de agua suministrada a la red de abastecimiento público,2013,247.402
12,Galicia,Volumen de agua suministrada a la red de abastecimiento público,2012,260.696
12,Galicia,Volumen de agua suministrada a la red de abastecimiento público,2011,240.918
12,Galicia,Volumen de agua suministrada a la red de abastecimiento público,2010,252.478
12,Galicia,Volumen de agua suministrada a la red de abastecimiento público,2009,278.831
12,Galicia,Volumen de agua suministrada a la red de abastecimiento público,2008,291.140
12,Galicia,Volumen de agua suministrada a la red de abastecimiento público,2007,283.261
12,Galicia,Volumen de agua suministrada a la red de abastecimiento público,2006,275.924
12,Galicia,Volumen de agua suministrada a la red de abastecimiento público,2005,282.564
12,Galicia,Volumen de agua suministrada a la red de abastecimiento público,2004,295.173
12,Galicia,Volumen de agua suministrada a la red de abastecimiento público,2003,291.997
12,Galicia,Volumen de agua suministrada a la red de abastecimiento público,2002,313.451
12,Galicia,Volumen de agua suministrada a la red de abastecimiento público,2001,318.596
12,Galicia,Volumen de agua suministrada a la red de abastecimiento público,2000,295.788
12,Galicia,Volumen total de agua registrada y distribuida por tipo de usuario,2022,171.335
12,Galicia,Volumen total de agua registrada y distribuida por tipo de usuario,2020,177.892
12,Galicia,Volumen total de agua registrada y distribuida por tipo de usuario,2018,176.868
12,Galicia,Volumen total de agua registrada y distribuida por tipo de usuario,2016,187.900
12,Galicia,Volumen total de agua registrada y distribuida por tipo de usuario,2014,186.405
12,Galicia,Volumen total de agua registrada y distribuida por tipo de usuario,2013,184.559
12,Galicia,Volumen total de agua registrada y distribuida por tipo de usuario,2012,189.873
12,Galicia,Volumen total de agua registrada y distribuida por tipo de usuario,2011,182.743
12,Galicia,Volumen total de agua registrada y distribuida por tipo de usuario,2010,188.948
12,Galicia,Volumen total de agua registrada y distribuida por tipo de usuario,2009,197.023
12,Galicia,Volumen total de agua registrada y distribuida por tipo de usuario,2008,206.568
12,Galicia,Volumen total de agua registrada y distribuida por tipo de usuario,2007,213.865
12,Galicia,Volumen total de agua registrada y distribuida por tipo de usuario,2006,229.631
12,Galicia,Volumen total de agua registrada y distribuida por tipo de usuario,2005,235.015
12,Galicia,Volumen total de agua registrada y distribuida por tipo de usuario,2004,239.245
12,Galicia,Volumen total de agua registrada y distribuida por tipo de usuario,2003,236.681
12,Galicia,Volumen total de agua registrada y distribuida por tipo de usuario,2002,261.066
12,Galicia,Volumen total de agua registrada y distribuida por tipo de usuario,2001,270.868
12,Galicia,Volumen total de agua registrada y distribuida por tipo de usuario,2000,255.670
12,Galicia,Volumen de agua no registrada,2022,112.369
12,Galicia,Volumen de agua no registrada,2020,64.988
12,Galicia,Volumen de agua no registrada,2018,59.704
12,Galicia,Volumen de agua no registrada,2016,70.771
12,Galicia,Volumen de agua no registrada,2014,56.732
12,Galicia,Volumen de agua no registrada,2013,62.843
12,Galicia,Volumen de agua no registrada,2012,70.823
12,Galicia,Volumen de agua no registrada,2011,58.175
12,Galicia,Volumen de agua no registrada,2010,63.530
12,Galicia,Volumen de agua no registrada,2009,81.808
12,Galicia,Volumen de agua no registrada,2008,84.572
12,Galicia,Volumen de agua no registrada,2007,69.396
12,Galicia,Volumen de agua no registrada,2006,..
12,Galicia,Volumen de agua no registrada,2005,..
12,Galicia,Volumen de agua no registrada,2004,..
12,Galicia,Volumen de agua no registrada,2003,..
12,Galicia,Volumen de agua no registrada,2002,..
12,Galicia,Volumen de agua no registrada,2001,..
12,Galicia,Volumen de agua no registrada,2000,..
12,Galicia,Pérdidas reales,2022,73.254
12,Galicia,Pérdidas reales,2020,39.235
12,Galicia,Pérdidas reales,2018,39.934
12,Galicia,Pérdidas reales,2016,55.556
12,Galicia,Pérdidas reales,2014,39.769
12,Galicia,Pérdidas reales,2013,44.556
12,Galicia,Pérdidas reales,2012,48.868
12,Galicia,Pérdidas reales,2011,40.723
12,Galicia,Pérdidas reales,2010,49.554
12,Galicia,Pérdidas reales,2009,40.086
12,Galicia,Pérdidas reales,2008,53.280
12,Galicia,Pérdidas reales,2007,44.413
12,Galicia,Pérdidas reales,2006,46.293
12,Galicia,Pérdidas reales,2005,47.549
12,Galicia,Pérdidas reales,2004,55.928
12,Galicia,Pérdidas reales,2003,55.316
12,Galicia,Pérdidas reales,2002,52.385
12,Galicia,Pérdidas reales,2001,47.728
12,Galicia,Pérdidas reales,2000,40.118
12,Galicia,Pérdidas aparentes,2022,39.115
12,Galicia,Pérdidas aparentes,2020,25.753
12,Galicia,Pérdidas aparentes,2018,19.770
12,Galicia,Pérdidas aparentes,2016,15.215
12,Galicia,Pérdidas aparentes,2014,16.963
12,Galicia,Pérdidas aparentes,2013,18.287
12,Galicia,Pérdidas aparentes,2012,21.955
12,Galicia,Pérdidas aparentes,2011,17.452
12,Galicia,Pérdidas aparentes,2010,13.976
12,Galicia,Pérdidas aparentes,2009,41.722
12,Galicia,Pérdidas aparentes,2008,31.292
12,Galicia,Pérdidas aparentes,2007,24.983
12,Galicia,Pérdidas aparentes,2006,..
12,Galicia,Pérdidas aparentes,2005,..
12,Galicia,Pérdidas aparentes,2004,..
12,Galicia,Pérdidas aparentes,2003,..
12,Galicia,Pérdidas aparentes,2002,..
12,Galicia,Pérdidas aparentes,2001,..
12,Galicia,Pérdidas aparentes,2000,..
13,"Madrid, Comunidad de",Volumen de agua suministrada a la red de abastecimiento público,2022,504.382
13,"Madrid, Comunidad de",Volumen de agua suministrada a la red de abastecimiento público,2020,500.916
13,"Madrid, Comunidad de",Volumen de agua suministrada a la red de abastecimiento público,2018,491.816
13,"Madrid, Comunidad de",Volumen de agua suministrada a la red de abastecimiento público,2016,490.951
13,"Madrid, Comunidad de",Volumen de agua suministrada a la red de abastecimiento público,2014,504.814
13,"Madrid, Comunidad de",Volumen de agua suministrada a la red de abastecimiento público,2013,509.232
13,"Madrid, Comunidad de",Volumen de agua suministrada a la red de abastecimiento público,2012,526.020
13,"Madrid, Comunidad de",Volumen de agua suministrada a la red de abastecimiento público,2011,553.894
13,"Madrid, Comunidad de",Volumen de agua suministrada a la red de abastecimiento público,2010,550.816
13,"Madrid, Comunidad de",Volumen de agua suministrada a la red de abastecimiento público,2009,563.438
13,"Madrid, Comunidad de",Volumen de agua suministrada a la red de abastecimiento público,2008,561.529
13,"Madrid, Comunidad de",Volumen de agua suministrada a la red de abastecimiento público,2007,573.119
13,"Madrid, Comunidad de",Volumen de agua suministrada a la red de abastecimiento público,2006,513.849
13,"Madrid, Comunidad de",Volumen de agua suministrada a la red de abastecimiento público,2005,562.280
13,"Madrid, Comunidad de",Volumen de agua suministrada a la red de abastecimiento público,2004,592.053
13,"Madrid, Comunidad de",Volumen de agua suministrada a la red de abastecimiento público,2003,608.389
13,"Madrid, Comunidad de",Volumen de agua suministrada a la red de abastecimiento público,2002,562.789
13,"Madrid, Comunidad de",Volumen de agua suministrada a la red de abastecimiento público,2001,574.261
13,"Madrid, Comunidad de",Volumen de agua suministrada a la red de abastecimiento público,2000,558.887
13,"Madrid, Comunidad de",Volumen total de agua registrada y distribuida por tipo de usuario,2022,435.202
13,"Madrid, Comunidad de",Volumen total de agua registrada y distribuida por tipo de usuario,2020,436.216
13,"Madrid, Comunidad de",Volumen total de agua registrada y distribuida por tipo de usuario,2018,421.750
13,"Madrid, Comunidad de",Volumen total de agua registrada y distribuida por tipo de usuario,2016,418.022
13,"Madrid, Comunidad de",Volumen total de agua registrada y distribuida por tipo de usuario,2014,406.951
13,"Madrid, Comunidad de",Volumen total de agua registrada y distribuida por tipo de usuario,2013,414.258
13,"Madrid, Comunidad de",Volumen total de agua registrada y distribuida por tipo de usuario,2012,429.556
13,"Madrid, Comunidad de",Volumen total de agua registrada y distribuida por tipo de usuario,2011,446.421
13,"Madrid, Comunidad de",Volumen total de agua registrada y distribuida por tipo de usuario,2010,440.375
13,"Madrid, Comunidad de",Volumen total de agua registrada y distribuida por tipo de usuario,2009,450.493
13,"Madrid, Comunidad de",Volumen total de agua registrada y distribuida por tipo de usuario,2008,460.768
13,"Madrid, Comunidad de",Volumen total de agua registrada y distribuida por tipo de usuario,2007,465.111
13,"Madrid, Comunidad de",Volumen total de agua registrada y distribuida por tipo de usuario,2006,450.694
13,"Madrid, Comunidad de",Volumen total de agua registrada y distribuida por tipo de usuario,2005,489.181
13,"Madrid, Comunidad de",Volumen total de agua registrada y distribuida por tipo de usuario,2004,510.612
13,"Madrid, Comunidad de",Volumen total de agua registrada y distribuida por tipo de usuario,2003,522.697
13,"Madrid, Comunidad de",Volumen total de agua registrada y distribuida por tipo de usuario,2002,487.808
13,"Madrid, Comunidad de",Volumen total de agua registrada y distribuida por tipo de usuario,2001,495.169
13,"Madrid, Comunidad de",Volumen total de agua registrada y distribuida por tipo de usuario,2000,482.722
13,"Madrid, Comunidad de",Volumen de agua no registrada,2022,69.180
13,"Madrid, Comunidad de",Volumen de agua no registrada,2020,64.700
13,"Madrid, Comunidad de",Volumen de agua no registrada,2018,70.066
13,"Madrid, Comunidad de",Volumen de agua no registrada,2016,72.929
13,"Madrid, Comunidad de",Volumen de agua no registrada,2014,97.863
13,"Madrid, Comunidad de",Volumen de agua no registrada,2013,94.974
13,"Madrid, Comunidad de",Volumen de agua no registrada,2012,96.464
13,"Madrid, Comunidad de",Volumen de agua no registrada,2011,107.473
13,"Madrid, Comunidad de",Volumen de agua no registrada,2010,110.441
13,"Madrid, Comunidad de",Volumen de agua no registrada,2009,112.945
13,"Madrid, Comunidad de",Volumen de agua no registrada,2008,100.761
13,"Madrid, Comunidad de",Volumen de agua no registrada,2007,108.008
13,"Madrid, Comunidad de",Volumen de agua no registrada,2006,..
13,"Madrid, Comunidad de",Volumen de agua no registrada,2005,..
13,"Madrid, Comunidad de",Volumen de agua no registrada,2004,..
13,"Madrid, Comunidad de",Volumen de agua no registrada,2003,..
13,"Madrid, Comunidad de",Volumen de agua no registrada,2002,..
13,"Madrid, Comunidad de",Volumen de agua no registrada,2001,..
13,"Madrid, Comunidad de",Volumen de agua no registrada,2000,..
13,"Madrid, Comunidad de",Pérdidas reales,2022,9.400
13,"Madrid, Comunidad de",Pérdidas reales,2020,19.846
13,"Madrid, Comunidad de",Pérdidas reales,2018,10.353
13,"Madrid, Comunidad de",Pérdidas reales,2016,13.564
13,"Madrid, Comunidad de",Pérdidas reales,2014,23.194
13,"Madrid, Comunidad de",Pérdidas reales,2013,30.059
13,"Madrid, Comunidad de",Pérdidas reales,2012,31.968
13,"Madrid, Comunidad de",Pérdidas reales,2011,36.743
13,"Madrid, Comunidad de",Pérdidas reales,2010,36.445
13,"Madrid, Comunidad de",Pérdidas reales,2009,44.049
13,"Madrid, Comunidad de",Pérdidas reales,2008,48.365
13,"Madrid, Comunidad de",Pérdidas reales,2007,55.560
13,"Madrid, Comunidad de",Pérdidas reales,2006,63.155
13,"Madrid, Comunidad de",Pérdidas reales,2005,73.099
13,"Madrid, Comunidad de",Pérdidas reales,2004,81.441
13,"Madrid, Comunidad de",Pérdidas reales,2003,85.692
13,"Madrid, Comunidad de",Pérdidas reales,2002,74.981
13,"Madrid, Comunidad de",Pérdidas reales,2001,79.092
13,"Madrid, Comunidad de",Pérdidas reales,2000,76.165
13,"Madrid, Comunidad de",Pérdidas aparentes,2022,59.780
13,"Madrid, Comunidad de",Pérdidas aparentes,2020,44.854
13,"Madrid, Comunidad de",Pérdidas aparentes,2018,59.713
13,"Madrid, Comunidad de",Pérdidas aparentes,2016,59.365
13,"Madrid, Comunidad de",Pérdidas aparentes,2014,74.669
13,"Madrid, Comunidad de",Pérdidas aparentes,2013,64.915
13,"Madrid, Comunidad de",Pérdidas aparentes,2012,64.496
13,"Madrid, Comunidad de",Pérdidas aparentes,2011,70.730
13,"Madrid, Comunidad de",Pérdidas aparentes,2010,73.996
13,"Madrid, Comunidad de",Pérdidas aparentes,2009,68.896
13,"Madrid, Comunidad de",Pérdidas aparentes,2008,52.396
13,"Madrid, Comunidad de",Pérdidas aparentes,2007,52.448
13,"Madrid, Comunidad de",Pérdidas aparentes,2006,..
13,"Madrid, Comunidad de",Pérdidas aparentes,2005,..
13,"Madrid, Comunidad de",Pérdidas aparentes,2004,..
13,"Madrid, Comunidad de",Pérdidas aparentes,2003,..
13,"Madrid, Comunidad de",Pérdidas aparentes,2002,..
13,"Madrid, Comunidad de",Pérdidas aparentes,2001,..
13,"Madrid, Comunidad de",Pérdidas aparentes,2000,..
14,"Murcia, Región de",Volumen de agua suministrada a la red de abastecimiento público,2022,132.868
14,"Murcia, Región de",Volumen de agua suministrada a la red de abastecimiento público,2020,128.941
14,"Murcia, Región de",Volumen de agua suministrada a la red de abastecimiento público,2018,124.763
14,"Murcia, Región de",Volumen de agua suministrada a la red de abastecimiento público,2016,128.559
14,"Murcia, Región de",Volumen de agua suministrada a la red de abastecimiento público,2014,125.414
14,"Murcia, Región de",Volumen de agua suministrada a la red de abastecimiento público,2013,123.666
14,"Murcia, Región de",Volumen de agua suministrada a la red de abastecimiento público,2012,132.644
14,"Murcia, Región de",Volumen de agua suministrada a la red de abastecimiento público,2011,134.015
14,"Murcia, Región de",Volumen de agua suministrada a la red de abastecimiento público,2010,135.131
14,"Murcia, Región de",Volumen de agua suministrada a la red de abastecimiento público,2009,143.650
14,"Murcia, Región de",Volumen de agua suministrada a la red de abastecimiento público,2008,148.200
14,"Murcia, Región de",Volumen de agua suministrada a la red de abastecimiento público,2007,145.630
14,"Murcia, Región de",Volumen de agua suministrada a la red de abastecimiento público,2006,140.936
14,"Murcia, Región de",Volumen de agua suministrada a la red de abastecimiento público,2005,140.320
14,"Murcia, Región de",Volumen de agua suministrada a la red de abastecimiento público,2004,145.789
14,"Murcia, Región de",Volumen de agua suministrada a la red de abastecimiento público,2003,121.499
14,"Murcia, Región de",Volumen de agua suministrada a la red de abastecimiento público,2002,124.215
14,"Murcia, Región de",Volumen de agua suministrada a la red de abastecimiento público,2001,123.985
14,"Murcia, Región de",Volumen de agua suministrada a la red de abastecimiento público,2000,93.211
14,"Murcia, Región de",Volumen total de agua registrada y distribuida por tipo de usuario,2022,107.767
14,"Murcia, Región de",Volumen total de agua registrada y distribuida por tipo de usuario,2020,105.007
14,"Murcia, Región de",Volumen total de agua registrada y distribuida por tipo de usuario,2018,103.322
14,"Murcia, Región de",Volumen total de agua registrada y distribuida por tipo de usuario,2016,103.973
14,"Murcia, Región de",Volumen total de agua registrada y distribuida por tipo de usuario,2014,100.916
14,"Murcia, Región de",Volumen total de agua registrada y distribuida por tipo de usuario,2013,99.241
14,"Murcia, Región de",Volumen total de agua registrada y distribuida por tipo de usuario,2012,106.673
14,"Murcia, Región de",Volumen total de agua registrada y distribuida por tipo de usuario,2011,107.581
14,"Murcia, Región de",Volumen total de agua registrada y distribuida por tipo de usuario,2010,106.829
14,"Murcia, Región de",Volumen total de agua registrada y distribuida por tipo de usuario,2009,113.497
14,"Murcia, Región de",Volumen total de agua registrada y distribuida por tipo de usuario,2008,112.893
14,"Murcia, Región de",Volumen total de agua registrada y distribuida por tipo de usuario,2007,114.106
14,"Murcia, Región de",Volumen total de agua registrada y distribuida por tipo de usuario,2006,120.262
14,"Murcia, Región de",Volumen total de agua registrada y distribuida por tipo de usuario,2005,123.073
14,"Murcia, Región de",Volumen total de agua registrada y distribuida por tipo de usuario,2004,117.347
14,"Murcia, Región de",Volumen total de agua registrada y distribuida por tipo de usuario,2003,102.649
14,"Murcia, Región de",Volumen total de agua registrada y distribuida por tipo de usuario,2002,102.426
14,"Murcia, Región de",Volumen total de agua registrada y distribuida por tipo de usuario,2001,100.637
14,"Murcia, Región de",Volumen total de agua registrada y distribuida por tipo de usuario,2000,73.847
14,"Murcia, Región de",Volumen de agua no registrada,2022,25.101
14,"Murcia, Región de",Volumen de agua no registrada,2020,23.934
14,"Murcia, Región de",Volumen de agua no registrada,2018,21.441
14,"Murcia, Región de",Volumen de agua no registrada,2016,24.586
14,"Murcia, Región de",Volumen de agua no registrada,2014,24.498
14,"Murcia, Región de",Volumen de agua no registrada,2013,24.425
14,"Murcia, Región de",Volumen de agua no registrada,2012,25.971
14,"Murcia, Región de",Volumen de agua no registrada,2011,26.434
14,"Murcia, Región de",Volumen de agua no registrada,2010,28.302
14,"Murcia, Región de",Volumen de agua no registrada,2009,30.153
14,"Murcia, Región de",Volumen de agua no registrada,2008,35.307
14,"Murcia, Región de",Volumen de agua no registrada,2007,31.524
14,"Murcia, Región de",Volumen de agua no registrada,2006,..
14,"Murcia, Región de",Volumen de agua no registrada,2005,..
14,"Murcia, Región de",Volumen de agua no registrada,2004,..
14,"Murcia, Región de",Volumen de agua no registrada,2003,..
14,"Murcia, Región de",Volumen de agua no registrada,2002,..
14,"Murcia, Región de",Volumen de agua no registrada,2001,..
14,"Murcia, Región de",Volumen de agua no registrada,2000,..
14,"Murcia, Región de",Pérdidas reales,2022,16.989
14,"Murcia, Región de",Pérdidas reales,2020,14.657
14,"Murcia, Región de",Pérdidas reales,2018,14.536
14,"Murcia, Región de",Pérdidas reales,2016,16.718
14,"Murcia, Región de",Pérdidas reales,2014,16.953
14,"Murcia, Región de",Pérdidas reales,2013,15.632
14,"Murcia, Región de",Pérdidas reales,2012,18.959
14,"Murcia, Región de",Pérdidas reales,2011,21.387
14,"Murcia, Región de",Pérdidas reales,2010,20.094
14,"Murcia, Región de",Pérdidas reales,2009,20.805
14,"Murcia, Región de",Pérdidas reales,2008,21.890
14,"Murcia, Región de",Pérdidas reales,2007,19.431
14,"Murcia, Región de",Pérdidas reales,2006,20.674
14,"Murcia, Región de",Pérdidas reales,2005,17.247
14,"Murcia, Región de",Pérdidas reales,2004,28.442
14,"Murcia, Región de",Pérdidas reales,2003,18.850
14,"Murcia, Región de",Pérdidas reales,2002,21.789
14,"Murcia, Región de",Pérdidas reales,2001,23.348
14,"Murcia, Región de",Pérdidas reales,2000,19.364
14,"Murcia, Región de",Pérdidas aparentes,2022,8.111
14,"Murcia, Región de",Pérdidas aparentes,2020,9.277
14,"Murcia, Región de",Pérdidas aparentes,2018,6.905
14,"Murcia, Región de",Pérdidas aparentes,2016,7.868
14,"Murcia, Región de",Pérdidas aparentes,2014,7.545
14,"Murcia, Región de",Pérdidas aparentes,2013,8.793
14,"Murcia, Región de",Pérdidas aparentes,2012,7.012
14,"Murcia, Región de",Pérdidas aparentes,2011,5.047
14,"Murcia, Región de",Pérdidas aparentes,2010,8.208
14,"Murcia, Región de",Pérdidas aparentes,2009,9.348
14,"Murcia, Región de",Pérdidas aparentes,2008,13.417
14,"Murcia, Región de",Pérdidas aparentes,2007,12.093
14,"Murcia, Región de",Pérdidas aparentes,2006,..
14,"Murcia, Región de",Pérdidas aparentes,2005,..
14,"Murcia, Región de",Pérdidas aparentes,2004,..
14,"Murcia, Región de",Pérdidas aparentes,2003,..
14,"Murcia, Región de",Pérdidas aparentes,2002,..
14,"Murcia, Región de",Pérdidas aparentes,2001,..
14,"Murcia, Región de",Pérdidas aparentes,2000,..
15,"Navarra, Comunidad Foral de",Volumen de agua suministrada a la red de abastecimiento público,2022,74.550
15,"Navarra, Comunidad Foral de",Volumen de agua suministrada a la red de abastecimiento público,2020,71.561
15,"Navarra, Comunidad Foral de",Volumen de agua suministrada a la red de abastecimiento público,2018,66.192
15,"Navarra, Comunidad Foral de",Volumen de agua suministrada a la red de abastecimiento público,2016,61.124
15,"Navarra, Comunidad Foral de",Volumen de agua suministrada a la red de abastecimiento público,2014,60.487
15,"Navarra, Comunidad Foral de",Volumen de agua suministrada a la red de abastecimiento público,2013,62.056
15,"Navarra, Comunidad Foral de",Volumen de agua suministrada a la red de abastecimiento público,2012,73.004
15,"Navarra, Comunidad Foral de",Volumen de agua suministrada a la red de abastecimiento público,2011,77.043
15,"Navarra, Comunidad Foral de",Volumen de agua suministrada a la red de abastecimiento público,2010,69.909
15,"Navarra, Comunidad Foral de",Volumen de agua suministrada a la red de abastecimiento público,2009,74.522
15,"Navarra, Comunidad Foral de",Volumen de agua suministrada a la red de abastecimiento público,2008,69.428
15,"Navarra, Comunidad Foral de",Volumen de agua suministrada a la red de abastecimiento público,2007,65.571
15,"Navarra, Comunidad Foral de",Volumen de agua suministrada a la red de abastecimiento público,2006,66.507
15,"Navarra, Comunidad Foral de",Volumen de agua suministrada a la red de abastecimiento público,2005,64.641
15,"Navarra, Comunidad Foral de",Volumen de agua suministrada a la red de abastecimiento público,2004,60.252
15,"Navarra, Comunidad Foral de",Volumen de agua suministrada a la red de abastecimiento público,2003,76.963
15,"Navarra, Comunidad Foral de",Volumen de agua suministrada a la red de abastecimiento público,2002,68.335
15,"Navarra, Comunidad Foral de",Volumen de agua suministrada a la red de abastecimiento público,2001,67.624
15,"Navarra, Comunidad Foral de",Volumen de agua suministrada a la red de abastecimiento público,2000,66.930
15,"Navarra, Comunidad Foral de",Volumen total de agua registrada y distribuida por tipo de usuario,2022,58.297
15,"Navarra, Comunidad Foral de",Volumen total de agua registrada y distribuida por tipo de usuario,2020,55.632
15,"Navarra, Comunidad Foral de",Volumen total de agua registrada y distribuida por tipo de usuario,2018,51.586
15,"Navarra, Comunidad Foral de",Volumen total de agua registrada y distribuida por tipo de usuario,2016,49.495
15,"Navarra, Comunidad Foral de",Volumen total de agua registrada y distribuida por tipo de usuario,2014,48.367
15,"Navarra, Comunidad Foral de",Volumen total de agua registrada y distribuida por tipo de usuario,2013,48.260
15,"Navarra, Comunidad Foral de",Volumen total de agua registrada y distribuida por tipo de usuario,2012,55.849
15,"Navarra, Comunidad Foral de",Volumen total de agua registrada y distribuida por tipo de usuario,2011,60.083
15,"Navarra, Comunidad Foral de",Volumen total de agua registrada y distribuida por tipo de usuario,2010,55.605
15,"Navarra, Comunidad Foral de",Volumen total de agua registrada y distribuida por tipo de usuario,2009,58.411
15,"Navarra, Comunidad Foral de",Volumen total de agua registrada y distribuida por tipo de usuario,2008,56.060
15,"Navarra, Comunidad Foral de",Volumen total de agua registrada y distribuida por tipo de usuario,2007,53.535
15,"Navarra, Comunidad Foral de",Volumen total de agua registrada y distribuida por tipo de usuario,2006,57.292
15,"Navarra, Comunidad Foral de",Volumen total de agua registrada y distribuida por tipo de usuario,2005,55.298
15,"Navarra, Comunidad Foral de",Volumen total de agua registrada y distribuida por tipo de usuario,2004,52.128
15,"Navarra, Comunidad Foral de",Volumen total de agua registrada y distribuida por tipo de usuario,2003,63.801
15,"Navarra, Comunidad Foral de",Volumen total de agua registrada y distribuida por tipo de usuario,2002,59.694
15,"Navarra, Comunidad Foral de",Volumen total de agua registrada y distribuida por tipo de usuario,2001,55.870
15,"Navarra, Comunidad Foral de",Volumen total de agua registrada y distribuida por tipo de usuario,2000,57.124
15,"Navarra, Comunidad Foral de",Volumen de agua no registrada,2022,16.253
15,"Navarra, Comunidad Foral de",Volumen de agua no registrada,2020,15.929
15,"Navarra, Comunidad Foral de",Volumen de agua no registrada,2018,14.606
15,"Navarra, Comunidad Foral de",Volumen de agua no registrada,2016,11.629
15,"Navarra, Comunidad Foral de",Volumen de agua no registrada,2014,12.120
15,"Navarra, Comunidad Foral de",Volumen de agua no registrada,2013,13.796
15,"Navarra, Comunidad Foral de",Volumen de agua no registrada,2012,17.155
15,"Navarra, Comunidad Foral de",Volumen de agua no registrada,2011,16.960
15,"Navarra, Comunidad Foral de",Volumen de agua no registrada,2010,14.304
15,"Navarra, Comunidad Foral de",Volumen de agua no registrada,2009,16.111
15,"Navarra, Comunidad Foral de",Volumen de agua no registrada,2008,13.368
15,"Navarra, Comunidad Foral de",Volumen de agua no registrada,2007,12.036
15,"Navarra, Comunidad Foral de",Volumen de agua no registrada,2006,..
15,"Navarra, Comunidad Foral de",Volumen de agua no registrada,2005,..
15,"Navarra, Comunidad Foral de",Volumen de agua no registrada,2004,..
15,"Navarra, Comunidad Foral de",Volumen de agua no registrada,2003,..
15,"Navarra, Comunidad Foral de",Volumen de agua no registrada,2002,..
15,"Navarra, Comunidad Foral de",Volumen de agua no registrada,2001,..
15,"Navarra, Comunidad Foral de",Volumen de agua no registrada,2000,..
15,"Navarra, Comunidad Foral de",Pérdidas reales,2022,12.625
15,"Navarra, Comunidad Foral de",Pérdidas reales,2020,13.218
15,"Navarra, Comunidad Foral de",Pérdidas reales,2018,11.896
15,"Navarra, Comunidad Foral de",Pérdidas reales,2016,9.323
15,"Navarra, Comunidad Foral de",Pérdidas reales,2014,10.641
15,"Navarra, Comunidad Foral de",Pérdidas reales,2013,11.092
15,"Navarra, Comunidad Foral de",Pérdidas reales,2012,11.322
15,"Navarra, Comunidad Foral de",Pérdidas reales,2011,13.171
15,"Navarra, Comunidad Foral de",Pérdidas reales,2010,12.301
15,"Navarra, Comunidad Foral de",Pérdidas reales,2009,11.439
15,"Navarra, Comunidad Foral de",Pérdidas reales,2008,8.957
15,"Navarra, Comunidad Foral de",Pérdidas reales,2007,7.772
15,"Navarra, Comunidad Foral de",Pérdidas reales,2006,9.215
15,"Navarra, Comunidad Foral de",Pérdidas reales,2005,9.343
15,"Navarra, Comunidad Foral de",Pérdidas reales,2004,8.124
15,"Navarra, Comunidad Foral de",Pérdidas reales,2003,13.162
15,"Navarra, Comunidad Foral de",Pérdidas reales,2002,8.641
15,"Navarra, Comunidad Foral de",Pérdidas reales,2001,11.754
15,"Navarra, Comunidad Foral de",Pérdidas reales,2000,9.806
15,"Navarra, Comunidad Foral de",Pérdidas aparentes,2022,3.628
15,"Navarra, Comunidad Foral de",Pérdidas aparentes,2020,2.711
15,"Navarra, Comunidad Foral de",Pérdidas aparentes,2018,2.710
15,"Navarra, Comunidad Foral de",Pérdidas aparentes,2016,2.306
15,"Navarra, Comunidad Foral de",Pérdidas aparentes,2014,1.479
15,"Navarra, Comunidad Foral de",Pérdidas aparentes,2013,2.704
15,"Navarra, Comunidad Foral de",Pérdidas aparentes,2012,5.833
15,"Navarra, Comunidad Foral de",Pérdidas aparentes,2011,3.789
15,"Navarra, Comunidad Foral de",Pérdidas aparentes,2010,2.003
15,"Navarra, Comunidad Foral de",Pérdidas aparentes,2009,4.672
15,"Navarra, Comunidad Foral de",Pérdidas aparentes,2008,4.411
15,"Navarra, Comunidad Foral de",Pérdidas aparentes,2007,4.264
15,"Navarra, Comunidad Foral de",Pérdidas aparentes,2006,..
15,"Navarra, Comunidad Foral de",Pérdidas aparentes,2005,..
15,"Navarra, Comunidad Foral de",Pérdidas aparentes,2004,..
15,"Navarra, Comunidad Foral de",Pérdidas aparentes,2003,..
15,"Navarra, Comunidad Foral de",Pérdidas aparentes,2002,..
15,"Navarra, Comunidad Foral de",Pérdidas aparentes,2001,..
15,"Navarra, Comunidad Foral de",Pérdidas aparentes,2000,..
16,País Vasco,Volumen de agua suministrada a la red de abastecimiento público,2022,152.548
16,País Vasco,Volumen de agua suministrada a la red de abastecimiento público,2020,150.256
16,País Vasco,Volumen de agua suministrada a la red de abastecimiento público,2018,154.531
16,País Vasco,Volumen de agua suministrada a la red de abastecimiento público,2016,167.276
16,País Vasco,Volumen de agua suministrada a la red de abastecimiento público,2014,184.827
16,País Vasco,Volumen de agua suministrada a la red de abastecimiento público,2013,192.243
16,País Vasco,Volumen de agua suministrada a la red de abastecimiento público,2012,198.951
16,País Vasco,Volumen de agua suministrada a la red de abastecimiento público,2011,229.222
16,País Vasco,Volumen de agua suministrada a la red de abastecimiento público,2010,235.356
16,País Vasco,Volumen de agua suministrada a la red de abastecimiento público,2009,231.951
16,País Vasco,Volumen de agua suministrada a la red de abastecimiento público,2008,247.885
16,País Vasco,Volumen de agua suministrada a la red de abastecimiento público,2007,238.194
16,País Vasco,Volumen de agua suministrada a la red de abastecimiento público,2006,216.821
16,País Vasco,Volumen de agua suministrada a la red de abastecimiento público,2005,231.532
16,País Vasco,Volumen de agua suministrada a la red de abastecimiento público,2004,235.659
16,País Vasco,Volumen de agua suministrada a la red de abastecimiento público,2003,243.878
16,País Vasco,Volumen de agua suministrada a la red de abastecimiento público,2002,261.094
16,País Vasco,Volumen de agua suministrada a la red de abastecimiento público,2001,273.271
16,País Vasco,Volumen de agua suministrada a la red de abastecimiento público,2000,265.069
16,País Vasco,Volumen total de agua registrada y distribuida por tipo de usuario,2022,113.858
16,País Vasco,Volumen total de agua registrada y distribuida por tipo de usuario,2020,117.282
16,País Vasco,Volumen total de agua registrada y distribuida por tipo de usuario,2018,122.753
16,País Vasco,Volumen total de agua registrada y distribuida por tipo de usuario,2016,136.487
16,País Vasco,Volumen total de agua registrada y distribuida por tipo de usuario,2014,146.602
16,País Vasco,Volumen total de agua registrada y distribuida por tipo de usuario,2013,154.091
16,País Vasco,Volumen total de agua registrada y distribuida por tipo de usuario,2012,154.880
16,País Vasco,Volumen total de agua registrada y distribuida por tipo de usuario,2011,176.180
16,País Vasco,Volumen total de agua registrada y distribuida por tipo de usuario,2010,183.420
16,País Vasco,Volumen total de agua registrada y distribuida por tipo de usuario,2009,187.875
16,País Vasco,Volumen total de agua registrada y distribuida por tipo de usuario,2008,203.974
16,País Vasco,Volumen total de agua registrada y distribuida por tipo de usuario,2007,195.794
16,País Vasco,Volumen total de agua registrada y distribuida por tipo de usuario,2006,189.224
16,País Vasco,Volumen total de agua registrada y distribuida por tipo de usuario,2005,202.899
16,País Vasco,Volumen total de agua registrada y distribuida por tipo de usuario,2004,214.180
16,País Vasco,Volumen total de agua registrada y distribuida por tipo de usuario,2003,213.770
16,País Vasco,Volumen total de agua registrada y distribuida por tipo de usuario,2002,195.723
16,País Vasco,Volumen total de agua registrada y distribuida por tipo de usuario,2001,202.231
16,País Vasco,Volumen total de agua registrada y distribuida por tipo de usuario,2000,187.378
16,País Vasco,Volumen de agua no registrada,2022,38.689
16,País Vasco,Volumen de agua no registrada,2020,32.974
16,País Vasco,Volumen de agua no registrada,2018,31.778
16,País Vasco,Volumen de agua no registrada,2016,30.789
16,País Vasco,Volumen de agua no registrada,2014,38.225
16,País Vasco,Volumen de agua no registrada,2013,38.152
16,País Vasco,Volumen de agua no registrada,2012,44.071
16,País Vasco,Volumen de agua no registrada,2011,53.042
16,País Vasco,Volumen de agua no registrada,2010,51.936
16,País Vasco,Volumen de agua no registrada,2009,44.076
16,País Vasco,Volumen de agua no registrada,2008,43.911
16,País Vasco,Volumen de agua no registrada,2007,42.400
16,País Vasco,Volumen de agua no registrada,2006,..
16,País Vasco,Volumen de agua no registrada,2005,..
16,País Vasco,Volumen de agua no registrada,2004,..
16,País Vasco,Volumen de agua no registrada,2003,..
16,País Vasco,Volumen de agua no registrada,2002,..
16,País Vasco,Volumen de agua no registrada,2001,..
16,País Vasco,Volumen de agua no registrada,2000,..
16,País Vasco,Pérdidas reales,2022,24.104
16,País Vasco,Pérdidas reales,2020,19.802
16,País Vasco,Pérdidas reales,2018,19.819
16,País Vasco,Pérdidas reales,2016,14.070
16,País Vasco,Pérdidas reales,2014,16.475
16,País Vasco,Pérdidas reales,2013,12.552
16,País Vasco,Pérdidas reales,2012,23.798
16,País Vasco,Pérdidas reales,2011,39.251
16,País Vasco,Pérdidas reales,2010,36.965
16,País Vasco,Pérdidas reales,2009,34.380
16,País Vasco,Pérdidas reales,2008,36.007
16,País Vasco,Pérdidas reales,2007,36.037
16,País Vasco,Pérdidas reales,2006,27.597
16,País Vasco,Pérdidas reales,2005,28.633
16,País Vasco,Pérdidas reales,2004,21.479
16,País Vasco,Pérdidas reales,2003,30.108
16,País Vasco,Pérdidas reales,2002,65.371
16,País Vasco,Pérdidas reales,2001,71.040
16,País Vasco,Pérdidas reales,2000,77.691
16,País Vasco,Pérdidas aparentes,2022,14.586
16,País Vasco,Pérdidas aparentes,2020,13.172
16,País Vasco,Pérdidas aparentes,2018,11.959
16,País Vasco,Pérdidas aparentes,2016,16.719
16,País Vasco,Pérdidas aparentes,2014,21.750
16,País Vasco,Pérdidas aparentes,2013,25.600
16,País Vasco,Pérdidas aparentes,2012,20.273
16,País Vasco,Pérdidas aparentes,2011,13.791
16,País Vasco,Pérdidas aparentes,2010,14.971
16,País Vasco,Pérdidas aparentes,2009,9.696
16,País Vasco,Pérdidas aparentes,2008,7.904
16,País Vasco,Pérdidas aparentes,2007,6.363
16,País Vasco,Pérdidas aparentes,2006,..
16,País Vasco,Pérdidas aparentes,2005,..
16,País Vasco,Pérdidas aparentes,2004,..
16,País Vasco,Pérdidas aparentes,2003,..
16,País Vasco,Pérdidas aparentes,2002,..
16,País Vasco,Pérdidas aparentes,2001,..
16,País Vasco,Pérdidas aparentes,2000,..
17,"Rioja, La",Volumen de agua suministrada a la red de abastecimiento público,2022,44.120
17,"Rioja, La",Volumen de agua suministrada a la red de abastecimiento público,2020,41.781
17,"Rioja, La",Volumen de agua suministrada a la red de abastecimiento público,2018,43.933
17,"Rioja, La",Volumen de agua suministrada a la red de abastecimiento público,2016,36.170
17,"Rioja, La",Volumen de agua suministrada a la red de abastecimiento público,2014,34.245
17,"Rioja, La",Volumen de agua suministrada a la red de abastecimiento público,2013,39.022
17,"Rioja, La",Volumen de agua suministrada a la red de abastecimiento público,2012,37.274
17,"Rioja, La",Volumen de agua suministrada a la red de abastecimiento público,2011,38.848
17,"Rioja, La",Volumen de agua suministrada a la red de abastecimiento público,2010,40.179
17,"Rioja, La",Volumen de agua suministrada a la red de abastecimiento público,2009,41.266
17,"Rioja, La",Volumen de agua suministrada a la red de abastecimiento público,2008,48.623
17,"Rioja, La",Volumen de agua suministrada a la red de abastecimiento público,2007,41.452
17,"Rioja, La",Volumen de agua suministrada a la red de abastecimiento público,2006,35.956
17,"Rioja, La",Volumen de agua suministrada a la red de abastecimiento público,2005,34.404
17,"Rioja, La",Volumen de agua suministrada a la red de abastecimiento público,2004,36.164
17,"Rioja, La",Volumen de agua suministrada a la red de abastecimiento público,2003,33.229
17,"Rioja, La",Volumen de agua suministrada a la red de abastecimiento público,2002,46.957
17,"Rioja, La",Volumen de agua suministrada a la red de abastecimiento público,2001,42.163
17,"Rioja, La",Volumen de agua suministrada a la red de abastecimiento público,2000,45.694
17,"Rioja, La",Volumen total de agua registrada y distribuida por tipo de usuario,2022,27.723
17,"Rioja, La",Volumen total de agua registrada y distribuida por tipo de usuario,2020,25.032
17,"Rioja, La",Volumen total de agua registrada y distribuida por tipo de usuario,2018,27.290
17,"Rioja, La",Volumen total de agua registrada y distribuida por tipo de usuario,2016,21.173
17,"Rioja, La",Volumen total de agua registrada y distribuida por tipo de usuario,2014,22.051
17,"Rioja, La",Volumen total de agua registrada y distribuida por tipo de usuario,2013,23.896
17,"Rioja, La",Volumen total de agua registrada y distribuida por tipo de usuario,2012,24.366
17,"Rioja, La",Volumen total de agua registrada y distribuida por tipo de usuario,2011,28.550
17,"Rioja, La",Volumen total de agua registrada y distribuida por tipo de usuario,2010,27.987
17,"Rioja, La",Volumen total de agua registrada y distribuida por tipo de usuario,2009,29.478
17,"Rioja, La",Volumen total de agua registrada y distribuida por tipo de usuario,2008,32.398
17,"Rioja, La",Volumen total de agua registrada y distribuida por tipo de usuario,2007,30.870
17,"Rioja, La",Volumen total de agua registrada y distribuida por tipo de usuario,2006,30.081
17,"Rioja, La",Volumen total de agua registrada y distribuida por tipo de usuario,2005,28.795
17,"Rioja, La",Volumen total de agua registrada y distribuida por tipo de usuario,2004,29.181
17,"Rioja, La",Volumen total de agua registrada y distribuida por tipo de usuario,2003,25.594
17,"Rioja, La",Volumen total de agua registrada y distribuida por tipo de usuario,2002,39.447
17,"Rioja, La",Volumen total de agua registrada y distribuida por tipo de usuario,2001,35.377
17,"Rioja, La",Volumen total de agua registrada y distribuida por tipo de usuario,2000,40.405
17,"Rioja, La",Volumen de agua no registrada,2022,16.397
17,"Rioja, La",Volumen de agua no registrada,2020,16.749
17,"Rioja, La",Volumen de agua no registrada,2018,16.643
17,"Rioja, La",Volumen de agua no registrada,2016,14.997
17,"Rioja, La",Volumen de agua no registrada,2014,12.194
17,"Rioja, La",Volumen de agua no registrada,2013,15.126
17,"Rioja, La",Volumen de agua no registrada,2012,12.908
17,"Rioja, La",Volumen de agua no registrada,2011,10.298
17,"Rioja, La",Volumen de agua no registrada,2010,12.192
17,"Rioja, La",Volumen de agua no registrada,2009,11.788
17,"Rioja, La",Volumen de agua no registrada,2008,16.225
17,"Rioja, La",Volumen de agua no registrada,2007,10.582
17,"Rioja, La",Volumen de agua no registrada,2006,..
17,"Rioja, La",Volumen de agua no registrada,2005,..
17,"Rioja, La",Volumen de agua no registrada,2004,..
17,"Rioja, La",Volumen de agua no registrada,2003,..
17,"Rioja, La",Volumen de agua no registrada,2002,..
17,"Rioja, La",Volumen de agua no registrada,2001,..
17,"Rioja, La",Volumen de agua no registrada,2000,..
17,"Rioja, La",Pérdidas reales,2022,7.990
17,"Rioja, La",Pérdidas reales,2020,8.978
17,"Rioja, La",Pérdidas reales,2018,7.345
17,"Rioja, La",Pérdidas reales,2016,6.574
17,"Rioja, La",Pérdidas reales,2014,4.798
17,"Rioja, La",Pérdidas reales,2013,6.332
17,"Rioja, La",Pérdidas reales,2012,6.481
17,"Rioja, La",Pérdidas reales,2011,8.277
17,"Rioja, La",Pérdidas reales,2010,7.681
17,"Rioja, La",Pérdidas reales,2009,7.426
17,"Rioja, La",Pérdidas reales,2008,10.708
17,"Rioja, La",Pérdidas reales,2007,6.772
17,"Rioja, La",Pérdidas reales,2006,5.875
17,"Rioja, La",Pérdidas reales,2005,5.609
17,"Rioja, La",Pérdidas reales,2004,6.983
17,"Rioja, La",Pérdidas reales,2003,7.635
17,"Rioja, La",Pérdidas reales,2002,7.510
17,"Rioja, La",Pérdidas reales,2001,6.786
17,"Rioja, La",Pérdidas reales,2000,5.289
17,"Rioja, La",Pérdidas aparentes,2022,8.408
17,"Rioja, La",Pérdidas aparentes,2020,7.771
17,"Rioja, La",Pérdidas aparentes,2018,9.298
17,"Rioja, La",Pérdidas aparentes,2016,8.423
17,"Rioja, La",Pérdidas aparentes,2014,7.396
17,"Rioja, La",Pérdidas aparentes,2013,8.794
17,"Rioja, La",Pérdidas aparentes,2012,6.427
17,"Rioja, La",Pérdidas aparentes,2011,2.021
17,"Rioja, La",Pérdidas aparentes,2010,4.511
17,"Rioja, La",Pérdidas aparentes,2009,4.362
17,"Rioja, La",Pérdidas aparentes,2008,5.517
17,"Rioja, La",Pérdidas aparentes,2007,3.810
17,"Rioja, La",Pérdidas aparentes,2006,..
17,"Rioja, La",Pérdidas aparentes,2005,..
17,"Rioja, La",Pérdidas aparentes,2004,..
17,"Rioja, La",Pérdidas aparentes,2003,..
17,"Rioja, La",Pérdidas aparentes,2002,..
17,"Rioja, La",Pérdidas aparentes,2001,..
17,"Rioja, La",Pérdidas aparentes,2000,..
18,Ceuta y Melilla,Volumen de agua suministrada a la red de abastecimiento público,2022,20.992
18,Ceuta y Melilla,Volumen de agua suministrada a la red de abastecimiento público,2020,19.708
18,Ceuta y Melilla,Volumen de agua suministrada a la red de abastecimiento público,2018,19.643
18,Ceuta y Melilla,Volumen de agua suministrada a la red de abastecimiento público,2016,20.400
18,Ceuta y Melilla,Volumen de agua suministrada a la red de abastecimiento público,2014,20.068
18,Ceuta y Melilla,Volumen de agua suministrada a la red de abastecimiento público,2013,19.977
18,Ceuta y Melilla,Volumen de agua suministrada a la red de abastecimiento público,2012,21.425
18,Ceuta y Melilla,Volumen de agua suministrada a la red de abastecimiento público,2011,18.681
18,Ceuta y Melilla,Volumen de agua suministrada a la red de abastecimiento público,2010,20.432
18,Ceuta y Melilla,Volumen de agua suministrada a la red de abastecimiento público,2009,20.189
18,Ceuta y Melilla,Volumen de agua suministrada a la red de abastecimiento público,2008,22.220
18,Ceuta y Melilla,Volumen de agua suministrada a la red de abastecimiento público,2007,19.807
18,Ceuta y Melilla,Volumen de agua suministrada a la red de abastecimiento público,2006,14.995
18,Ceuta y Melilla,Volumen de agua suministrada a la red de abastecimiento público,2005,16.536
18,Ceuta y Melilla,Volumen de agua suministrada a la red de abastecimiento público,2004,10.144
18,Ceuta y Melilla,Volumen de agua suministrada a la red de abastecimiento público,2003,14.218
18,Ceuta y Melilla,Volumen de agua suministrada a la red de abastecimiento público,2002,12.881
18,Ceuta y Melilla,Volumen de agua suministrada a la red de abastecimiento público,2001,16.805
18,Ceuta y Melilla,Volumen de agua suministrada a la red de abastecimiento público,2000,14.613
18,Ceuta y Melilla,Volumen total de agua registrada y distribuida por tipo de usuario,2022,10.213
18,Ceuta y Melilla,Volumen total de agua registrada y distribuida por tipo de usuario,2020,10.651
18,Ceuta y Melilla,Volumen total de agua registrada y distribuida por tipo de usuario,2018,10.336
18,Ceuta y Melilla,Volumen total de agua registrada y distribuida por tipo de usuario,2016,8.642
18,Ceuta y Melilla,Volumen total de agua registrada y distribuida por tipo de usuario,2014,8.751
18,Ceuta y Melilla,Volumen total de agua registrada y distribuida por tipo de usuario,2013,8.770
18,Ceuta y Melilla,Volumen total de agua registrada y distribuida por tipo de usuario,2012,8.897
18,Ceuta y Melilla,Volumen total de agua registrada y distribuida por tipo de usuario,2011,13.117
18,Ceuta y Melilla,Volumen total de agua registrada y distribuida por tipo de usuario,2010,12.297
18,Ceuta y Melilla,Volumen total de agua registrada y distribuida por tipo de usuario,2009,9.287
18,Ceuta y Melilla,Volumen total de agua registrada y distribuida por tipo de usuario,2008,9.365
18,Ceuta y Melilla,Volumen total de agua registrada y distribuida por tipo de usuario,2007,9.271
18,Ceuta y Melilla,Volumen total de agua registrada y distribuida por tipo de usuario,2006,9.860
18,Ceuta y Melilla,Volumen total de agua registrada y distribuida por tipo de usuario,2005,9.722
18,Ceuta y Melilla,Volumen total de agua registrada y distribuida por tipo de usuario,2004,9.597
18,Ceuta y Melilla,Volumen total de agua registrada y distribuida por tipo de usuario,2003,9.655
18,Ceuta y Melilla,Volumen total de agua registrada y distribuida por tipo de usuario,2002,9.512
18,Ceuta y Melilla,Volumen total de agua registrada y distribuida por tipo de usuario,2001,9.631
18,Ceuta y Melilla,Volumen total de agua registrada y distribuida por tipo de usuario,2000,9.744
18,Ceuta y Melilla,Volumen de agua no registrada,2022,10.779
18,Ceuta y Melilla,Volumen de agua no registrada,2020,9.057
18,Ceuta y Melilla,Volumen de agua no registrada,2018,9.307
18,Ceuta y Melilla,Volumen de agua no registrada,2016,11.758
18,Ceuta y Melilla,Volumen de agua no registrada,2014,11.317
18,Ceuta y Melilla,Volumen de agua no registrada,2013,11.207
18,Ceuta y Melilla,Volumen de agua no registrada,2012,12.528
18,Ceuta y Melilla,Volumen de agua no registrada,2011,5.564
18,Ceuta y Melilla,Volumen de agua no registrada,2010,8.135
18,Ceuta y Melilla,Volumen de agua no registrada,2009,10.902
18,Ceuta y Melilla,Volumen de agua no registrada,2008,12.855
18,Ceuta y Melilla,Volumen de agua no registrada,2007,10.536
18,Ceuta y Melilla,Volumen de agua no registrada,2006,..
18,Ceuta y Melilla,Volumen de agua no registrada,2005,..
18,Ceuta y Melilla,Volumen de agua no registrada,2004,..
18,Ceuta y Melilla,Volumen de agua no registrada,2003,..
18,Ceuta y Melilla,Volumen de agua no registrada,2002,..
18,Ceuta y Melilla,Volumen de agua no registrada,2001,..
18,Ceuta y Melilla,Volumen de agua no registrada,2000,..
18,Ceuta y Melilla,Pérdidas reales,2022,4.056
18,Ceuta y Melilla,Pérdidas reales,2020,4.935
18,Ceuta y Melilla,Pérdidas reales,2018,5.335
18,Ceuta y Melilla,Pérdidas reales,2016,6.130
18,Ceuta y Melilla,Pérdidas reales,2014,5.862
18,Ceuta y Melilla,Pérdidas reales,2013,5.772
18,Ceuta y Melilla,Pérdidas reales,2012,5.691
18,Ceuta y Melilla,Pérdidas reales,2011,2.864
18,Ceuta y Melilla,Pérdidas reales,2010,6.833
18,Ceuta y Melilla,Pérdidas reales,2009,7.086
18,Ceuta y Melilla,Pérdidas reales,2008,10.669
18,Ceuta y Melilla,Pérdidas reales,2007,6.743
18,Ceuta y Melilla,Pérdidas reales,2006,5.135
18,Ceuta y Melilla,Pérdidas reales,2005,6.814
18,Ceuta y Melilla,Pérdidas reales,2004,547
18,Ceuta y Melilla,Pérdidas reales,2003,4.563
18,Ceuta y Melilla,Pérdidas reales,2002,3.369
18,Ceuta y Melilla,Pérdidas reales,2001,7.174
18,Ceuta y Melilla,Pérdidas reales,2000,4.869
18,Ceuta y Melilla,Pérdidas aparentes,2022,6.724
18,Ceuta y Melilla,Pérdidas aparentes,2020,4.122
18,Ceuta y Melilla,Pérdidas aparentes,2018,3.972
18,Ceuta y Melilla,Pérdidas aparentes,2016,5.628
18,Ceuta y Melilla,Pérdidas aparentes,2014,5.455
18,Ceuta y Melilla,Pérdidas aparentes,2013,5.435
18,Ceuta y Melilla,Pérdidas aparentes,2012,6.837
18,Ceuta y Melilla,Pérdidas aparentes,2011,2.700
18,Ceuta y Melilla,Pérdidas aparentes,2010,1.302
18,Ceuta y Melilla,Pérdidas aparentes,2009,3.816
18,Ceuta y Melilla,Pérdidas aparentes,2008,2.186
18,Ceuta y Melilla,Pérdidas aparentes,2007,3.793
18,Ceuta y Melilla,Pérdidas aparentes,2006,..
18,Ceuta y Melilla,Pérdidas aparentes,2005,..
18,Ceuta y Melilla,Pérdidas aparentes,2004,..
18,Ceuta y Melilla,Pérdidas aparentes,2003,..
18,Ceuta y Melilla,Pérdidas aparentes,2002,..
18,Ceuta y Melilla,Pérdidas aparentes,2001,..
18,Ceuta y Melilla,Pérdidas aparentes,2000,..
